"metric_id","location_id","timestamp","people_count","dwell_time_avg","vehicle_count","congestion_level","data_quality_flag","created_at"
1,1,2024-09-01 09:00:00.000 +0300,42,6.5,18,medium,0,2026-01-19 16:03:52.576 +0200
2,1,2024-09-01 09:05:00.000 +0300,47,6.8,21,medium,0,2026-01-19 16:03:52.576 +0200
3,1,2024-09-01 09:10:00.000 +0300,51,7.2,23,high,0,2026-01-19 16:03:52.576 +0200
4,1,2024-09-01 09:15:00.000 +0300,49,7.0,22,high,0,2026-01-19 16:03:52.576 +0200
5,1,2024-09-01 09:20:00.000 +0300,46,6.6,20,medium,0,2026-01-19 16:03:52.576 +0200
6,1,2024-09-01 09:00:00.000 +0300,31,5.1,14,medium,0,2026-01-19 16:03:52.576 +0200
7,1,2024-09-01 09:05:00.000 +0300,34,5.3,16,medium,0,2026-01-19 16:03:52.576 +0200
8,1,2024-09-01 09:10:00.000 +0300,38,5.7,17,high,0,2026-01-19 16:03:52.576 +0200
9,1,2024-09-01 09:15:00.000 +0300,36,5.6,16,medium,0,2026-01-19 16:03:52.576 +0200
10,1,2024-09-01 09:15:00.000 +0300,36,5.6,16,medium,1,2026-01-19 16:03:52.576 +0200
11,1,2024-09-01 10:00:00.000 +0300,78,8.4,31,high,0,2026-01-19 16:03:52.576 +0200
12,1,2024-09-01 10:05:00.000 +0300,82,8.7,34,high,0,2026-01-19 16:03:52.576 +0200
13,1,2024-09-01 10:10:00.000 +0300,80,8.5,33,high,0,2026-01-19 16:03:52.576 +0200
14,1,2024-09-01 10:15:00.000 +0300,76,8.2,30,medium,0,2026-01-19 16:03:52.576 +0200
15,1,2024-09-01 11:00:00.000 +0300,55,9.6,19,medium,0,2026-01-19 16:03:52.576 +0200
16,1,2024-09-01 11:05:00.000 +0300,59,9.9,20,medium,0,2026-01-19 16:03:52.576 +0200
17,2,2024-09-01 11:10:00.000 +0300,63,10.2,21,high,0,2026-01-19 16:03:52.576 +0200
18,2,2024-09-01 12:00:00.000 +0300,91,11.4,37,high,0,2026-01-19 16:03:52.576 +0200
19,2,2024-09-01 12:05:00.000 +0300,96,11.8,39,high,0,2026-01-19 16:03:52.576 +0200
20,2,2024-09-01 12:10:00.000 +0300,94,11.6,38,high,0,2026-01-19 16:03:52.576 +0200
21,2,2024-09-01 12:15:00.000 +0300,,0.0,0,low,1,2026-01-19 16:03:52.576 +0200
22,2,2024-09-01 08:30:00.000 +0300,22,3.1,41,medium,0,2026-01-19 16:03:52.576 +0200
23,2,2024-09-01 08:35:00.000 +0300,25,3.3,44,medium,0,2026-01-19 16:03:52.576 +0200
24,2,2024-09-01 08:40:00.000 +0300,29,3.7,46,high,0,2026-01-19 16:03:52.576 +0200
25,2,2024-09-01 10:20:00.000 +0300,74,8.1,29,medium,0,2026-01-19 16:03:52.576 +0200
26,2,2024-09-01 10:25:00.000 +0300,77,8.3,31,medium,0,2026-01-19 16:03:52.576 +0200
27,2,2024-09-01 10:30:00.000 +0300,83,8.9,35,high,0,2026-01-19 16:03:52.576 +0200
28,2,2024-09-01 10:35:00.000 +0300,86,9.1,37,high,0,2026-01-19 16:03:52.576 +0200
29,2,2024-09-01 10:40:00.000 +0300,81,8.7,34,high,0,2026-01-19 16:03:52.576 +0200
30,2,2024-09-01 13:00:00.000 +0300,61,10.4,22,medium,0,2026-01-19 16:03:52.576 +0200
31,2,2024-09-01 13:05:00.000 +0300,65,10.8,24,medium,0,2026-01-19 16:03:52.576 +0200
32,2,2024-09-01 13:10:00.000 +0300,69,11.2,26,high,0,2026-01-19 16:03:52.576 +0200
33,3,2024-09-01 13:15:00.000 +0300,67,11.0,25,high,0,2026-01-19 16:03:52.576 +0200
34,3,2024-09-01 14:00:00.000 +0300,92,7.6,41,high,0,2026-01-19 16:03:52.576 +0200
35,3,2024-09-01 14:05:00.000 +0300,98,7.9,44,high,0,2026-01-19 16:03:52.576 +0200
36,3,2024-09-01 14:10:00.000 +0300,104,8.2,46,high,0,2026-01-19 16:03:52.576 +0200
37,3,2024-09-01 14:15:00.000 +0300,99,8.0,45,high,0,2026-01-19 16:03:52.576 +0200
38,3,2024-09-01 16:00:00.000 +0300,58,6.1,33,medium,0,2026-01-19 16:03:52.576 +0200
39,3,2024-09-01 16:05:00.000 +0300,61,6.3,35,medium,0,2026-01-19 16:03:52.576 +0200
40,3,2024-09-01 16:10:00.000 +0300,66,6.6,38,high,0,2026-01-19 16:03:52.576 +0200
41,3,2024-09-01 17:30:00.000 +0300,71,4.2,58,high,0,2026-01-19 16:03:52.576 +0200
42,3,2024-09-01 17:35:00.000 +0300,74,4.5,62,high,0,2026-01-19 16:03:52.576 +0200
43,3,2024-09-01 17:40:00.000 +0300,69,4.1,60,medium,0,2026-01-19 16:03:52.576 +0200
44,3,2024-09-01 19:00:00.000 +0300,102,12.1,42,high,0,2026-01-19 16:03:52.576 +0200
45,3,2024-09-01 19:05:00.000 +0300,108,12.6,45,high,0,2026-01-19 16:03:52.576 +0200
46,3,2024-09-01 19:10:00.000 +0300,111,12.9,47,high,0,2026-01-19 16:03:52.576 +0200
47,3,2024-09-01 19:15:00.000 +0300,109,12.8,46,medium,1,2026-01-19 16:03:52.576 +0200
48,3,2024-09-02 00:30:00.000 +0300,18,5.4,9,low,0,2026-01-19 16:03:52.576 +0200
49,4,2024-09-02 00:35:00.000 +0300,16,5.1,8,low,0,2026-01-19 16:03:52.576 +0200
50,4,2024-09-02 00:40:00.000 +0300,,0.0,0,low,1,2026-01-19 16:03:52.576 +0200
51,4,2024-09-03 11:10:00.000 +0300,79,8.6,32,high,0,2026-01-19 16:03:52.576 +0200
52,4,2024-09-04 12:45:00.000 +0300,84,9.0,36,high,0,2026-01-19 16:03:52.576 +0200
53,4,2024-09-06 18:20:00.000 +0300,91,9.8,39,high,0,2026-01-19 16:03:52.576 +0200
54,4,2024-09-05 15:30:00.000 +0300,88,7.3,40,high,0,2026-01-19 16:03:52.576 +0200
55,4,2024-09-06 20:10:00.000 +0300,73,6.9,37,high,0,2026-01-19 16:03:52.576 +0200
56,4,2024-09-07 08:50:00.000 +0300,33,3.8,48,medium,0,2026-01-19 16:03:52.576 +0200
57,4,2024-09-02 08:00:00.000 +0300,28,5.9,14,low,0,2026-01-19 16:03:52.576 +0200
58,4,2024-09-02 08:05:00.000 +0300,31,6.1,16,medium,0,2026-01-19 16:03:52.576 +0200
59,4,2024-09-02 08:10:00.000 +0300,35,6.4,18,medium,0,2026-01-19 16:03:52.576 +0200
60,4,2024-09-02 08:15:00.000 +0300,39,6.8,19,medium,0,2026-01-19 16:03:52.576 +0200
61,4,2024-09-02 09:30:00.000 +0300,88,9.0,36,high,0,2026-01-19 16:03:52.576 +0200
62,4,2024-09-02 09:35:00.000 +0300,92,9.4,39,high,0,2026-01-19 16:03:52.576 +0200
63,4,2024-09-02 09:40:00.000 +0300,95,9.7,41,high,0,2026-01-19 16:03:52.576 +0200
64,4,2024-09-02 09:45:00.000 +0300,90,9.2,38,high,0,2026-01-19 16:03:52.576 +0200
65,5,2024-09-02 08:45:00.000 +0300,46,8.9,27,medium,0,2026-01-19 16:03:52.576 +0200
66,5,2024-09-02 08:50:00.000 +0300,51,9.3,29,medium,0,2026-01-19 16:03:52.576 +0200
67,5,2024-09-02 08:55:00.000 +0300,56,9.7,31,high,0,2026-01-19 16:03:52.576 +0200
68,5,2024-09-02 10:00:00.000 +0300,63,6.7,34,medium,0,2026-01-19 16:03:52.576 +0200
69,5,2024-09-02 10:05:00.000 +0300,68,7.0,37,high,0,2026-01-19 16:03:52.576 +0200
70,5,2024-09-02 10:10:00.000 +0300,72,7.4,40,high,0,2026-01-19 16:03:52.576 +0200
71,5,2024-09-02 07:50:00.000 +0300,41,3.6,52,medium,0,2026-01-19 16:03:52.576 +0200
72,5,2024-09-02 07:55:00.000 +0300,45,3.9,56,medium,0,2026-01-19 16:03:52.576 +0200
73,5,2024-09-02 08:00:00.000 +0300,48,4.2,59,high,0,2026-01-19 16:03:52.576 +0200
74,5,2024-09-02 11:00:00.000 +0300,74,11.1,29,medium,0,2026-01-19 16:03:52.576 +0200
75,5,2024-09-02 11:05:00.000 +0300,79,11.6,31,medium,0,2026-01-19 16:03:52.576 +0200
76,5,2024-09-02 11:10:00.000 +0300,83,12.0,33,high,0,2026-01-19 16:03:52.576 +0200
77,5,2024-09-02 11:10:00.000 +0300,83,12.0,33,high,1,2026-01-19 16:03:52.576 +0200
78,5,2024-09-02 14:20:00.000 +0300,107,8.3,47,high,0,2026-01-19 16:03:52.576 +0200
79,5,2024-09-02 14:25:00.000 +0300,112,8.6,49,high,0,2026-01-19 16:03:52.576 +0200
80,5,2024-09-02 14:30:00.000 +0300,118,9.0,52,high,0,2026-01-19 16:03:52.576 +0200
81,6,2024-09-02 16:00:00.000 +0300,48,9.8,18,medium,0,2026-01-19 16:03:52.576 +0200
82,6,2024-09-02 16:05:00.000 +0300,45,9.5,17,medium,0,2026-01-19 16:03:52.576 +0200
83,6,2024-09-02 19:30:00.000 +0300,81,7.6,44,high,0,2026-01-19 16:03:52.576 +0200
84,6,2024-09-02 19:35:00.000 +0300,85,7.9,47,high,0,2026-01-19 16:03:52.576 +0200
85,6,2024-09-02 19:40:00.000 +0300,89,8.2,49,high,0,2026-01-19 16:03:52.576 +0200
86,6,2024-09-02 18:10:00.000 +0300,77,4.6,64,high,0,2026-01-19 16:03:52.576 +0200
87,6,2024-09-02 18:15:00.000 +0300,73,4.4,61,medium,0,2026-01-19 16:03:52.576 +0200
88,6,2024-09-02 18:20:00.000 +0300,70,,60,medium,1,2026-01-19 16:03:52.576 +0200
89,6,2024-09-02 20:00:00.000 +0300,119,13.2,51,high,0,2026-01-19 16:03:52.576 +0200
90,6,2024-09-02 20:05:00.000 +0300,124,13.6,54,high,0,2026-01-19 16:03:52.576 +0200
91,6,2024-09-02 20:10:00.000 +0300,128,14.0,57,high,0,2026-01-19 16:03:52.576 +0200
92,6,2024-09-03 00:10:00.000 +0300,26,5.7,12,low,0,2026-01-19 16:03:52.576 +0200
93,6,2024-09-03 00:15:00.000 +0300,24,5.5,11,low,0,2026-01-19 16:03:52.576 +0200
94,6,2024-09-03 00:20:00.000 +0300,21,5.2,10,low,0,2026-01-19 16:03:52.576 +0200
95,6,2024-09-05 10:40:00.000 +0300,93,9.5,40,high,0,2026-01-19 16:03:52.576 +0200
96,6,2024-09-06 17:10:00.000 +0300,57,10.1,23,medium,0,2026-01-19 16:03:52.576 +0200
97,7,2024-09-07 13:30:00.000 +0300,76,7.1,38,high,0,2026-01-19 16:03:52.576 +0200
98,7,2024-09-07 07:40:00.000 +0300,39,3.5,50,medium,0,2026-01-19 16:03:52.576 +0200
99,7,2024-09-07 21:15:00.000 +0300,133,14.5,59,high,0,2026-01-19 16:03:52.576 +0200
100,7,2024-09-03 08:20:00.000 +0300,36,6.2,17,medium,0,2026-01-19 16:03:52.576 +0200
101,7,2024-09-03 08:25:00.000 +0300,40,6.5,19,medium,0,2026-01-19 16:03:52.576 +0200
102,7,2024-09-03 08:30:00.000 +0300,45,6.9,21,medium,0,2026-01-19 16:03:52.576 +0200
103,7,2024-09-03 08:35:00.000 +0300,49,7.2,23,high,0,2026-01-19 16:03:52.576 +0200
104,7,2024-09-03 10:10:00.000 +0300,96,9.8,42,high,0,2026-01-19 16:03:52.576 +0200
105,7,2024-09-03 10:15:00.000 +0300,101,10.2,45,high,0,2026-01-19 16:03:52.576 +0200
106,7,2024-09-03 10:20:00.000 +0300,104,10.5,47,high,0,2026-01-19 16:03:52.576 +0200
107,7,2024-09-03 13:20:00.000 +0300,66,11.3,26,high,0,2026-01-19 16:03:52.576 +0200
108,7,2024-09-03 13:25:00.000 +0300,69,11.7,27,high,0,2026-01-19 16:03:52.576 +0200
109,7,2024-09-03 13:30:00.000 +0300,72,12.0,28,high,0,2026-01-19 16:03:52.576 +0200
110,7,2024-09-03 15:40:00.000 +0300,79,7.5,42,high,0,2026-01-19 16:03:52.576 +0200
111,7,2024-09-03 15:45:00.000 +0300,83,7.9,45,high,0,2026-01-19 16:03:52.576 +0200
112,7,2024-09-03 15:50:00.000 +0300,87,8.3,48,high,0,2026-01-19 16:03:52.576 +0200
113,8,2024-09-03 13:10:00.000 +0300,58,4.0,55,medium,0,2026-01-19 16:03:52.576 +0200
114,8,2024-09-03 13:15:00.000 +0300,61,4.3,58,medium,0,2026-01-19 16:03:52.576 +0200
115,8,2024-09-03 13:20:00.000 +0300,64,4.6,60,high,0,2026-01-19 16:03:52.576 +0200
116,8,2024-09-03 17:00:00.000 +0300,112,13.8,48,high,0,2026-01-19 16:03:52.576 +0200
117,8,2024-09-03 17:05:00.000 +0300,117,14.1,50,high,0,2026-01-19 16:03:52.576 +0200
118,8,2024-09-03 17:10:00.000 +0300,121,14.5,53,high,0,2026-01-19 16:03:52.576 +0200
119,8,2024-09-03 17:15:00.000 +0300,119,14.3,52,medium,1,2026-01-19 16:03:52.576 +0200
120,8,2024-09-03 14:40:00.000 +0300,121,9.1,54,high,0,2026-01-19 16:03:52.576 +0200
121,8,2024-09-03 14:45:00.000 +0300,126,9.4,56,high,0,2026-01-19 16:03:52.576 +0200
122,8,2024-09-03 14:50:00.000 +0300,129,9.6,58,high,0,2026-01-19 16:03:52.576 +0200
123,8,2024-09-03 16:40:00.000 +0300,52,10.0,20,medium,0,2026-01-19 16:03:52.576 +0200
124,8,2024-09-03 16:45:00.000 +0300,49,9.7,19,medium,0,2026-01-19 16:03:52.576 +0200
125,8,2024-09-03 19:50:00.000 +0300,91,8.7,51,high,0,2026-01-19 16:03:52.576 +0200
126,8,2024-09-03 19:55:00.000 +0300,96,9.0,54,high,0,2026-01-19 16:03:52.576 +0200
127,8,2024-09-03 18:30:00.000 +0300,82,4.9,67,high,0,2026-01-19 16:03:52.576 +0200
128,8,2024-09-03 18:35:00.000 +0300,79,4.6,65,medium,0,2026-01-19 16:03:52.576 +0200
129,9,2024-09-03 18:40:00.000 +0300,,4.5,64,medium,1,2026-01-19 16:03:52.576 +0200
130,9,2024-09-03 22:10:00.000 +0300,136,15.0,62,high,0,2026-01-19 16:03:52.576 +0200
131,9,2024-09-03 22:15:00.000 +0300,140,15.3,65,high,0,2026-01-19 16:03:52.576 +0200
132,9,2024-09-04 00:40:00.000 +0300,19,5.1,9,low,0,2026-01-19 16:03:52.576 +0200
133,9,2024-09-04 00:45:00.000 +0300,17,4.9,8,low,0,2026-01-19 16:03:52.576 +0200
134,9,2024-09-06 11:20:00.000 +0300,99,10.1,43,high,0,2026-01-19 16:03:52.576 +0200
135,9,2024-09-07 15:00:00.000 +0300,61,10.6,24,medium,0,2026-01-19 16:03:52.576 +0200
136,9,2024-09-07 20:20:00.000 +0300,88,8.1,46,high,0,2026-01-19 16:03:52.576 +0200
137,9,2024-09-06 23:30:00.000 +0300,129,14.8,60,high,0,2026-01-19 16:03:52.576 +0200
138,9,2024-09-04 07:30:00.000 +0300,33,6.0,15,low,0,2026-01-19 16:03:52.576 +0200
139,9,2024-09-04 07:35:00.000 +0300,37,6.3,17,medium,0,2026-01-19 16:03:52.576 +0200
140,9,2024-09-04 07:40:00.000 +0300,41,6.7,19,medium,0,2026-01-19 16:03:52.576 +0200
141,9,2024-09-04 07:45:00.000 +0300,46,7.1,21,medium,0,2026-01-19 16:03:52.576 +0200
142,9,2024-09-04 09:20:00.000 +0300,97,9.9,44,high,0,2026-01-19 16:03:52.576 +0200
143,9,2024-09-04 09:25:00.000 +0300,101,10.3,46,high,0,2026-01-19 16:03:52.576 +0200
144,9,2024-09-04 09:30:00.000 +0300,105,10.7,49,high,0,2026-01-19 16:03:52.576 +0200
145,10,2024-09-04 09:35:00.000 +0300,108,11.0,51,high,0,2026-01-19 16:03:52.576 +0200
146,10,2024-09-04 08:40:00.000 +0300,52,9.6,28,medium,0,2026-01-19 16:03:52.576 +0200
147,10,2024-09-04 08:45:00.000 +0300,57,10.0,30,medium,0,2026-01-19 16:03:52.576 +0200
148,10,2024-09-04 08:50:00.000 +0300,61,10.4,32,high,0,2026-01-19 16:03:52.576 +0200
149,10,2024-09-04 11:10:00.000 +0300,74,7.2,39,medium,0,2026-01-19 16:03:52.576 +0200
150,10,2024-09-04 11:15:00.000 +0300,78,7.6,42,high,0,2026-01-19 16:03:52.576 +0200
151,10,2024-09-04 11:20:00.000 +0300,83,8.0,45,high,0,2026-01-19 16:03:52.576 +0200
152,10,2024-09-04 12:30:00.000 +0300,59,4.2,57,medium,0,2026-01-19 16:03:52.576 +0200
153,10,2024-09-04 12:35:00.000 +0300,62,4.5,59,medium,0,2026-01-19 16:03:52.576 +0200
154,10,2024-09-04 12:40:00.000 +0300,65,4.8,61,high,0,2026-01-19 16:03:52.576 +0200
155,10,2024-09-04 14:00:00.000 +0300,106,13.4,46,high,0,2026-01-19 16:03:52.576 +0200
156,10,2024-09-04 14:05:00.000 +0300,110,13.8,48,high,0,2026-01-19 16:03:52.576 +0200
157,10,2024-09-04 14:10:00.000 +0300,114,14.1,50,high,0,2026-01-19 16:03:52.576 +0200
158,10,2024-09-04 14:10:00.000 +0300,114,14.1,50,high,1,2026-01-19 16:03:52.576 +0200
159,10,2024-09-04 14:10:00.000 +0300,123,9.0,55,high,0,2026-01-19 16:03:52.576 +0200
160,10,2024-09-04 14:15:00.000 +0300,127,9.3,57,high,0,2026-01-19 16:03:52.576 +0200
161,11,2024-09-04 14:20:00.000 +0300,131,9.6,59,high,0,2026-01-19 16:03:52.576 +0200
162,11,2024-09-04 17:00:00.000 +0300,50,9.9,19,medium,0,2026-01-19 16:03:52.576 +0200
163,11,2024-09-04 17:05:00.000 +0300,47,9.6,18,medium,0,2026-01-19 16:03:52.576 +0200
164,11,2024-09-04 20:00:00.000 +0300,93,8.8,52,high,0,2026-01-19 16:03:52.576 +0200
165,11,2024-09-04 20:05:00.000 +0300,98,9.1,55,high,0,2026-01-19 16:03:52.576 +0200
166,11,2024-09-04 18:50:00.000 +0300,84,5.0,68,high,0,2026-01-19 16:03:52.576 +0200
167,11,2024-09-04 18:55:00.000 +0300,80,4.7,66,medium,0,2026-01-19 16:03:52.576 +0200
168,11,2024-09-04 19:00:00.000 +0300,78,4.6,,medium,1,2026-01-19 16:03:52.576 +0200
169,11,2024-09-04 22:20:00.000 +0300,138,15.2,63,high,0,2026-01-19 16:03:52.576 +0200
170,11,2024-09-04 22:25:00.000 +0300,142,15.6,66,high,0,2026-01-19 16:03:52.576 +0200
171,11,2024-09-05 00:50:00.000 +0300,18,5.0,9,low,0,2026-01-19 16:03:52.576 +0200
172,11,2024-09-05 00:55:00.000 +0300,16,4.8,8,low,0,2026-01-19 16:03:52.576 +0200
173,11,2024-09-06 10:55:00.000 +0300,102,10.4,45,high,0,2026-01-19 16:03:52.576 +0200
174,11,2024-09-07 14:40:00.000 +0300,64,10.9,25,medium,0,2026-01-19 16:03:52.576 +0200
175,11,2024-09-07 21:10:00.000 +0300,90,8.4,48,high,0,2026-01-19 16:03:52.576 +0200
176,11,2024-09-06 23:50:00.000 +0300,131,15.0,61,high,0,2026-01-19 16:03:52.576 +0200
177,12,2024-09-05 06:50:00.000 +0300,21,5.6,11,low,0,2026-01-19 16:03:52.576 +0200
178,12,2024-09-05 06:55:00.000 +0300,24,5.8,12,low,0,2026-01-19 16:03:52.576 +0200
179,12,2024-09-05 07:00:00.000 +0300,27,6.0,14,medium,0,2026-01-19 16:03:52.576 +0200
180,12,2024-09-05 09:10:00.000 +0300,98,10.1,45,high,0,2026-01-19 16:03:52.576 +0200
181,12,2024-09-05 09:15:00.000 +0300,103,10.5,48,high,0,2026-01-19 16:03:52.576 +0200
182,12,2024-09-05 09:20:00.000 +0300,107,10.8,50,high,0,2026-01-19 16:03:52.576 +0200
183,12,2024-09-05 09:00:00.000 +0300,58,10.2,31,medium,0,2026-01-19 16:03:52.576 +0200
184,12,2024-09-05 09:05:00.000 +0300,62,10.6,33,medium,0,2026-01-19 16:03:52.576 +0200
185,12,2024-09-05 09:10:00.000 +0300,66,11.0,35,high,0,2026-01-19 16:03:52.576 +0200
186,12,2024-09-05 12:20:00.000 +0300,86,8.4,46,high,0,2026-01-19 16:03:52.576 +0200
187,12,2024-09-05 12:25:00.000 +0300,90,8.8,49,high,0,2026-01-19 16:03:52.576 +0200
188,12,2024-09-05 12:30:00.000 +0300,94,9.1,51,high,0,2026-01-19 16:03:52.576 +0200
189,12,2024-09-05 13:30:00.000 +0300,66,4.9,63,medium,0,2026-01-19 16:03:52.576 +0200
190,12,2024-09-05 13:35:00.000 +0300,69,5.2,66,medium,0,2026-01-19 16:03:52.576 +0200
191,12,2024-09-05 13:40:00.000 +0300,72,5.5,68,high,0,2026-01-19 16:03:52.576 +0200
192,12,2024-09-05 16:10:00.000 +0300,118,14.3,52,high,0,2026-01-19 16:03:52.576 +0200
193,13,2024-09-05 16:15:00.000 +0300,122,14.7,55,high,0,2026-01-19 16:03:52.576 +0200
194,13,2024-09-05 16:20:00.000 +0300,125,15.0,57,high,0,2026-01-19 16:03:52.576 +0200
195,13,2024-09-05 16:20:00.000 +0300,125,15.0,57,high,1,2026-01-19 16:03:52.576 +0200
196,13,2024-09-05 14:00:00.000 +0300,134,9.9,61,high,0,2026-01-19 16:03:52.576 +0200
197,13,2024-09-05 14:05:00.000 +0300,139,10.2,63,high,0,2026-01-19 16:03:52.576 +0200
198,13,2024-09-05 14:10:00.000 +0300,142,10.5,65,high,0,2026-01-19 16:03:52.576 +0200
199,13,2024-09-05 17:20:00.000 +0300,49,9.7,19,medium,0,2026-01-19 16:03:52.576 +0200
200,13,2024-09-05 17:25:00.000 +0300,46,9.4,18,medium,0,2026-01-19 16:03:52.576 +0200
201,13,2024-09-05 20:30:00.000 +0300,99,9.2,55,high,0,2026-01-19 16:03:52.576 +0200
202,13,2024-09-05 20:35:00.000 +0300,104,9.6,58,high,0,2026-01-19 16:03:52.576 +0200
203,13,2024-09-05 19:10:00.000 +0300,86,5.1,70,high,0,2026-01-19 16:03:52.576 +0200
204,13,2024-09-05 19:15:00.000 +0300,82,4.8,68,medium,0,2026-01-19 16:03:52.576 +0200
205,13,2024-09-05 19:20:00.000 +0300,79,,67,medium,1,2026-01-19 16:03:52.576 +0200
206,13,2024-09-05 22:40:00.000 +0300,145,15.9,69,high,0,2026-01-19 16:03:52.576 +0200
207,13,2024-09-05 22:45:00.000 +0300,149,16.2,72,high,0,2026-01-19 16:03:52.576 +0200
208,13,2024-09-06 00:55:00.000 +0300,15,4.7,7,low,0,2026-01-19 16:03:52.576 +0200
209,14,2024-09-07 10:10:00.000 +0300,106,10.9,49,high,0,2026-01-19 16:03:52.576 +0200
210,14,2024-09-07 15:20:00.000 +0300,67,11.2,26,medium,0,2026-01-19 16:03:52.576 +0200
211,14,2024-09-07 21:40:00.000 +0300,93,8.7,50,high,0,2026-01-19 16:03:52.576 +0200
212,14,2024-09-07 23:55:00.000 +0300,134,15.4,63,high,0,2026-01-19 16:03:52.576 +0200
213,14,2024-09-08 08:10:00.000 +0300,34,6.2,16,medium,0,2026-01-19 16:03:52.576 +0200
214,14,2024-09-08 08:15:00.000 +0300,38,6.5,18,medium,0,2026-01-19 16:03:52.576 +0200
215,14,2024-09-08 08:20:00.000 +0300,42,6.9,20,medium,0,2026-01-19 16:03:52.576 +0200
216,14,2024-09-08 08:25:00.000 +0300,47,7.2,22,high,0,2026-01-19 16:03:52.576 +0200
217,14,2024-09-08 09:40:00.000 +0300,92,9.4,38,high,0,2026-01-19 16:03:52.576 +0200
218,14,2024-09-08 09:45:00.000 +0300,96,9.7,40,high,0,2026-01-19 16:03:52.576 +0200
219,14,2024-09-08 09:50:00.000 +0300,101,10.1,43,high,0,2026-01-19 16:03:52.576 +0200
220,14,2024-09-08 09:55:00.000 +0300,98,9.9,41,high,0,2026-01-19 16:03:52.576 +0200
221,14,2024-09-08 10:00:00.000 +0300,54,10.0,26,medium,0,2026-01-19 16:03:52.576 +0200
222,14,2024-09-08 10:05:00.000 +0300,58,10.4,28,medium,0,2026-01-19 16:03:52.576 +0200
223,14,2024-09-08 10:10:00.000 +0300,62,10.8,30,high,0,2026-01-19 16:03:52.576 +0200
224,14,2024-09-08 11:30:00.000 +0300,71,7.1,36,medium,0,2026-01-19 16:03:52.576 +0200
225,15,2024-09-08 11:35:00.000 +0300,76,7.5,39,high,0,2026-01-19 16:03:52.576 +0200
226,15,2024-09-08 11:40:00.000 +0300,80,7.9,42,high,0,2026-01-19 16:03:52.576 +0200
227,15,2024-09-08 07:40:00.000 +0300,44,3.8,54,medium,0,2026-01-19 16:03:52.576 +0200
228,15,2024-09-08 07:45:00.000 +0300,48,4.1,57,medium,0,2026-01-19 16:03:52.576 +0200
229,15,2024-09-08 07:50:00.000 +0300,51,4.4,59,high,0,2026-01-19 16:03:52.576 +0200
230,15,2024-09-08 12:00:00.000 +0300,86,12.2,34,medium,0,2026-01-19 16:03:52.576 +0200
231,15,2024-09-08 12:05:00.000 +0300,91,12.6,36,medium,0,2026-01-19 16:03:52.576 +0200
232,15,2024-09-08 12:10:00.000 +0300,95,13.0,38,high,0,2026-01-19 16:03:52.576 +0200
233,15,2024-09-08 12:10:00.000 +0300,95,13.0,38,high,1,2026-01-19 16:03:52.576 +0200
234,15,2024-09-08 13:50:00.000 +0300,118,8.8,52,high,0,2026-01-19 16:03:52.576 +0200
235,15,2024-09-08 13:55:00.000 +0300,123,9.1,54,high,0,2026-01-19 16:03:52.576 +0200
236,15,2024-09-08 14:00:00.000 +0300,127,9.4,56,high,0,2026-01-19 16:03:52.576 +0200
237,15,2024-09-08 16:30:00.000 +0300,49,9.6,21,medium,0,2026-01-19 16:03:52.576 +0200
238,15,2024-09-08 16:35:00.000 +0300,46,9.3,20,medium,0,2026-01-19 16:03:52.576 +0200
239,15,2024-09-08 19:10:00.000 +0300,87,8.1,46,high,0,2026-01-19 16:03:52.576 +0200
240,15,2024-09-08 19:15:00.000 +0300,91,8.5,49,high,0,2026-01-19 16:03:52.576 +0200
241,16,2024-09-08 19:20:00.000 +0300,95,8.8,52,high,0,2026-01-19 16:03:52.576 +0200
242,16,2024-09-08 18:20:00.000 +0300,74,4.6,63,medium,0,2026-01-19 16:03:52.576 +0200
243,16,2024-09-08 18:25:00.000 +0300,78,4.9,66,high,0,2026-01-19 16:03:52.576 +0200
244,16,2024-09-08 18:30:00.000 +0300,,4.8,65,medium,1,2026-01-19 16:03:52.576 +0200
245,16,2024-09-08 22:00:00.000 +0300,128,14.6,58,high,0,2026-01-19 16:03:52.576 +0200
246,16,2024-09-08 22:05:00.000 +0300,132,15.0,60,high,0,2026-01-19 16:03:52.576 +0200
247,16,2024-09-09 00:30:00.000 +0300,22,5.3,11,low,0,2026-01-19 16:03:52.576 +0200
248,16,2024-09-09 00:35:00.000 +0300,19,5.0,10,low,0,2026-01-19 16:03:52.576 +0200
249,16,2024-09-10 10:30:00.000 +0300,99,10.0,42,high,0,2026-01-19 16:03:52.576 +0200
250,16,2024-09-11 15:10:00.000 +0300,63,10.7,25,medium,0,2026-01-19 16:03:52.576 +0200
251,16,2024-09-13 20:40:00.000 +0300,92,8.6,50,high,0,2026-01-19 16:03:52.576 +0200
252,16,2024-09-14 23:40:00.000 +0300,135,15.3,64,high,0,2026-01-19 16:03:52.576 +0200
253,16,2024-09-09 07:40:00.000 +0300,29,5.9,14,low,0,2026-01-19 16:03:52.576 +0200
254,16,2024-09-09 07:45:00.000 +0300,33,6.2,16,medium,0,2026-01-19 16:03:52.576 +0200
255,16,2024-09-09 07:50:00.000 +0300,37,6.5,18,medium,0,2026-01-19 16:03:52.576 +0200
256,16,2024-09-09 09:50:00.000 +0300,95,9.8,41,high,0,2026-01-19 16:03:52.576 +0200
257,17,2024-09-09 09:55:00.000 +0300,100,10.2,44,high,0,2026-01-19 16:03:52.576 +0200
258,17,2024-09-09 10:00:00.000 +0300,104,10.6,46,high,0,2026-01-19 16:03:52.576 +0200
259,17,2024-09-09 10:20:00.000 +0300,56,10.1,27,medium,0,2026-01-19 16:03:52.576 +0200
260,17,2024-09-09 10:25:00.000 +0300,60,10.5,29,medium,0,2026-01-19 16:03:52.576 +0200
261,17,2024-09-09 10:30:00.000 +0300,64,10.9,31,high,0,2026-01-19 16:03:52.576 +0200
262,17,2024-09-09 11:50:00.000 +0300,73,7.2,38,medium,0,2026-01-19 16:03:52.576 +0200
263,17,2024-09-09 11:55:00.000 +0300,78,7.6,41,high,0,2026-01-19 16:03:52.576 +0200
264,17,2024-09-09 12:00:00.000 +0300,82,8.0,44,high,0,2026-01-19 16:03:52.576 +0200
265,17,2024-09-09 08:10:00.000 +0300,46,4.0,56,medium,0,2026-01-19 16:03:52.576 +0200
266,17,2024-09-09 08:15:00.000 +0300,49,4.3,58,medium,0,2026-01-19 16:03:52.576 +0200
267,17,2024-09-09 08:20:00.000 +0300,53,4.6,60,high,0,2026-01-19 16:03:52.576 +0200
268,17,2024-09-09 13:10:00.000 +0300,98,13.1,40,high,0,2026-01-19 16:03:52.576 +0200
269,17,2024-09-09 13:15:00.000 +0300,102,13.5,42,high,0,2026-01-19 16:03:52.576 +0200
270,17,2024-09-09 13:20:00.000 +0300,105,13.8,44,high,0,2026-01-19 16:03:52.576 +0200
271,17,2024-09-09 13:25:00.000 +0300,103,13.6,43,medium,1,2026-01-19 16:03:52.576 +0200
272,17,2024-09-09 14:10:00.000 +0300,126,9.3,55,high,0,2026-01-19 16:03:52.576 +0200
273,18,2024-09-09 14:15:00.000 +0300,131,9.6,57,high,0,2026-01-19 16:03:52.576 +0200
274,18,2024-09-09 14:20:00.000 +0300,135,9.9,59,high,0,2026-01-19 16:03:52.576 +0200
275,18,2024-09-09 17:10:00.000 +0300,51,9.8,21,medium,0,2026-01-19 16:03:52.576 +0200
276,18,2024-09-09 17:15:00.000 +0300,48,9.5,20,medium,0,2026-01-19 16:03:52.576 +0200
277,18,2024-09-09 19:40:00.000 +0300,89,8.4,48,high,0,2026-01-19 16:03:52.576 +0200
278,18,2024-09-09 19:45:00.000 +0300,94,8.8,51,high,0,2026-01-19 16:03:52.576 +0200
279,18,2024-09-09 18:40:00.000 +0300,76,4.7,64,medium,0,2026-01-19 16:03:52.576 +0200
280,18,2024-09-09 18:45:00.000 +0300,80,5.0,67,high,0,2026-01-19 16:03:52.576 +0200
281,18,2024-09-09 18:50:00.000 +0300,78,,66,medium,1,2026-01-19 16:03:52.576 +0200
282,18,2024-09-09 22:20:00.000 +0300,130,14.9,61,high,0,2026-01-19 16:03:52.576 +0200
283,18,2024-09-09 22:25:00.000 +0300,134,15.2,63,high,0,2026-01-19 16:03:52.576 +0200
284,18,2024-09-10 00:40:00.000 +0300,20,5.1,10,low,0,2026-01-19 16:03:52.576 +0200
285,18,2024-09-10 00:45:00.000 +0300,18,4.9,9,low,0,2026-01-19 16:03:52.576 +0200
286,18,2024-09-11 10:20:00.000 +0300,102,10.4,45,high,0,2026-01-19 16:03:52.576 +0200
287,18,2024-09-12 15:30:00.000 +0300,65,11.0,26,medium,0,2026-01-19 16:03:52.576 +0200
288,18,2024-09-13 21:00:00.000 +0300,94,8.9,52,high,0,2026-01-19 16:03:52.576 +0200
289,19,2024-09-14 23:20:00.000 +0300,137,15.5,65,high,0,2026-01-19 16:03:52.576 +0200
290,19,2024-09-10 08:05:00.000 +0300,41,6.6,19,medium,0,2026-01-19 16:03:52.576 +0200
291,19,2024-09-10 08:10:00.000 +0300,45,6.9,21,medium,0,2026-01-19 16:03:52.576 +0200
292,19,2024-09-10 08:15:00.000 +0300,49,7.3,23,high,0,2026-01-19 16:03:52.576 +0200
293,19,2024-09-10 10:05:00.000 +0300,104,10.6,46,high,0,2026-01-19 16:03:52.576 +0200
294,19,2024-09-10 10:10:00.000 +0300,108,11.0,48,high,0,2026-01-19 16:03:52.576 +0200
295,19,2024-09-10 10:15:00.000 +0300,112,11.4,50,high,0,2026-01-19 16:03:52.576 +0200
296,19,2024-09-10 13:40:00.000 +0300,67,11.1,27,high,0,2026-01-19 16:03:52.576 +0200
297,19,2024-09-10 13:45:00.000 +0300,71,11.5,29,high,0,2026-01-19 16:03:52.576 +0200
298,19,2024-09-10 13:50:00.000 +0300,74,11.8,30,high,0,2026-01-19 16:03:52.576 +0200
299,19,2024-09-10 15:20:00.000 +0300,84,8.1,44,high,0,2026-01-19 16:03:52.576 +0200
300,19,2024-09-10 15:25:00.000 +0300,88,8.4,47,high,0,2026-01-19 16:03:52.576 +0200
301,19,2024-09-10 15:30:00.000 +0300,92,8.8,49,high,0,2026-01-19 16:03:52.576 +0200
302,19,2024-09-10 13:00:00.000 +0300,62,4.4,60,medium,0,2026-01-19 16:03:52.576 +0200
303,19,2024-09-10 13:05:00.000 +0300,65,4.7,62,medium,0,2026-01-19 16:03:52.576 +0200
304,19,2024-09-10 13:10:00.000 +0300,69,5.0,65,high,0,2026-01-19 16:03:52.576 +0200
305,20,2024-09-10 17:30:00.000 +0300,118,14.1,52,high,0,2026-01-19 16:03:52.576 +0200
306,20,2024-09-10 17:35:00.000 +0300,122,14.5,55,high,0,2026-01-19 16:03:52.576 +0200
307,20,2024-09-10 17:40:00.000 +0300,126,14.8,57,high,0,2026-01-19 16:03:52.576 +0200
308,20,2024-09-10 17:45:00.000 +0300,124,14.6,56,medium,1,2026-01-19 16:03:52.576 +0200
309,20,2024-09-10 14:35:00.000 +0300,132,9.8,60,high,0,2026-01-19 16:03:52.576 +0200
310,20,2024-09-10 14:40:00.000 +0300,136,10.1,62,high,0,2026-01-19 16:03:52.576 +0200
311,20,2024-09-10 14:45:00.000 +0300,140,10.4,64,high,0,2026-01-19 16:03:52.576 +0200
312,20,2024-09-10 17:50:00.000 +0300,52,10.0,22,medium,0,2026-01-19 16:03:52.576 +0200
313,20,2024-09-10 17:55:00.000 +0300,49,9.7,21,medium,0,2026-01-19 16:03:52.576 +0200
314,20,2024-09-10 19:55:00.000 +0300,96,8.9,53,high,0,2026-01-19 16:03:52.576 +0200
315,20,2024-09-10 20:00:00.000 +0300,101,9.3,56,high,0,2026-01-19 16:03:52.576 +0200
316,20,2024-09-10 18:55:00.000 +0300,82,5.1,68,high,0,2026-01-19 16:03:52.576 +0200
317,20,2024-09-10 19:00:00.000 +0300,79,4.8,66,medium,0,2026-01-19 16:03:52.576 +0200
318,20,2024-09-10 19:05:00.000 +0300,77,4.7,,medium,1,2026-01-19 16:03:52.576 +0200
319,20,2024-09-10 22:45:00.000 +0300,139,15.6,66,high,0,2026-01-19 16:03:52.576 +0200
320,20,2024-09-10 22:50:00.000 +0300,143,15.9,69,high,0,2026-01-19 16:03:52.576 +0200
321,21,2024-09-11 00:50:00.000 +0300,18,4.9,9,low,0,2026-01-19 16:03:52.576 +0200
322,21,2024-09-12 10:45:00.000 +0300,109,11.2,48,high,0,2026-01-19 16:03:52.576 +0200
323,21,2024-09-13 16:00:00.000 +0300,68,11.3,27,medium,0,2026-01-19 16:03:52.576 +0200
324,21,2024-09-14 21:30:00.000 +0300,98,9.1,54,high,0,2026-01-19 16:03:52.576 +0200
325,21,2024-09-14 23:50:00.000 +0300,141,15.8,67,high,0,2026-01-19 16:03:52.576 +0200
326,21,2024-09-11 06:20:00.000 +0300,18,5.2,9,low,0,2026-01-19 16:03:52.576 +0200
327,21,2024-09-11 06:25:00.000 +0300,21,5.4,10,low,0,2026-01-19 16:03:52.576 +0200
328,21,2024-09-11 06:30:00.000 +0300,24,5.7,12,low,0,2026-01-19 16:03:52.576 +0200
329,21,2024-09-11 09:05:00.000 +0300,97,10.0,44,high,0,2026-01-19 16:03:52.576 +0200
330,21,2024-09-11 09:10:00.000 +0300,101,10.4,46,high,0,2026-01-19 16:03:52.576 +0200
331,21,2024-09-11 09:15:00.000 +0300,105,10.8,48,high,0,2026-01-19 16:03:52.576 +0200
332,21,2024-09-11 08:35:00.000 +0300,53,9.9,29,medium,0,2026-01-19 16:03:52.576 +0200
333,21,2024-09-11 08:40:00.000 +0300,57,10.3,31,medium,0,2026-01-19 16:03:52.576 +0200
334,21,2024-09-11 08:45:00.000 +0300,61,10.7,33,high,0,2026-01-19 16:03:52.576 +0200
335,21,2024-09-11 10:50:00.000 +0300,75,7.4,40,medium,0,2026-01-19 16:03:52.576 +0200
336,21,2024-09-11 10:55:00.000 +0300,80,7.8,43,high,0,2026-01-19 16:03:52.576 +0200
337,22,2024-09-11 11:00:00.000 +0300,84,8.2,46,high,0,2026-01-19 16:03:52.576 +0200
338,22,2024-09-11 12:10:00.000 +0300,60,4.5,61,medium,0,2026-01-19 16:03:52.576 +0200
339,22,2024-09-11 12:15:00.000 +0300,63,4.8,63,medium,0,2026-01-19 16:03:52.576 +0200
340,22,2024-09-11 12:20:00.000 +0300,67,5.1,66,high,0,2026-01-19 16:03:52.576 +0200
341,22,2024-09-11 14:20:00.000 +0300,109,13.9,49,high,0,2026-01-19 16:03:52.576 +0200
342,22,2024-09-11 14:25:00.000 +0300,113,14.3,51,high,0,2026-01-19 16:03:52.576 +0200
343,22,2024-09-11 14:30:00.000 +0300,117,14.6,53,high,0,2026-01-19 16:03:52.576 +0200
344,22,2024-09-11 14:30:00.000 +0300,117,14.6,53,high,1,2026-01-19 16:03:52.576 +0200
345,22,2024-09-11 14:20:00.000 +0300,137,10.0,62,high,0,2026-01-19 16:03:52.576 +0200
346,22,2024-09-11 14:25:00.000 +0300,141,10.3,64,high,0,2026-01-19 16:03:52.576 +0200
347,22,2024-09-11 14:30:00.000 +0300,145,10.6,66,high,0,2026-01-19 16:03:52.576 +0200
348,22,2024-09-11 17:30:00.000 +0300,50,9.8,21,medium,0,2026-01-19 16:03:52.576 +0200
349,22,2024-09-11 17:35:00.000 +0300,47,9.5,20,medium,0,2026-01-19 16:03:52.576 +0200
350,22,2024-09-11 20:10:00.000 +0300,97,9.0,54,high,0,2026-01-19 16:03:52.576 +0200
351,22,2024-09-11 20:15:00.000 +0300,101,9.4,57,high,0,2026-01-19 16:03:52.576 +0200
352,22,2024-09-11 19:20:00.000 +0300,83,5.2,69,high,0,2026-01-19 16:03:52.576 +0200
353,23,2024-09-11 19:25:00.000 +0300,79,4.9,67,medium,0,2026-01-19 16:03:52.576 +0200
354,23,2024-09-11 19:30:00.000 +0300,,4.8,66,medium,1,2026-01-19 16:03:52.576 +0200
355,23,2024-09-11 22:50:00.000 +0300,142,15.7,68,high,0,2026-01-19 16:03:52.576 +0200
356,23,2024-09-11 22:55:00.000 +0300,146,16.0,71,high,0,2026-01-19 16:03:52.576 +0200
357,23,2024-09-12 00:55:00.000 +0300,16,4.8,8,low,0,2026-01-19 16:03:52.576 +0200
358,23,2024-09-13 10:55:00.000 +0300,110,11.4,49,high,0,2026-01-19 16:03:52.576 +0200
359,23,2024-09-14 16:20:00.000 +0300,69,11.5,28,medium,0,2026-01-19 16:03:52.576 +0200
360,23,2024-09-14 21:50:00.000 +0300,99,9.3,55,high,0,2026-01-19 16:03:52.576 +0200
361,23,2024-09-15 00:10:00.000 +0300,143,16.1,69,high,0,2026-01-19 16:03:52.576 +0200
362,23,2024-09-12 06:40:00.000 +0300,20,5.4,10,low,0,2026-01-19 16:03:52.576 +0200
363,23,2024-09-12 06:45:00.000 +0300,23,5.6,11,low,0,2026-01-19 16:03:52.576 +0200
364,23,2024-09-12 06:50:00.000 +0300,26,5.9,13,low,0,2026-01-19 16:03:52.576 +0200
365,23,2024-09-12 09:15:00.000 +0300,99,10.2,45,high,0,2026-01-19 16:03:52.576 +0200
366,23,2024-09-12 09:20:00.000 +0300,103,10.6,47,high,0,2026-01-19 16:03:52.576 +0200
367,23,2024-09-12 09:25:00.000 +0300,107,11.0,49,high,0,2026-01-19 16:03:52.576 +0200
368,23,2024-09-12 09:05:00.000 +0300,59,10.3,30,medium,0,2026-01-19 16:03:52.576 +0200
369,24,2024-09-12 09:10:00.000 +0300,63,10.7,32,medium,0,2026-01-19 16:03:52.576 +0200
370,24,2024-09-12 09:15:00.000 +0300,67,11.1,34,high,0,2026-01-19 16:03:52.576 +0200
371,24,2024-09-12 12:40:00.000 +0300,88,8.6,47,high,0,2026-01-19 16:03:52.576 +0200
372,24,2024-09-12 12:45:00.000 +0300,92,9.0,50,high,0,2026-01-19 16:03:52.576 +0200
373,24,2024-09-12 12:50:00.000 +0300,96,9.4,53,high,0,2026-01-19 16:03:52.576 +0200
374,24,2024-09-12 13:50:00.000 +0300,68,5.0,66,medium,0,2026-01-19 16:03:52.576 +0200
375,24,2024-09-12 13:55:00.000 +0300,71,5.3,68,medium,0,2026-01-19 16:03:52.576 +0200
376,24,2024-09-12 14:00:00.000 +0300,75,5.6,71,high,0,2026-01-19 16:03:52.576 +0200
377,24,2024-09-12 16:40:00.000 +0300,120,14.4,54,high,0,2026-01-19 16:03:52.576 +0200
378,24,2024-09-12 16:45:00.000 +0300,124,14.8,56,high,0,2026-01-19 16:03:52.576 +0200
379,24,2024-09-12 16:50:00.000 +0300,128,15.1,58,high,0,2026-01-19 16:03:52.576 +0200
380,24,2024-09-12 16:55:00.000 +0300,126,15.0,57,medium,1,2026-01-19 16:03:52.576 +0200
381,24,2024-09-12 14:15:00.000 +0300,139,10.1,63,high,0,2026-01-19 16:03:52.576 +0200
382,24,2024-09-12 14:20:00.000 +0300,143,10.4,65,high,0,2026-01-19 16:03:52.576 +0200
383,24,2024-09-12 14:25:00.000 +0300,147,10.7,67,high,0,2026-01-19 16:03:52.576 +0200
384,24,2024-09-12 17:45:00.000 +0300,51,9.9,22,medium,0,2026-01-19 16:03:52.576 +0200
385,25,2024-09-12 17:50:00.000 +0300,48,9.6,21,medium,0,2026-01-19 16:03:52.576 +0200
386,25,2024-09-12 20:30:00.000 +0300,100,9.5,56,high,0,2026-01-19 16:03:52.576 +0200
387,25,2024-09-12 20:35:00.000 +0300,104,9.9,59,high,0,2026-01-19 16:03:52.576 +0200
388,25,2024-09-12 19:40:00.000 +0300,85,5.3,71,high,0,2026-01-19 16:03:52.576 +0200
389,25,2024-09-12 19:45:00.000 +0300,81,5.0,69,medium,0,2026-01-19 16:03:52.576 +0200
390,25,2024-09-12 19:50:00.000 +0300,79,4.9,,medium,1,2026-01-19 16:03:52.576 +0200
391,25,2024-09-12 23:00:00.000 +0300,147,16.2,70,high,0,2026-01-19 16:03:52.576 +0200
392,25,2024-09-12 23:05:00.000 +0300,151,16.5,73,high,0,2026-01-19 16:03:52.576 +0200
393,25,2024-09-13 00:50:00.000 +0300,17,4.9,8,low,0,2026-01-19 16:03:52.576 +0200
394,25,2024-09-14 11:10:00.000 +0300,111,11.6,50,high,0,2026-01-19 16:03:52.576 +0200
395,25,2024-09-14 16:40:00.000 +0300,70,11.6,29,medium,0,2026-01-19 16:03:52.576 +0200
396,25,2024-09-14 22:10:00.000 +0300,101,9.6,56,high,0,2026-01-19 16:03:52.576 +0200
397,25,2024-09-15 00:25:00.000 +0300,145,16.3,71,high,0,2026-01-19 16:03:52.576 +0200
398,25,2024-09-15 08:00:00.000 +0300,41,7.2,22,medium,0,2026-01-19 16:03:52.576 +0200
399,25,2024-09-15 08:05:00.000 +0300,45,7.5,24,medium,0,2026-01-19 16:03:52.576 +0200
400,25,2024-09-15 08:10:00.000 +0300,49,7.8,26,high,0,2026-01-19 16:03:52.576 +0200
401,26,2024-09-15 08:15:00.000 +0300,52,8.0,28,high,0,2026-01-19 16:03:52.576 +0200
402,26,2024-09-15 08:00:00.000 +0300,38,6.9,20,medium,0,2026-01-19 16:03:52.576 +0200
403,26,2024-09-15 08:05:00.000 +0300,42,7.2,22,medium,0,2026-01-19 16:03:52.576 +0200
404,26,2024-09-15 08:10:00.000 +0300,46,7.6,24,high,0,2026-01-19 16:03:52.576 +0200
405,26,2024-09-15 08:15:00.000 +0300,50,7.9,26,high,0,2026-01-19 16:03:52.576 +0200
406,26,2024-09-15 09:00:00.000 +0300,71,9.1,34,high,0,2026-01-19 16:03:52.576 +0200
407,26,2024-09-15 09:05:00.000 +0300,75,9.4,36,high,0,2026-01-19 16:03:52.576 +0200
408,26,2024-09-15 09:10:00.000 +0300,79,9.8,38,high,0,2026-01-19 16:03:52.576 +0200
409,26,2024-09-15 09:15:00.000 +0300,82,10.1,40,high,0,2026-01-19 16:03:52.576 +0200
410,26,2024-09-15 09:00:00.000 +0300,68,8.8,32,medium,0,2026-01-19 16:03:52.576 +0200
411,26,2024-09-15 09:05:00.000 +0300,72,9.2,34,high,0,2026-01-19 16:03:52.576 +0200
412,26,2024-09-15 09:10:00.000 +0300,76,9.5,36,high,0,2026-01-19 16:03:52.576 +0200
413,26,2024-09-15 09:15:00.000 +0300,80,9.9,38,high,0,2026-01-19 16:03:52.576 +0200
414,26,2024-09-15 10:00:00.000 +0300,55,10.6,21,medium,0,2026-01-19 16:03:52.576 +0200
415,26,2024-09-15 10:05:00.000 +0300,58,10.9,22,medium,0,2026-01-19 16:03:52.576 +0200
416,26,2024-09-15 10:10:00.000 +0300,61,11.2,24,high,0,2026-01-19 16:03:52.576 +0200
417,27,2024-09-15 10:15:00.000 +0300,64,11.5,25,high,0,2026-01-19 16:03:52.576 +0200
418,27,2024-09-15 10:00:00.000 +0300,52,10.3,20,medium,0,2026-01-19 16:03:52.576 +0200
419,27,2024-09-15 10:05:00.000 +0300,55,10.7,21,medium,0,2026-01-19 16:03:52.576 +0200
420,27,2024-09-15 10:10:00.000 +0300,59,11.0,23,high,0,2026-01-19 16:03:52.576 +0200
421,27,2024-09-15 10:15:00.000 +0300,62,11.3,24,high,0,2026-01-19 16:03:52.576 +0200
422,27,2024-09-15 13:00:00.000 +0300,88,8.9,41,high,0,2026-01-19 16:03:52.576 +0200
423,27,2024-09-15 13:05:00.000 +0300,92,9.2,43,high,0,2026-01-19 16:03:52.576 +0200
424,27,2024-09-15 13:10:00.000 +0300,96,9.5,45,high,0,2026-01-19 16:03:52.576 +0200
425,27,2024-09-15 13:15:00.000 +0300,99,9.8,47,high,0,2026-01-19 16:03:52.576 +0200
426,27,2024-09-15 13:00:00.000 +0300,84,8.6,39,high,0,2026-01-19 16:03:52.576 +0200
427,27,2024-09-15 13:05:00.000 +0300,88,8.9,41,high,0,2026-01-19 16:03:52.576 +0200
428,27,2024-09-15 13:10:00.000 +0300,91,9.2,43,high,0,2026-01-19 16:03:52.576 +0200
429,27,2024-09-15 13:15:00.000 +0300,95,9.5,45,high,0,2026-01-19 16:03:52.576 +0200
430,27,2024-09-15 13:20:00.000 +0300,,0.0,0,low,1,2026-01-19 16:03:52.576 +0200
431,27,2024-09-15 19:00:00.000 +0300,73,12.1,29,high,0,2026-01-19 16:03:52.576 +0200
432,27,2024-09-15 19:05:00.000 +0300,77,12.4,31,high,0,2026-01-19 16:03:52.576 +0200
433,28,2024-09-15 19:10:00.000 +0300,81,12.7,33,high,0,2026-01-19 16:03:52.576 +0200
434,28,2024-09-15 19:15:00.000 +0300,85,13.0,35,high,0,2026-01-19 16:03:52.576 +0200
435,28,2024-09-15 19:00:00.000 +0300,70,11.8,27,medium,0,2026-01-19 16:03:52.576 +0200
436,28,2024-09-15 19:05:00.000 +0300,74,12.1,29,high,0,2026-01-19 16:03:52.576 +0200
437,28,2024-09-15 19:10:00.000 +0300,78,12.4,31,high,0,2026-01-19 16:03:52.576 +0200
438,28,2024-09-15 19:15:00.000 +0300,82,12.7,33,high,0,2026-01-19 16:03:52.576 +0200
439,28,2024-09-16 00:00:00.000 +0300,26,5.8,12,low,0,2026-01-19 16:03:52.576 +0200
440,28,2024-09-16 00:00:00.000 +0300,24,5.6,11,low,0,2026-01-19 16:03:52.576 +0200
441,28,2024-09-16 00:00:00.000 +0300,29,6.1,13,low,0,2026-01-19 16:03:52.576 +0200
442,28,2024-09-16 00:00:00.000 +0300,21,5.2,9,low,0,2026-01-19 16:03:52.576 +0200
443,28,2024-09-16 00:00:00.000 +0300,19,5.0,8,low,0,2026-01-19 16:03:52.576 +0200
444,28,2024-09-16 09:00:00.000 +0300,72,9.1,33,high,0,2026-01-19 16:03:52.576 +0200
445,28,2024-09-16 09:05:00.000 +0300,75,9.4,35,high,0,2026-01-19 16:03:52.576 +0200
446,28,2024-09-16 09:10:00.000 +0300,78,9.7,37,high,0,2026-01-19 16:03:52.576 +0200
447,28,2024-09-16 09:15:00.000 +0300,81,10.0,39,high,0,2026-01-19 16:03:52.576 +0200
448,28,2024-09-16 09:20:00.000 +0300,84,10.3,41,high,0,2026-01-19 16:03:52.576 +0200
449,29,2024-09-16 09:25:00.000 +0300,87,10.6,43,high,0,2026-01-19 16:03:52.576 +0200
450,29,2024-09-16 09:30:00.000 +0300,90,10.9,45,high,0,2026-01-19 16:03:52.576 +0200
451,29,2024-09-16 09:35:00.000 +0300,93,11.2,47,high,0,2026-01-19 16:03:52.576 +0200
452,29,2024-09-16 09:40:00.000 +0300,96,11.5,49,high,0,2026-01-19 16:03:52.576 +0200
453,29,2024-09-16 09:45:00.000 +0300,99,11.8,51,high,0,2026-01-19 16:03:52.576 +0200
454,29,2024-09-16 09:00:00.000 +0300,68,8.7,31,medium,0,2026-01-19 16:03:52.576 +0200
455,29,2024-09-16 09:05:00.000 +0300,71,9.0,33,high,0,2026-01-19 16:03:52.576 +0200
456,29,2024-09-16 09:10:00.000 +0300,74,9.3,35,high,0,2026-01-19 16:03:52.576 +0200
457,29,2024-09-16 09:15:00.000 +0300,77,9.6,37,high,0,2026-01-19 16:03:52.576 +0200
458,29,2024-09-16 09:20:00.000 +0300,80,9.9,39,high,0,2026-01-19 16:03:52.576 +0200
459,29,2024-09-16 09:25:00.000 +0300,83,10.2,41,high,0,2026-01-19 16:03:52.576 +0200
460,29,2024-09-16 09:30:00.000 +0300,86,10.5,43,high,0,2026-01-19 16:03:52.576 +0200
461,29,2024-09-16 09:35:00.000 +0300,89,10.8,45,high,0,2026-01-19 16:03:52.576 +0200
462,29,2024-09-16 09:40:00.000 +0300,92,11.1,47,high,0,2026-01-19 16:03:52.576 +0200
463,29,2024-09-16 09:45:00.000 +0300,95,11.4,49,high,0,2026-01-19 16:03:52.576 +0200
464,29,2024-09-16 10:00:00.000 +0300,55,7.9,26,medium,0,2026-01-19 16:03:52.576 +0200
465,30,2024-09-16 10:05:00.000 +0300,58,8.2,27,medium,0,2026-01-19 16:03:52.576 +0200
466,30,2024-09-16 10:10:00.000 +0300,61,8.5,29,high,0,2026-01-19 16:03:52.576 +0200
467,30,2024-09-16 10:15:00.000 +0300,64,8.8,30,high,0,2026-01-19 16:03:52.576 +0200
468,30,2024-09-16 10:20:00.000 +0300,67,9.1,32,high,0,2026-01-19 16:03:52.576 +0200
469,30,2024-09-16 10:25:00.000 +0300,70,9.4,33,high,0,2026-01-19 16:03:52.576 +0200
470,30,2024-09-16 10:30:00.000 +0300,73,9.7,35,high,0,2026-01-19 16:03:52.576 +0200
471,30,2024-09-16 10:35:00.000 +0300,76,10.0,36,high,0,2026-01-19 16:03:52.576 +0200
472,30,2024-09-16 10:40:00.000 +0300,79,10.3,38,high,0,2026-01-19 16:03:52.576 +0200
473,30,2024-09-16 10:45:00.000 +0300,82,10.6,39,high,0,2026-01-19 16:03:52.576 +0200
474,30,2024-09-16 10:00:00.000 +0300,52,7.5,24,medium,0,2026-01-19 16:03:52.576 +0200
475,30,2024-09-16 10:05:00.000 +0300,55,7.8,25,medium,0,2026-01-19 16:03:52.576 +0200
476,30,2024-09-16 10:10:00.000 +0300,58,8.1,27,high,0,2026-01-19 16:03:52.576 +0200
477,30,2024-09-16 10:15:00.000 +0300,61,8.4,28,high,0,2026-01-19 16:03:52.576 +0200
478,30,2024-09-16 10:20:00.000 +0300,64,8.7,30,high,0,2026-01-19 16:03:52.576 +0200
479,30,2024-09-16 10:25:00.000 +0300,67,9.0,31,high,0,2026-01-19 16:03:52.576 +0200
480,30,2024-09-16 10:30:00.000 +0300,70,9.3,33,high,0,2026-01-19 16:03:52.576 +0200
481,31,2024-09-16 10:35:00.000 +0300,73,9.6,34,high,0,2026-01-19 16:03:52.576 +0200
482,31,2024-09-16 10:40:00.000 +0300,76,9.9,36,high,0,2026-01-19 16:03:52.576 +0200
483,31,2024-09-16 10:45:00.000 +0300,79,10.2,37,high,0,2026-01-19 16:03:52.576 +0200
484,31,2024-09-16 19:00:00.000 +0300,71,12.0,28,high,0,2026-01-19 16:03:52.576 +0200
485,31,2024-09-16 19:05:00.000 +0300,74,12.3,30,high,0,2026-01-19 16:03:52.576 +0200
486,31,2024-09-16 19:10:00.000 +0300,77,12.6,32,high,0,2026-01-19 16:03:52.576 +0200
487,31,2024-09-16 19:15:00.000 +0300,80,12.9,34,high,0,2026-01-19 16:03:52.576 +0200
488,31,2024-09-16 19:20:00.000 +0300,83,13.2,36,high,0,2026-01-19 16:03:52.576 +0200
489,31,2024-09-16 19:25:00.000 +0300,86,13.5,38,high,0,2026-01-19 16:03:52.576 +0200
490,31,2024-09-16 19:30:00.000 +0300,89,13.8,40,high,0,2026-01-19 16:03:52.576 +0200
491,31,2024-09-16 19:35:00.000 +0300,92,14.1,42,high,0,2026-01-19 16:03:52.576 +0200
492,31,2024-09-16 19:40:00.000 +0300,95,14.4,44,high,0,2026-01-19 16:03:52.576 +0200
493,31,2024-09-16 19:45:00.000 +0300,98,14.7,46,high,0,2026-01-19 16:03:52.576 +0200
494,31,2024-09-16 19:00:00.000 +0300,68,11.6,26,medium,0,2026-01-19 16:03:52.576 +0200
495,31,2024-09-16 19:05:00.000 +0300,71,11.9,28,high,0,2026-01-19 16:03:52.576 +0200
496,31,2024-09-16 19:10:00.000 +0300,74,12.2,30,high,0,2026-01-19 16:03:52.576 +0200
497,32,2024-09-16 19:15:00.000 +0300,77,12.5,32,high,0,2026-01-19 16:03:52.576 +0200
498,32,2024-09-16 19:20:00.000 +0300,80,12.8,34,high,0,2026-01-19 16:03:52.576 +0200
499,32,2024-09-16 19:25:00.000 +0300,83,13.1,36,high,0,2026-01-19 16:03:52.576 +0200
500,32,2024-09-16 19:30:00.000 +0300,86,13.4,38,high,0,2026-01-19 16:03:52.576 +0200
501,32,2024-09-16 19:35:00.000 +0300,89,13.7,40,high,0,2026-01-19 16:03:52.576 +0200
502,32,2024-09-16 19:40:00.000 +0300,92,14.0,42,high,0,2026-01-19 16:03:52.576 +0200
503,32,2024-09-16 19:45:00.000 +0300,95,14.3,44,high,0,2026-01-19 16:03:52.576 +0200
504,32,2024-09-17 09:00:00.000 +0300,60,8.5,28,medium,0,2026-01-19 16:03:52.576 +0200
505,32,2024-09-17 09:05:00.000 +0300,62,8.7,29,medium,0,2026-01-19 16:03:52.576 +0200
506,32,2024-09-17 09:10:00.000 +0300,64,8.9,30,medium,0,2026-01-19 16:03:52.576 +0200
507,32,2024-09-17 09:15:00.000 +0300,66,9.1,31,high,0,2026-01-19 16:03:52.576 +0200
508,32,2024-09-17 09:20:00.000 +0300,68,9.3,32,high,0,2026-01-19 16:03:52.576 +0200
509,32,2024-09-17 09:25:00.000 +0300,70,9.5,33,high,0,2026-01-19 16:03:52.576 +0200
510,32,2024-09-17 09:30:00.000 +0300,72,9.7,34,high,0,2026-01-19 16:03:52.576 +0200
511,32,2024-09-17 09:35:00.000 +0300,74,9.9,35,high,0,2026-01-19 16:03:52.576 +0200
512,32,2024-09-17 09:40:00.000 +0300,76,10.1,36,high,0,2026-01-19 16:03:52.576 +0200
513,33,2024-09-17 09:45:00.000 +0300,78,10.3,37,high,0,2026-01-19 16:03:52.576 +0200
514,33,2024-09-17 09:50:00.000 +0300,80,10.5,38,high,0,2026-01-19 16:03:52.576 +0200
515,33,2024-09-17 09:55:00.000 +0300,82,10.7,39,high,0,2026-01-19 16:03:52.576 +0200
516,33,2024-09-17 10:00:00.000 +0300,84,10.9,40,high,0,2026-01-19 16:03:52.576 +0200
517,33,2024-09-17 10:05:00.000 +0300,86,11.1,41,high,0,2026-01-19 16:03:52.576 +0200
518,33,2024-09-17 10:10:00.000 +0300,88,11.3,42,high,0,2026-01-19 16:03:52.576 +0200
519,33,2024-09-17 10:15:00.000 +0300,90,11.5,43,high,0,2026-01-19 16:03:52.576 +0200
520,33,2024-09-17 10:20:00.000 +0300,92,11.7,44,high,0,2026-01-19 16:03:52.576 +0200
521,33,2024-09-17 10:25:00.000 +0300,94,11.9,45,high,0,2026-01-19 16:03:52.576 +0200
522,33,2024-09-17 10:30:00.000 +0300,96,12.1,46,high,0,2026-01-19 16:03:52.576 +0200
523,33,2024-09-17 10:35:00.000 +0300,98,12.3,47,high,0,2026-01-19 16:03:52.576 +0200
524,33,2024-09-17 09:00:00.000 +0300,55,8.0,26,medium,0,2026-01-19 16:03:52.576 +0200
525,33,2024-09-17 09:05:00.000 +0300,57,8.2,27,medium,0,2026-01-19 16:03:52.576 +0200
526,33,2024-09-17 09:10:00.000 +0300,59,8.4,28,medium,0,2026-01-19 16:03:52.576 +0200
527,33,2024-09-17 09:15:00.000 +0300,61,8.6,29,high,0,2026-01-19 16:03:52.576 +0200
528,33,2024-09-17 09:20:00.000 +0300,63,8.8,30,high,0,2026-01-19 16:03:52.576 +0200
529,34,2024-09-17 09:25:00.000 +0300,65,9.0,31,high,0,2026-01-19 16:03:52.576 +0200
530,34,2024-09-17 09:30:00.000 +0300,67,9.2,32,high,0,2026-01-19 16:03:52.576 +0200
531,34,2024-09-17 09:35:00.000 +0300,69,9.4,33,high,0,2026-01-19 16:03:52.576 +0200
532,34,2024-09-17 09:40:00.000 +0300,71,9.6,34,high,0,2026-01-19 16:03:52.576 +0200
533,34,2024-09-17 09:45:00.000 +0300,73,9.8,35,high,0,2026-01-19 16:03:52.576 +0200
534,34,2024-09-17 09:50:00.000 +0300,75,10.0,36,high,0,2026-01-19 16:03:52.576 +0200
535,34,2024-09-17 09:55:00.000 +0300,77,10.2,37,high,0,2026-01-19 16:03:52.576 +0200
536,34,2024-09-17 10:00:00.000 +0300,79,10.4,38,high,0,2026-01-19 16:03:52.576 +0200
537,34,2024-09-17 10:05:00.000 +0300,81,10.6,39,high,0,2026-01-19 16:03:52.576 +0200
538,34,2024-09-17 10:10:00.000 +0300,83,10.8,40,high,0,2026-01-19 16:03:52.576 +0200
539,34,2024-09-17 10:15:00.000 +0300,85,11.0,41,high,0,2026-01-19 16:03:52.576 +0200
540,34,2024-09-17 10:20:00.000 +0300,87,11.2,42,high,0,2026-01-19 16:03:52.576 +0200
541,34,2024-09-17 10:25:00.000 +0300,89,11.4,43,high,0,2026-01-19 16:03:52.576 +0200
542,34,2024-09-17 10:30:00.000 +0300,91,11.6,44,high,0,2026-01-19 16:03:52.576 +0200
543,34,2024-09-17 10:35:00.000 +0300,93,11.8,45,high,0,2026-01-19 16:03:52.576 +0200
544,34,2024-09-17 09:00:00.000 +0300,50,7.6,24,medium,0,2026-01-19 16:03:52.576 +0200
545,35,2024-09-17 09:05:00.000 +0300,52,7.8,25,medium,0,2026-01-19 16:03:52.576 +0200
546,35,2024-09-17 09:10:00.000 +0300,54,8.0,26,medium,0,2026-01-19 16:03:52.576 +0200
547,35,2024-09-17 09:15:00.000 +0300,56,8.2,27,medium,0,2026-01-19 16:03:52.576 +0200
548,35,2024-09-17 09:20:00.000 +0300,58,8.4,28,high,0,2026-01-19 16:03:52.576 +0200
549,35,2024-09-17 09:25:00.000 +0300,60,8.6,29,high,0,2026-01-19 16:03:52.576 +0200
550,35,2024-09-17 09:30:00.000 +0300,62,8.8,30,high,0,2026-01-19 16:03:52.576 +0200
551,35,2024-09-17 09:35:00.000 +0300,64,9.0,31,high,0,2026-01-19 16:03:52.576 +0200
552,35,2024-09-17 09:40:00.000 +0300,66,9.2,32,high,0,2026-01-19 16:03:52.576 +0200
553,35,2024-09-17 09:45:00.000 +0300,68,9.4,33,high,0,2026-01-19 16:03:52.576 +0200
554,35,2024-09-17 09:50:00.000 +0300,70,9.6,34,high,0,2026-01-19 16:03:52.576 +0200
555,35,2024-09-17 09:55:00.000 +0300,72,9.8,35,high,0,2026-01-19 16:03:52.576 +0200
556,35,2024-09-17 10:00:00.000 +0300,74,10.0,36,high,0,2026-01-19 16:03:52.576 +0200
557,35,2024-09-17 10:05:00.000 +0300,76,10.2,37,high,0,2026-01-19 16:03:52.576 +0200
558,35,2024-09-17 10:10:00.000 +0300,78,10.4,38,high,0,2026-01-19 16:03:52.576 +0200
559,35,2024-09-17 10:15:00.000 +0300,80,10.6,39,high,0,2026-01-19 16:03:52.576 +0200
560,35,2024-09-17 10:20:00.000 +0300,82,10.8,40,high,0,2026-01-19 16:03:52.576 +0200
561,36,2024-09-17 10:25:00.000 +0300,84,11.0,41,high,0,2026-01-19 16:03:52.576 +0200
562,36,2024-09-17 10:30:00.000 +0300,86,11.2,42,high,0,2026-01-19 16:03:52.576 +0200
563,36,2024-09-17 10:35:00.000 +0300,88,11.4,43,high,0,2026-01-19 16:03:52.576 +0200
564,36,2024-09-18 09:00:00.000 +0300,61,8.1,27,medium,0,2026-01-19 16:03:52.576 +0200
565,36,2024-09-18 09:05:00.000 +0300,63,8.3,28,medium,0,2026-01-19 16:03:52.576 +0200
566,36,2024-09-18 09:10:00.000 +0300,65,8.5,29,medium,0,2026-01-19 16:03:52.576 +0200
567,36,2024-09-18 09:15:00.000 +0300,67,8.7,30,high,0,2026-01-19 16:03:52.576 +0200
568,36,2024-09-18 09:20:00.000 +0300,69,8.9,31,high,0,2026-01-19 16:03:52.576 +0200
569,36,2024-09-18 09:25:00.000 +0300,71,9.1,32,high,0,2026-01-19 16:03:52.576 +0200
570,36,2024-09-18 09:30:00.000 +0300,73,9.3,33,high,0,2026-01-19 16:03:52.576 +0200
571,36,2024-09-18 09:35:00.000 +0300,75,9.5,34,high,0,2026-01-19 16:03:52.576 +0200
572,36,2024-09-18 09:40:00.000 +0300,77,9.7,35,high,0,2026-01-19 16:03:52.576 +0200
573,36,2024-09-18 09:45:00.000 +0300,79,9.9,36,high,0,2026-01-19 16:03:52.576 +0200
574,36,2024-09-18 09:00:00.000 +0300,58,7.9,25,medium,0,2026-01-19 16:03:52.576 +0200
575,36,2024-09-18 09:05:00.000 +0300,60,8.1,26,medium,0,2026-01-19 16:03:52.576 +0200
576,36,2024-09-18 09:10:00.000 +0300,62,8.3,27,medium,0,2026-01-19 16:03:52.576 +0200
577,37,2024-09-18 09:15:00.000 +0300,64,8.5,28,medium,0,2026-01-19 16:03:52.576 +0200
578,37,2024-09-18 09:20:00.000 +0300,66,8.7,29,high,0,2026-01-19 16:03:52.576 +0200
579,37,2024-09-18 09:25:00.000 +0300,68,8.9,30,high,0,2026-01-19 16:03:52.576 +0200
580,37,2024-09-18 09:30:00.000 +0300,70,9.1,31,high,0,2026-01-19 16:03:52.576 +0200
581,37,2024-09-18 09:35:00.000 +0300,72,9.3,32,high,0,2026-01-19 16:03:52.576 +0200
582,37,2024-09-18 09:40:00.000 +0300,74,9.5,33,high,0,2026-01-19 16:03:52.576 +0200
583,37,2024-09-18 09:45:00.000 +0300,76,9.7,34,high,0,2026-01-19 16:03:52.576 +0200
584,37,2024-09-18 09:00:00.000 +0300,64,8.4,28,medium,0,2026-01-19 16:03:52.576 +0200
585,37,2024-09-18 09:05:00.000 +0300,66,8.6,29,medium,0,2026-01-19 16:03:52.576 +0200
586,37,2024-09-18 09:10:00.000 +0300,68,8.8,30,high,0,2026-01-19 16:03:52.576 +0200
587,37,2024-09-18 09:15:00.000 +0300,70,9.0,31,high,0,2026-01-19 16:03:52.576 +0200
588,37,2024-09-18 09:20:00.000 +0300,72,9.2,32,high,0,2026-01-19 16:03:52.576 +0200
589,37,2024-09-18 09:25:00.000 +0300,74,9.4,33,high,0,2026-01-19 16:03:52.576 +0200
590,37,2024-09-18 09:30:00.000 +0300,76,9.6,34,high,0,2026-01-19 16:03:52.576 +0200
591,37,2024-09-18 09:35:00.000 +0300,78,9.8,35,high,0,2026-01-19 16:03:52.576 +0200
592,37,2024-09-18 09:40:00.000 +0300,80,10.0,36,high,0,2026-01-19 16:03:52.576 +0200
593,38,2024-09-18 09:45:00.000 +0300,82,10.2,37,high,0,2026-01-19 16:03:52.576 +0200
594,38,2024-09-18 09:00:00.000 +0300,55,7.6,24,medium,0,2026-01-19 16:03:52.576 +0200
595,38,2024-09-18 09:05:00.000 +0300,57,7.8,25,medium,0,2026-01-19 16:03:52.576 +0200
596,38,2024-09-18 09:10:00.000 +0300,59,8.0,26,medium,0,2026-01-19 16:03:52.576 +0200
597,38,2024-09-18 09:15:00.000 +0300,61,8.2,27,medium,0,2026-01-19 16:03:52.576 +0200
598,38,2024-09-18 09:20:00.000 +0300,63,8.4,28,high,0,2026-01-19 16:03:52.576 +0200
599,38,2024-09-18 09:25:00.000 +0300,65,8.6,29,high,0,2026-01-19 16:03:52.576 +0200
600,38,2024-09-18 09:30:00.000 +0300,67,8.8,30,high,0,2026-01-19 16:03:52.576 +0200
601,38,2024-09-18 09:35:00.000 +0300,69,9.0,31,high,0,2026-01-19 16:03:52.576 +0200
602,38,2024-09-18 09:40:00.000 +0300,71,9.2,32,high,0,2026-01-19 16:03:52.576 +0200
603,38,2024-09-18 09:45:00.000 +0300,73,9.4,33,high,0,2026-01-19 16:03:52.576 +0200
604,38,2024-09-18 09:00:00.000 +0300,69,8.9,30,high,0,2026-01-19 16:03:52.576 +0200
605,38,2024-09-18 09:05:00.000 +0300,71,9.1,31,high,0,2026-01-19 16:03:52.576 +0200
606,38,2024-09-18 09:10:00.000 +0300,73,9.3,32,high,0,2026-01-19 16:03:52.576 +0200
607,38,2024-09-18 09:15:00.000 +0300,75,9.5,33,high,0,2026-01-19 16:03:52.576 +0200
608,38,2024-09-18 09:20:00.000 +0300,77,9.7,34,high,0,2026-01-19 16:03:52.576 +0200
609,39,2024-09-18 09:25:00.000 +0300,79,9.9,35,high,0,2026-01-19 16:03:52.576 +0200
610,39,2024-09-18 09:30:00.000 +0300,81,10.1,36,high,0,2026-01-19 16:03:52.576 +0200
611,39,2024-09-18 09:35:00.000 +0300,83,10.3,37,high,0,2026-01-19 16:03:52.576 +0200
612,39,2024-09-18 09:40:00.000 +0300,85,10.5,38,high,0,2026-01-19 16:03:52.576 +0200
613,39,2024-09-18 09:45:00.000 +0300,87,10.7,39,high,0,2026-01-19 16:03:52.576 +0200
614,39,2024-09-18 09:00:00.000 +0300,62,8.2,27,medium,0,2026-01-19 16:03:52.576 +0200
615,39,2024-09-18 09:05:00.000 +0300,64,8.4,28,medium,0,2026-01-19 16:03:52.576 +0200
616,39,2024-09-18 09:10:00.000 +0300,66,8.6,29,medium,0,2026-01-19 16:03:52.576 +0200
617,39,2024-09-18 09:15:00.000 +0300,68,8.8,30,high,0,2026-01-19 16:03:52.576 +0200
618,39,2024-09-18 09:20:00.000 +0300,70,9.0,31,high,0,2026-01-19 16:03:52.576 +0200
619,39,2024-09-18 09:25:00.000 +0300,72,9.2,32,high,0,2026-01-19 16:03:52.576 +0200
620,39,2024-09-18 09:30:00.000 +0300,74,9.4,33,high,0,2026-01-19 16:03:52.576 +0200
621,39,2024-09-18 09:35:00.000 +0300,76,9.6,34,high,0,2026-01-19 16:03:52.576 +0200
622,39,2024-09-18 09:40:00.000 +0300,78,9.8,35,high,0,2026-01-19 16:03:52.576 +0200
623,39,2024-09-18 09:45:00.000 +0300,80,10.0,36,high,0,2026-01-19 16:03:52.576 +0200
624,39,2024-09-18 09:00:00.000 +0300,57,7.8,25,medium,0,2026-01-19 16:03:52.576 +0200
625,40,2024-09-18 09:05:00.000 +0300,59,8.0,26,medium,0,2026-01-19 16:03:52.576 +0200
626,40,2024-09-18 09:10:00.000 +0300,61,8.2,27,medium,0,2026-01-19 16:03:52.576 +0200
627,40,2024-09-18 09:15:00.000 +0300,63,8.4,28,medium,0,2026-01-19 16:03:52.576 +0200
628,40,2024-09-18 09:20:00.000 +0300,65,8.6,29,high,0,2026-01-19 16:03:52.576 +0200
629,40,2024-09-18 09:25:00.000 +0300,67,8.8,30,high,0,2026-01-19 16:03:52.576 +0200
630,40,2024-09-18 09:30:00.000 +0300,69,9.0,31,high,0,2026-01-19 16:03:52.576 +0200
631,40,2024-09-18 09:35:00.000 +0300,71,9.2,32,high,0,2026-01-19 16:03:52.576 +0200
632,40,2024-09-18 09:40:00.000 +0300,73,9.4,33,high,0,2026-01-19 16:03:52.576 +0200
633,40,2024-09-18 09:45:00.000 +0300,75,9.6,34,high,0,2026-01-19 16:03:52.576 +0200
634,40,2024-09-18 09:00:00.000 +0300,66,8.6,29,medium,0,2026-01-19 16:03:52.576 +0200
635,40,2024-09-18 09:05:00.000 +0300,68,8.8,30,medium,0,2026-01-19 16:03:52.576 +0200
636,40,2024-09-18 09:10:00.000 +0300,70,9.0,31,high,0,2026-01-19 16:03:52.576 +0200
637,40,2024-09-18 09:15:00.000 +0300,72,9.2,32,high,0,2026-01-19 16:03:52.576 +0200
638,40,2024-09-18 09:20:00.000 +0300,74,9.4,33,high,0,2026-01-19 16:03:52.576 +0200
639,40,2024-09-18 09:25:00.000 +0300,76,9.6,34,high,0,2026-01-19 16:03:52.576 +0200
640,40,2024-09-18 09:30:00.000 +0300,78,9.8,35,high,0,2026-01-19 16:03:52.576 +0200
641,41,2024-09-18 09:35:00.000 +0300,80,10.0,36,high,0,2026-01-19 16:03:52.576 +0200
642,41,2024-09-18 09:40:00.000 +0300,82,10.2,37,high,0,2026-01-19 16:03:52.576 +0200
643,41,2024-09-18 09:45:00.000 +0300,84,10.4,38,high,0,2026-01-19 16:03:52.576 +0200
644,41,2024-09-18 09:00:00.000 +0300,59,7.9,26,medium,0,2026-01-19 16:03:52.576 +0200
645,41,2024-09-18 09:05:00.000 +0300,61,8.1,27,medium,0,2026-01-19 16:03:52.576 +0200
646,41,2024-09-18 09:10:00.000 +0300,63,8.3,28,medium,0,2026-01-19 16:03:52.576 +0200
647,41,2024-09-18 09:15:00.000 +0300,65,8.5,29,medium,0,2026-01-19 16:03:52.576 +0200
648,41,2024-09-18 09:20:00.000 +0300,67,8.7,30,high,0,2026-01-19 16:03:52.576 +0200
649,41,2024-09-18 09:25:00.000 +0300,69,8.9,31,high,0,2026-01-19 16:03:52.576 +0200
650,41,2024-09-18 09:30:00.000 +0300,71,9.1,32,high,0,2026-01-19 16:03:52.576 +0200
651,41,2024-09-18 09:35:00.000 +0300,73,9.3,33,high,0,2026-01-19 16:03:52.576 +0200
652,41,2024-09-18 09:40:00.000 +0300,75,9.5,34,high,0,2026-01-19 16:03:52.576 +0200
653,41,2024-09-18 09:45:00.000 +0300,77,9.7,35,high,0,2026-01-19 16:03:52.576 +0200
654,41,2024-09-18 09:00:00.000 +0300,63,8.3,27,medium,0,2026-01-19 16:03:52.576 +0200
655,41,2024-09-18 09:05:00.000 +0300,65,8.5,28,medium,0,2026-01-19 16:03:52.576 +0200
656,41,2024-09-18 09:10:00.000 +0300,67,8.7,29,medium,0,2026-01-19 16:03:52.576 +0200
657,42,2024-09-18 09:15:00.000 +0300,69,8.9,30,high,0,2026-01-19 16:03:52.576 +0200
658,42,2024-09-18 09:20:00.000 +0300,71,9.1,31,high,0,2026-01-19 16:03:52.576 +0200
659,42,2024-09-18 09:25:00.000 +0300,73,9.3,32,high,0,2026-01-19 16:03:52.576 +0200
660,42,2024-09-18 09:30:00.000 +0300,75,9.5,33,high,0,2026-01-19 16:03:52.576 +0200
661,42,2024-09-18 09:35:00.000 +0300,77,9.7,34,high,0,2026-01-19 16:03:52.576 +0200
662,42,2024-09-18 09:40:00.000 +0300,79,9.9,35,high,0,2026-01-19 16:03:52.576 +0200
663,42,2024-09-18 09:45:00.000 +0300,81,10.1,36,high,0,2026-01-19 16:03:52.576 +0200
664,42,2024-09-19 08:00:00.000 +0300,48,7.1,22,medium,0,2026-01-19 16:03:52.576 +0200
665,42,2024-09-19 08:05:00.000 +0300,50,7.3,23,medium,0,2026-01-19 16:03:52.576 +0200
666,42,2024-09-19 08:10:00.000 +0300,52,7.5,24,medium,0,2026-01-19 16:03:52.576 +0200
667,42,2024-09-19 08:15:00.000 +0300,54,7.7,25,medium,0,2026-01-19 16:03:52.576 +0200
668,42,2024-09-19 08:20:00.000 +0300,56,7.9,26,high,0,2026-01-19 16:03:52.576 +0200
669,42,2024-09-19 08:25:00.000 +0300,58,8.1,27,high,0,2026-01-19 16:03:52.576 +0200
670,42,2024-09-19 08:30:00.000 +0300,60,8.3,28,high,0,2026-01-19 16:03:52.576 +0200
671,42,2024-09-19 08:35:00.000 +0300,62,8.5,29,high,0,2026-01-19 16:03:52.576 +0200
672,42,2024-09-19 08:40:00.000 +0300,64,8.7,30,high,0,2026-01-19 16:03:52.576 +0200
673,43,2024-09-19 08:45:00.000 +0300,66,8.9,31,high,0,2026-01-19 16:03:52.576 +0200
674,43,2024-09-19 08:00:00.000 +0300,45,6.8,21,medium,0,2026-01-19 16:03:52.576 +0200
675,43,2024-09-19 08:05:00.000 +0300,47,7.0,22,medium,0,2026-01-19 16:03:52.576 +0200
676,43,2024-09-19 08:10:00.000 +0300,49,7.2,23,medium,0,2026-01-19 16:03:52.576 +0200
677,43,2024-09-19 08:15:00.000 +0300,51,7.4,24,medium,0,2026-01-19 16:03:52.576 +0200
678,43,2024-09-19 08:20:00.000 +0300,53,7.6,25,high,0,2026-01-19 16:03:52.576 +0200
679,43,2024-09-19 08:25:00.000 +0300,55,7.8,26,high,0,2026-01-19 16:03:52.576 +0200
680,43,2024-09-19 08:30:00.000 +0300,57,8.0,27,high,0,2026-01-19 16:03:52.576 +0200
681,43,2024-09-19 08:35:00.000 +0300,59,8.2,28,high,0,2026-01-19 16:03:52.576 +0200
682,43,2024-09-19 08:40:00.000 +0300,61,8.4,29,high,0,2026-01-19 16:03:52.576 +0200
683,43,2024-09-19 08:45:00.000 +0300,63,8.6,30,high,0,2026-01-19 16:03:52.576 +0200
684,43,2024-09-19 08:00:00.000 +0300,52,7.6,24,medium,0,2026-01-19 16:03:52.576 +0200
685,43,2024-09-19 08:05:00.000 +0300,54,7.8,25,medium,0,2026-01-19 16:03:52.576 +0200
686,43,2024-09-19 08:10:00.000 +0300,56,8.0,26,medium,0,2026-01-19 16:03:52.576 +0200
687,43,2024-09-19 08:15:00.000 +0300,58,8.2,27,medium,0,2026-01-19 16:03:52.576 +0200
688,43,2024-09-19 08:20:00.000 +0300,60,8.4,28,high,0,2026-01-19 16:03:52.576 +0200
689,44,2024-09-19 08:25:00.000 +0300,62,8.6,29,high,0,2026-01-19 16:03:52.576 +0200
690,44,2024-09-19 08:30:00.000 +0300,64,8.8,30,high,0,2026-01-19 16:03:52.576 +0200
691,44,2024-09-19 08:35:00.000 +0300,66,9.0,31,high,0,2026-01-19 16:03:52.576 +0200
692,44,2024-09-19 08:40:00.000 +0300,68,9.2,32,high,0,2026-01-19 16:03:52.576 +0200
693,44,2024-09-19 08:45:00.000 +0300,70,9.4,33,high,0,2026-01-19 16:03:52.576 +0200
694,44,2024-09-19 08:00:00.000 +0300,46,6.9,22,medium,0,2026-01-19 16:03:52.576 +0200
695,44,2024-09-19 08:05:00.000 +0300,48,7.1,23,medium,0,2026-01-19 16:03:52.576 +0200
696,44,2024-09-19 08:10:00.000 +0300,50,7.3,24,medium,0,2026-01-19 16:03:52.576 +0200
697,44,2024-09-19 08:15:00.000 +0300,52,7.5,25,medium,0,2026-01-19 16:03:52.576 +0200
698,44,2024-09-19 08:20:00.000 +0300,54,7.7,26,high,0,2026-01-19 16:03:52.576 +0200
699,44,2024-09-19 08:25:00.000 +0300,56,7.9,27,high,0,2026-01-19 16:03:52.576 +0200
700,44,2024-09-19 08:30:00.000 +0300,58,8.1,28,high,0,2026-01-19 16:03:52.576 +0200
701,44,2024-09-19 08:35:00.000 +0300,60,8.3,29,high,0,2026-01-19 16:03:52.576 +0200
702,44,2024-09-19 08:40:00.000 +0300,62,8.5,30,high,0,2026-01-19 16:03:52.576 +0200
703,44,2024-09-19 08:45:00.000 +0300,64,8.7,31,high,0,2026-01-19 16:03:52.576 +0200
704,44,2024-09-19 08:00:00.000 +0300,55,8.0,25,medium,0,2026-01-19 16:03:52.576 +0200
705,45,2024-09-19 08:05:00.000 +0300,57,8.2,26,medium,0,2026-01-19 16:03:52.576 +0200
706,45,2024-09-19 08:10:00.000 +0300,59,8.4,27,medium,0,2026-01-19 16:03:52.576 +0200
707,45,2024-09-19 08:15:00.000 +0300,61,8.6,28,medium,0,2026-01-19 16:03:52.576 +0200
708,45,2024-09-19 08:20:00.000 +0300,63,8.8,29,high,0,2026-01-19 16:03:52.576 +0200
709,45,2024-09-19 08:25:00.000 +0300,65,9.0,30,high,0,2026-01-19 16:03:52.576 +0200
710,45,2024-09-19 08:30:00.000 +0300,67,9.2,31,high,0,2026-01-19 16:03:52.576 +0200
711,45,2024-09-19 08:35:00.000 +0300,69,9.4,32,high,0,2026-01-19 16:03:52.576 +0200
712,45,2024-09-19 08:40:00.000 +0300,71,9.6,33,high,0,2026-01-19 16:03:52.576 +0200
713,45,2024-09-19 08:45:00.000 +0300,73,9.8,34,high,0,2026-01-19 16:03:52.576 +0200
714,45,2024-09-19 08:00:00.000 +0300,49,7.2,23,medium,0,2026-01-19 16:03:52.576 +0200
715,45,2024-09-19 08:05:00.000 +0300,51,7.4,24,medium,0,2026-01-19 16:03:52.576 +0200
716,45,2024-09-19 08:10:00.000 +0300,53,7.6,25,medium,0,2026-01-19 16:03:52.576 +0200
717,45,2024-09-19 08:15:00.000 +0300,55,7.8,26,medium,0,2026-01-19 16:03:52.576 +0200
718,45,2024-09-19 08:20:00.000 +0300,57,8.0,27,high,0,2026-01-19 16:03:52.576 +0200
719,45,2024-09-19 08:25:00.000 +0300,59,8.2,28,high,0,2026-01-19 16:03:52.576 +0200
720,45,2024-09-19 08:30:00.000 +0300,61,8.4,29,high,0,2026-01-19 16:03:52.576 +0200
721,46,2024-09-19 08:35:00.000 +0300,63,8.6,30,high,0,2026-01-19 16:03:52.576 +0200
722,46,2024-09-19 08:40:00.000 +0300,65,8.8,31,high,0,2026-01-19 16:03:52.576 +0200
723,46,2024-09-19 08:45:00.000 +0300,67,9.0,32,high,0,2026-01-19 16:03:52.576 +0200
724,46,2024-09-19 08:00:00.000 +0300,53,7.7,24,medium,0,2026-01-19 16:03:52.576 +0200
725,46,2024-09-19 08:05:00.000 +0300,55,7.9,25,medium,0,2026-01-19 16:03:52.576 +0200
726,46,2024-09-19 08:10:00.000 +0300,57,8.1,26,medium,0,2026-01-19 16:03:52.576 +0200
727,46,2024-09-19 08:15:00.000 +0300,59,8.3,27,medium,0,2026-01-19 16:03:52.576 +0200
728,46,2024-09-19 08:20:00.000 +0300,61,8.5,28,high,0,2026-01-19 16:03:52.576 +0200
729,46,2024-09-19 08:25:00.000 +0300,63,8.7,29,high,0,2026-01-19 16:03:52.576 +0200
730,46,2024-09-19 08:30:00.000 +0300,65,8.9,30,high,0,2026-01-19 16:03:52.576 +0200
731,46,2024-09-19 08:35:00.000 +0300,67,9.1,31,high,0,2026-01-19 16:03:52.576 +0200
732,46,2024-09-19 08:40:00.000 +0300,69,9.3,32,high,0,2026-01-19 16:03:52.576 +0200
733,46,2024-09-19 08:45:00.000 +0300,71,9.5,33,high,0,2026-01-19 16:03:52.576 +0200
734,46,2024-09-19 08:00:00.000 +0300,47,7.0,22,medium,0,2026-01-19 16:03:52.576 +0200
735,46,2024-09-19 08:05:00.000 +0300,49,7.2,23,medium,0,2026-01-19 16:03:52.576 +0200
736,46,2024-09-19 08:10:00.000 +0300,51,7.4,24,medium,0,2026-01-19 16:03:52.576 +0200
737,47,2024-09-19 08:15:00.000 +0300,53,7.6,25,medium,0,2026-01-19 16:03:52.576 +0200
738,47,2024-09-19 08:20:00.000 +0300,55,7.8,26,high,0,2026-01-19 16:03:52.576 +0200
739,47,2024-09-19 08:25:00.000 +0300,57,8.0,27,high,0,2026-01-19 16:03:52.576 +0200
740,47,2024-09-19 08:30:00.000 +0300,59,8.2,28,high,0,2026-01-19 16:03:52.576 +0200
741,47,2024-09-19 08:35:00.000 +0300,61,8.4,29,high,0,2026-01-19 16:03:52.576 +0200
742,47,2024-09-19 08:40:00.000 +0300,63,8.6,30,high,0,2026-01-19 16:03:52.576 +0200
743,47,2024-09-19 08:45:00.000 +0300,65,8.8,31,high,0,2026-01-19 16:03:52.576 +0200
744,47,2024-09-19 08:00:00.000 +0300,54,7.8,25,medium,0,2026-01-19 16:03:52.576 +0200
745,47,2024-09-19 08:05:00.000 +0300,56,8.0,26,medium,0,2026-01-19 16:03:52.576 +0200
746,47,2024-09-19 08:10:00.000 +0300,58,8.2,27,medium,0,2026-01-19 16:03:52.576 +0200
747,47,2024-09-19 08:15:00.000 +0300,60,8.4,28,medium,0,2026-01-19 16:03:52.576 +0200
748,47,2024-09-19 08:20:00.000 +0300,62,8.6,29,high,0,2026-01-19 16:03:52.576 +0200
749,47,2024-09-19 08:25:00.000 +0300,64,8.8,30,high,0,2026-01-19 16:03:52.576 +0200
750,47,2024-09-19 08:30:00.000 +0300,66,9.0,31,high,0,2026-01-19 16:03:52.576 +0200
751,47,2024-09-19 08:35:00.000 +0300,68,9.2,32,high,0,2026-01-19 16:03:52.576 +0200
752,47,2024-09-19 08:40:00.000 +0300,70,9.4,33,high,0,2026-01-19 16:03:52.576 +0200
753,48,2024-09-19 08:45:00.000 +0300,72,9.6,34,high,0,2026-01-19 16:03:52.576 +0200
754,48,2024-09-19 08:00:00.000 +0300,50,7.3,23,medium,0,2026-01-19 16:03:52.576 +0200
755,48,2024-09-19 08:05:00.000 +0300,52,7.5,24,medium,0,2026-01-19 16:03:52.576 +0200
756,48,2024-09-19 08:10:00.000 +0300,54,7.7,25,medium,0,2026-01-19 16:03:52.576 +0200
757,48,2024-09-19 08:15:00.000 +0300,56,7.9,26,medium,0,2026-01-19 16:03:52.576 +0200
758,48,2024-09-19 08:20:00.000 +0300,58,8.1,27,high,0,2026-01-19 16:03:52.576 +0200
759,48,2024-09-19 08:25:00.000 +0300,60,8.3,28,high,0,2026-01-19 16:03:52.576 +0200
760,48,2024-09-19 08:30:00.000 +0300,62,8.5,29,high,0,2026-01-19 16:03:52.576 +0200
761,48,2024-09-19 08:35:00.000 +0300,64,8.7,30,high,0,2026-01-19 16:03:52.576 +0200
762,48,2024-09-19 08:40:00.000 +0300,66,8.9,31,high,0,2026-01-19 16:03:52.576 +0200
763,48,2024-09-19 08:45:00.000 +0300,68,9.1,32,high,0,2026-01-19 16:03:52.576 +0200
764,48,2024-09-20 09:00:00.000 +0300,58,8.0,26,medium,0,2026-01-19 16:03:52.576 +0200
765,48,2024-09-20 09:05:00.000 +0300,60,8.2,27,medium,0,2026-01-19 16:03:52.576 +0200
766,48,2024-09-20 09:10:00.000 +0300,62,8.4,28,medium,0,2026-01-19 16:03:52.576 +0200
767,48,2024-09-20 09:15:00.000 +0300,64,8.6,29,medium,0,2026-01-19 16:03:52.576 +0200
768,48,2024-09-20 09:20:00.000 +0300,66,8.8,30,high,0,2026-01-19 16:03:52.576 +0200
769,49,2024-09-20 09:25:00.000 +0300,68,9.0,31,high,0,2026-01-19 16:03:52.576 +0200
770,49,2024-09-20 09:30:00.000 +0300,70,9.2,32,high,0,2026-01-19 16:03:52.576 +0200
771,49,2024-09-20 09:35:00.000 +0300,72,9.4,33,high,0,2026-01-19 16:03:52.576 +0200
772,49,2024-09-20 09:40:00.000 +0300,74,9.6,34,high,0,2026-01-19 16:03:52.576 +0200
773,49,2024-09-20 09:45:00.000 +0300,76,9.8,35,high,0,2026-01-19 16:03:52.576 +0200
774,49,2024-09-20 09:00:00.000 +0300,54,7.6,24,medium,0,2026-01-19 16:03:52.576 +0200
775,49,2024-09-20 09:05:00.000 +0300,56,7.8,25,medium,0,2026-01-19 16:03:52.576 +0200
776,49,2024-09-20 09:10:00.000 +0300,58,8.0,26,medium,0,2026-01-19 16:03:52.576 +0200
777,49,2024-09-20 09:15:00.000 +0300,60,8.2,27,medium,0,2026-01-19 16:03:52.576 +0200
778,49,2024-09-20 09:20:00.000 +0300,62,8.4,28,high,0,2026-01-19 16:03:52.576 +0200
779,49,2024-09-20 09:25:00.000 +0300,64,8.6,29,high,0,2026-01-19 16:03:52.576 +0200
780,49,2024-09-20 09:30:00.000 +0300,66,8.8,30,high,0,2026-01-19 16:03:52.576 +0200
781,49,2024-09-20 09:35:00.000 +0300,68,9.0,31,high,0,2026-01-19 16:03:52.576 +0200
782,49,2024-09-20 09:40:00.000 +0300,70,9.2,32,high,0,2026-01-19 16:03:52.576 +0200
783,49,2024-09-20 09:45:00.000 +0300,72,9.4,33,high,0,2026-01-19 16:03:52.576 +0200
784,49,2024-09-20 09:00:00.000 +0300,61,8.3,27,medium,0,2026-01-19 16:03:52.576 +0200
785,50,2024-09-20 09:05:00.000 +0300,63,8.5,28,medium,0,2026-01-19 16:03:52.576 +0200
786,50,2024-09-20 09:10:00.000 +0300,65,8.7,29,medium,0,2026-01-19 16:03:52.576 +0200
787,50,2024-09-20 09:15:00.000 +0300,67,8.9,30,high,0,2026-01-19 16:03:52.576 +0200
788,50,2024-09-20 09:20:00.000 +0300,69,9.1,31,high,0,2026-01-19 16:03:52.576 +0200
789,50,2024-09-20 09:25:00.000 +0300,71,9.3,32,high,0,2026-01-19 16:03:52.576 +0200
790,50,2024-09-20 09:30:00.000 +0300,73,9.5,33,high,0,2026-01-19 16:03:52.576 +0200
791,50,2024-09-20 09:35:00.000 +0300,75,9.7,34,high,0,2026-01-19 16:03:52.576 +0200
792,50,2024-09-20 09:40:00.000 +0300,77,9.9,35,high,0,2026-01-19 16:03:52.576 +0200
793,50,2024-09-20 09:45:00.000 +0300,79,10.1,36,high,0,2026-01-19 16:03:52.576 +0200
794,50,2024-09-20 09:00:00.000 +0300,52,7.4,23,medium,0,2026-01-19 16:03:52.576 +0200
795,50,2024-09-20 09:05:00.000 +0300,54,7.6,24,medium,0,2026-01-19 16:03:52.576 +0200
796,50,2024-09-20 09:10:00.000 +0300,56,7.8,25,medium,0,2026-01-19 16:03:52.576 +0200
797,50,2024-09-20 09:15:00.000 +0300,58,8.0,26,medium,0,2026-01-19 16:03:52.576 +0200
798,50,2024-09-20 09:20:00.000 +0300,60,8.2,27,high,0,2026-01-19 16:03:52.576 +0200
799,50,2024-09-20 09:25:00.000 +0300,62,8.4,28,high,0,2026-01-19 16:03:52.576 +0200
800,50,2024-09-20 09:30:00.000 +0300,64,8.6,29,high,0,2026-01-19 16:03:52.576 +0200
801,51,2024-09-20 09:35:00.000 +0300,66,8.8,30,high,0,2026-01-19 16:03:52.576 +0200
802,51,2024-09-20 09:40:00.000 +0300,68,9.0,31,high,0,2026-01-19 16:03:52.576 +0200
803,51,2024-09-20 09:45:00.000 +0300,70,9.2,32,high,0,2026-01-19 16:03:52.576 +0200
804,51,2024-09-20 09:00:00.000 +0300,65,8.8,29,medium,0,2026-01-19 16:03:52.576 +0200
805,51,2024-09-20 09:05:00.000 +0300,67,9.0,30,medium,0,2026-01-19 16:03:52.576 +0200
806,51,2024-09-20 09:10:00.000 +0300,69,9.2,31,medium,0,2026-01-19 16:03:52.576 +0200
807,51,2024-09-20 09:15:00.000 +0300,71,9.4,32,high,0,2026-01-19 16:03:52.576 +0200
808,51,2024-09-20 09:20:00.000 +0300,73,9.6,33,high,0,2026-01-19 16:03:52.576 +0200
809,51,2024-09-20 09:25:00.000 +0300,75,9.8,34,high,0,2026-01-19 16:03:52.576 +0200
810,51,2024-09-20 09:30:00.000 +0300,77,10.0,35,high,0,2026-01-19 16:03:52.576 +0200
811,51,2024-09-20 09:35:00.000 +0300,79,10.2,36,high,0,2026-01-19 16:03:52.576 +0200
812,51,2024-09-20 09:40:00.000 +0300,81,10.4,37,high,0,2026-01-19 16:03:52.576 +0200
813,51,2024-09-20 09:45:00.000 +0300,83,10.6,38,high,0,2026-01-19 16:03:52.576 +0200
814,51,2024-09-20 09:00:00.000 +0300,57,7.9,25,medium,0,2026-01-19 16:03:52.576 +0200
815,51,2024-09-20 09:05:00.000 +0300,59,8.1,26,medium,0,2026-01-19 16:03:52.576 +0200
816,51,2024-09-20 09:10:00.000 +0300,61,8.3,27,medium,0,2026-01-19 16:03:52.576 +0200
817,52,2024-09-20 09:15:00.000 +0300,63,8.5,28,medium,0,2026-01-19 16:03:52.576 +0200
818,52,2024-09-20 09:20:00.000 +0300,65,8.7,29,high,0,2026-01-19 16:03:52.576 +0200
819,52,2024-09-20 09:25:00.000 +0300,67,8.9,30,high,0,2026-01-19 16:03:52.576 +0200
820,52,2024-09-20 09:30:00.000 +0300,69,9.1,31,high,0,2026-01-19 16:03:52.576 +0200
821,52,2024-09-20 09:35:00.000 +0300,71,9.3,32,high,0,2026-01-19 16:03:52.576 +0200
822,52,2024-09-20 09:40:00.000 +0300,73,9.5,33,high,0,2026-01-19 16:03:52.576 +0200
823,52,2024-09-20 09:45:00.000 +0300,75,9.7,34,high,0,2026-01-19 16:03:52.576 +0200
824,52,2024-09-20 09:00:00.000 +0300,60,8.2,26,medium,0,2026-01-19 16:03:52.576 +0200
825,52,2024-09-20 09:05:00.000 +0300,62,8.4,27,medium,0,2026-01-19 16:03:52.576 +0200
826,52,2024-09-20 09:10:00.000 +0300,64,8.6,28,medium,0,2026-01-19 16:03:52.576 +0200
827,52,2024-09-20 09:15:00.000 +0300,66,8.8,29,high,0,2026-01-19 16:03:52.576 +0200
828,52,2024-09-20 09:20:00.000 +0300,68,9.0,30,high,0,2026-01-19 16:03:52.576 +0200
829,52,2024-09-20 09:25:00.000 +0300,70,9.2,31,high,0,2026-01-19 16:03:52.576 +0200
830,52,2024-09-20 09:30:00.000 +0300,72,9.4,32,high,0,2026-01-19 16:03:52.576 +0200
831,52,2024-09-20 09:35:00.000 +0300,74,9.6,33,high,0,2026-01-19 16:03:52.576 +0200
832,52,2024-09-20 09:40:00.000 +0300,76,9.8,34,high,0,2026-01-19 16:03:52.576 +0200
833,53,2024-09-20 09:45:00.000 +0300,78,10.0,35,high,0,2026-01-19 16:03:52.576 +0200
834,53,2024-09-20 09:00:00.000 +0300,56,7.8,24,medium,0,2026-01-19 16:03:52.576 +0200
835,53,2024-09-20 09:05:00.000 +0300,58,8.0,25,medium,0,2026-01-19 16:03:52.576 +0200
836,53,2024-09-20 09:10:00.000 +0300,60,8.2,26,medium,0,2026-01-19 16:03:52.576 +0200
837,53,2024-09-20 09:15:00.000 +0300,62,8.4,27,medium,0,2026-01-19 16:03:52.576 +0200
838,53,2024-09-20 09:20:00.000 +0300,64,8.6,28,high,0,2026-01-19 16:03:52.576 +0200
839,53,2024-09-20 09:25:00.000 +0300,66,8.8,29,high,0,2026-01-19 16:03:52.576 +0200
840,53,2024-09-20 09:30:00.000 +0300,68,9.0,30,high,0,2026-01-19 16:03:52.576 +0200
841,53,2024-09-20 09:35:00.000 +0300,70,9.2,31,high,0,2026-01-19 16:03:52.576 +0200
842,53,2024-09-20 09:40:00.000 +0300,72,9.4,32,high,0,2026-01-19 16:03:52.576 +0200
843,53,2024-09-20 09:45:00.000 +0300,74,9.6,33,high,0,2026-01-19 16:03:52.576 +0200
844,53,2024-09-20 09:00:00.000 +0300,63,8.5,28,medium,0,2026-01-19 16:03:52.576 +0200
845,53,2024-09-20 09:05:00.000 +0300,65,8.7,29,medium,0,2026-01-19 16:03:52.576 +0200
846,53,2024-09-20 09:10:00.000 +0300,67,8.9,30,medium,0,2026-01-19 16:03:52.576 +0200
847,53,2024-09-20 09:15:00.000 +0300,69,9.1,31,high,0,2026-01-19 16:03:52.576 +0200
848,53,2024-09-20 09:20:00.000 +0300,71,9.3,32,high,0,2026-01-19 16:03:52.576 +0200
849,54,2024-09-20 09:25:00.000 +0300,73,9.5,33,high,0,2026-01-19 16:03:52.576 +0200
850,54,2024-09-20 09:30:00.000 +0300,75,9.7,34,high,0,2026-01-19 16:03:52.576 +0200
851,54,2024-09-20 09:35:00.000 +0300,77,9.9,35,high,0,2026-01-19 16:03:52.576 +0200
852,54,2024-09-20 09:40:00.000 +0300,79,10.1,36,high,0,2026-01-19 16:03:52.576 +0200
853,54,2024-09-20 09:45:00.000 +0300,81,10.3,37,high,0,2026-01-19 16:03:52.576 +0200
854,54,2024-09-20 09:00:00.000 +0300,59,8.1,26,medium,0,2026-01-19 16:03:52.576 +0200
855,54,2024-09-20 09:05:00.000 +0300,61,8.3,27,medium,0,2026-01-19 16:03:52.576 +0200
856,54,2024-09-20 09:10:00.000 +0300,63,8.5,28,medium,0,2026-01-19 16:03:52.576 +0200
857,54,2024-09-20 09:15:00.000 +0300,65,8.7,29,medium,0,2026-01-19 16:03:52.576 +0200
858,54,2024-09-20 09:20:00.000 +0300,67,8.9,30,high,0,2026-01-19 16:03:52.576 +0200
859,54,2024-09-20 09:25:00.000 +0300,69,9.1,31,high,0,2026-01-19 16:03:52.576 +0200
860,54,2024-09-20 09:30:00.000 +0300,71,9.3,32,high,0,2026-01-19 16:03:52.576 +0200
861,54,2024-09-20 09:35:00.000 +0300,73,9.5,33,high,0,2026-01-19 16:03:52.576 +0200
862,54,2024-09-20 09:40:00.000 +0300,75,9.7,34,high,0,2026-01-19 16:03:52.576 +0200
863,54,2024-09-20 09:45:00.000 +0300,77,9.9,35,high,0,2026-01-19 16:03:52.576 +0200
864,54,2024-09-20 10:00:00.000 +0300,62,8.6,28,medium,0,2026-01-19 16:03:52.576 +0200
865,55,2024-09-20 10:05:00.000 +0300,64,8.8,29,medium,0,2026-01-19 16:03:52.576 +0200
866,55,2024-09-20 10:10:00.000 +0300,66,9.0,30,medium,0,2026-01-19 16:03:52.576 +0200
867,55,2024-09-20 10:15:00.000 +0300,68,9.2,31,high,0,2026-01-19 16:03:52.576 +0200
868,55,2024-09-20 10:20:00.000 +0300,70,9.4,32,high,0,2026-01-19 16:03:52.576 +0200
869,55,2024-09-20 10:25:00.000 +0300,72,9.6,33,high,0,2026-01-19 16:03:52.576 +0200
870,55,2024-09-20 10:30:00.000 +0300,74,9.8,34,high,0,2026-01-19 16:03:52.576 +0200
871,55,2024-09-20 10:35:00.000 +0300,76,10.0,35,high,0,2026-01-19 16:03:52.576 +0200
872,55,2024-09-20 10:40:00.000 +0300,78,10.2,36,high,0,2026-01-19 16:03:52.576 +0200
873,55,2024-09-20 10:45:00.000 +0300,80,10.4,37,high,0,2026-01-19 16:03:52.576 +0200
874,55,2024-09-20 10:00:00.000 +0300,57,8.1,25,medium,0,2026-01-19 16:03:52.576 +0200
875,55,2024-09-20 10:05:00.000 +0300,59,8.3,26,medium,0,2026-01-19 16:03:52.576 +0200
876,55,2024-09-20 10:10:00.000 +0300,61,8.5,27,medium,0,2026-01-19 16:03:52.576 +0200
877,55,2024-09-20 10:15:00.000 +0300,63,8.7,28,medium,0,2026-01-19 16:03:52.576 +0200
878,55,2024-09-20 10:20:00.000 +0300,65,8.9,29,high,0,2026-01-19 16:03:52.576 +0200
879,55,2024-09-20 10:25:00.000 +0300,67,9.1,30,high,0,2026-01-19 16:03:52.576 +0200
880,55,2024-09-20 10:30:00.000 +0300,69,9.3,31,high,0,2026-01-19 16:03:52.576 +0200
881,56,2024-09-20 10:35:00.000 +0300,71,9.5,32,high,0,2026-01-19 16:03:52.576 +0200
882,56,2024-09-20 10:40:00.000 +0300,73,9.7,33,high,0,2026-01-19 16:03:52.576 +0200
883,56,2024-09-20 10:45:00.000 +0300,75,9.9,34,high,0,2026-01-19 16:03:52.576 +0200
884,56,2024-09-20 10:00:00.000 +0300,65,9.0,30,medium,0,2026-01-19 16:03:52.576 +0200
885,56,2024-09-20 10:05:00.000 +0300,67,9.2,31,medium,0,2026-01-19 16:03:52.576 +0200
886,56,2024-09-20 10:10:00.000 +0300,69,9.4,32,medium,0,2026-01-19 16:03:52.576 +0200
887,56,2024-09-20 10:15:00.000 +0300,71,9.6,33,high,0,2026-01-19 16:03:52.576 +0200
888,56,2024-09-20 10:20:00.000 +0300,73,9.8,34,high,0,2026-01-19 16:03:52.576 +0200
889,56,2024-09-20 10:25:00.000 +0300,75,10.0,35,high,0,2026-01-19 16:03:52.576 +0200
890,56,2024-09-20 10:30:00.000 +0300,77,10.2,36,high,0,2026-01-19 16:03:52.576 +0200
891,56,2024-09-20 10:35:00.000 +0300,79,10.4,37,high,0,2026-01-19 16:03:52.576 +0200
892,56,2024-09-20 10:40:00.000 +0300,81,10.6,38,high,0,2026-01-19 16:03:52.576 +0200
893,56,2024-09-20 10:45:00.000 +0300,83,10.8,39,high,0,2026-01-19 16:03:52.576 +0200
894,56,2024-09-20 10:00:00.000 +0300,54,7.8,24,medium,0,2026-01-19 16:03:52.576 +0200
895,56,2024-09-20 10:05:00.000 +0300,56,8.0,25,medium,0,2026-01-19 16:03:52.576 +0200
896,56,2024-09-20 10:10:00.000 +0300,58,8.2,26,medium,0,2026-01-19 16:03:52.576 +0200
897,57,2024-09-20 10:15:00.000 +0300,60,8.4,27,medium,0,2026-01-19 16:03:52.576 +0200
898,57,2024-09-20 10:20:00.000 +0300,62,8.6,28,high,0,2026-01-19 16:03:52.576 +0200
899,57,2024-09-20 10:25:00.000 +0300,64,8.8,29,high,0,2026-01-19 16:03:52.576 +0200
900,57,2024-09-20 10:30:00.000 +0300,66,9.0,30,high,0,2026-01-19 16:03:52.576 +0200
901,57,2024-09-20 10:35:00.000 +0300,68,9.2,31,high,0,2026-01-19 16:03:52.576 +0200
902,57,2024-09-20 10:40:00.000 +0300,70,9.4,32,high,0,2026-01-19 16:03:52.576 +0200
903,57,2024-09-20 10:45:00.000 +0300,72,9.6,33,high,0,2026-01-19 16:03:52.576 +0200
904,57,2024-09-20 10:00:00.000 +0300,68,9.3,31,medium,0,2026-01-19 16:03:52.576 +0200
905,57,2024-09-20 10:05:00.000 +0300,70,9.5,32,medium,0,2026-01-19 16:03:52.576 +0200
906,57,2024-09-20 10:10:00.000 +0300,72,9.7,33,medium,0,2026-01-19 16:03:52.576 +0200
907,57,2024-09-20 10:15:00.000 +0300,74,9.9,34,high,0,2026-01-19 16:03:52.576 +0200
908,57,2024-09-20 10:20:00.000 +0300,76,10.1,35,high,0,2026-01-19 16:03:52.576 +0200
909,57,2024-09-20 10:25:00.000 +0300,78,10.3,36,high,0,2026-01-19 16:03:52.576 +0200
910,57,2024-09-20 10:30:00.000 +0300,80,10.5,37,high,0,2026-01-19 16:03:52.576 +0200
911,57,2024-09-20 10:35:00.000 +0300,82,10.7,38,high,0,2026-01-19 16:03:52.576 +0200
912,57,2024-09-20 10:40:00.000 +0300,84,10.9,39,high,0,2026-01-19 16:03:52.576 +0200
913,58,2024-09-20 10:45:00.000 +0300,86,11.1,40,high,0,2026-01-19 16:03:52.576 +0200
914,58,2024-09-20 10:00:00.000 +0300,59,8.2,26,medium,0,2026-01-19 16:03:52.576 +0200
915,58,2024-09-20 10:05:00.000 +0300,61,8.4,27,medium,0,2026-01-19 16:03:52.576 +0200
916,58,2024-09-20 10:10:00.000 +0300,63,8.6,28,medium,0,2026-01-19 16:03:52.576 +0200
917,58,2024-09-20 10:15:00.000 +0300,65,8.8,29,medium,0,2026-01-19 16:03:52.576 +0200
918,58,2024-09-20 10:20:00.000 +0300,67,9.0,30,high,0,2026-01-19 16:03:52.576 +0200
919,58,2024-09-20 10:25:00.000 +0300,69,9.2,31,high,0,2026-01-19 16:03:52.576 +0200
920,58,2024-09-20 10:30:00.000 +0300,71,9.4,32,high,0,2026-01-19 16:03:52.576 +0200
921,58,2024-09-20 10:35:00.000 +0300,73,9.6,33,high,0,2026-01-19 16:03:52.576 +0200
922,58,2024-09-20 10:40:00.000 +0300,75,9.8,34,high,0,2026-01-19 16:03:52.576 +0200
923,58,2024-09-20 10:45:00.000 +0300,77,10.0,35,high,0,2026-01-19 16:03:52.576 +0200
924,58,2024-09-20 10:00:00.000 +0300,64,8.7,29,medium,0,2026-01-19 16:03:52.576 +0200
925,58,2024-09-20 10:05:00.000 +0300,66,8.9,30,medium,0,2026-01-19 16:03:52.576 +0200
926,58,2024-09-20 10:10:00.000 +0300,68,9.1,31,medium,0,2026-01-19 16:03:52.576 +0200
927,58,2024-09-20 10:15:00.000 +0300,70,9.3,32,high,0,2026-01-19 16:03:52.576 +0200
928,58,2024-09-20 10:20:00.000 +0300,72,9.5,33,high,0,2026-01-19 16:03:52.576 +0200
929,59,2024-09-20 10:25:00.000 +0300,74,9.7,34,high,0,2026-01-19 16:03:52.576 +0200
930,59,2024-09-20 10:30:00.000 +0300,76,9.9,35,high,0,2026-01-19 16:03:52.576 +0200
931,59,2024-09-20 10:35:00.000 +0300,78,10.1,36,high,0,2026-01-19 16:03:52.576 +0200
932,59,2024-09-20 10:40:00.000 +0300,80,10.3,37,high,0,2026-01-19 16:03:52.576 +0200
933,59,2024-09-20 10:45:00.000 +0300,82,10.5,38,high,0,2026-01-19 16:03:52.576 +0200
934,59,2024-09-20 11:00:00.000 +0300,61,8.7,28,medium,0,2026-01-19 16:03:52.576 +0200
935,59,2024-09-20 11:05:00.000 +0300,63,8.9,29,medium,0,2026-01-19 16:03:52.576 +0200
936,59,2024-09-20 11:10:00.000 +0300,65,9.1,30,medium,0,2026-01-19 16:03:52.576 +0200
937,59,2024-09-20 11:15:00.000 +0300,67,9.3,31,high,0,2026-01-19 16:03:52.576 +0200
938,59,2024-09-20 11:20:00.000 +0300,69,9.5,32,high,0,2026-01-19 16:03:52.576 +0200
939,59,2024-09-20 11:25:00.000 +0300,71,9.7,33,high,0,2026-01-19 16:03:52.576 +0200
940,59,2024-09-20 11:30:00.000 +0300,73,9.9,34,high,0,2026-01-19 16:03:52.576 +0200
941,59,2024-09-20 11:35:00.000 +0300,75,10.1,35,high,0,2026-01-19 16:03:52.576 +0200
942,59,2024-09-20 11:40:00.000 +0300,77,10.3,36,high,0,2026-01-19 16:03:52.576 +0200
943,59,2024-09-20 11:45:00.000 +0300,79,10.5,37,high,0,2026-01-19 16:03:52.576 +0200
944,59,2024-09-20 11:00:00.000 +0300,56,8.1,25,medium,0,2026-01-19 16:03:52.576 +0200
945,60,2024-09-20 11:05:00.000 +0300,58,8.3,26,medium,0,2026-01-19 16:03:52.576 +0200
946,60,2024-09-20 11:10:00.000 +0300,60,8.5,27,medium,0,2026-01-19 16:03:52.576 +0200
947,60,2024-09-20 11:15:00.000 +0300,62,8.7,28,medium,0,2026-01-19 16:03:52.576 +0200
948,60,2024-09-20 11:20:00.000 +0300,64,8.9,29,high,0,2026-01-19 16:03:52.576 +0200
949,60,2024-09-20 11:25:00.000 +0300,66,9.1,30,high,0,2026-01-19 16:03:52.576 +0200
950,60,2024-09-20 11:30:00.000 +0300,68,9.3,31,high,0,2026-01-19 16:03:52.576 +0200
951,60,2024-09-20 11:35:00.000 +0300,70,9.5,32,high,0,2026-01-19 16:03:52.576 +0200
952,60,2024-09-20 11:40:00.000 +0300,72,9.7,33,high,0,2026-01-19 16:03:52.576 +0200
953,60,2024-09-20 11:45:00.000 +0300,74,9.9,34,high,0,2026-01-19 16:03:52.576 +0200
954,60,2024-09-20 11:00:00.000 +0300,64,9.0,30,medium,0,2026-01-19 16:03:52.576 +0200
955,60,2024-09-20 11:05:00.000 +0300,66,9.2,31,medium,0,2026-01-19 16:03:52.576 +0200
956,60,2024-09-20 11:10:00.000 +0300,68,9.4,32,medium,0,2026-01-19 16:03:52.576 +0200
957,60,2024-09-20 11:15:00.000 +0300,70,9.6,33,high,0,2026-01-19 16:03:52.576 +0200
958,60,2024-09-20 11:20:00.000 +0300,72,9.8,34,high,0,2026-01-19 16:03:52.576 +0200
959,60,2024-09-20 11:25:00.000 +0300,74,10.0,35,high,0,2026-01-19 16:03:52.576 +0200
960,60,2024-09-20 11:30:00.000 +0300,76,10.2,36,high,0,2026-01-19 16:03:52.576 +0200
961,61,2024-09-20 11:35:00.000 +0300,78,10.4,37,high,0,2026-01-19 16:03:52.576 +0200
962,61,2024-09-20 11:40:00.000 +0300,80,10.6,38,high,0,2026-01-19 16:03:52.576 +0200
963,61,2024-09-20 11:45:00.000 +0300,82,10.8,39,high,0,2026-01-19 16:03:52.576 +0200
964,61,2024-09-20 11:00:00.000 +0300,53,7.7,24,medium,0,2026-01-19 16:03:52.576 +0200
965,61,2024-09-20 11:05:00.000 +0300,55,7.9,25,medium,0,2026-01-19 16:03:52.576 +0200
966,61,2024-09-20 11:10:00.000 +0300,57,8.1,26,medium,0,2026-01-19 16:03:52.576 +0200
967,61,2024-09-20 11:15:00.000 +0300,59,8.3,27,medium,0,2026-01-19 16:03:52.576 +0200
968,61,2024-09-20 11:20:00.000 +0300,61,8.5,28,high,0,2026-01-19 16:03:52.576 +0200
969,61,2024-09-20 11:25:00.000 +0300,63,8.7,29,high,0,2026-01-19 16:03:52.576 +0200
970,61,2024-09-20 11:30:00.000 +0300,65,8.9,30,high,0,2026-01-19 16:03:52.576 +0200
971,61,2024-09-20 11:35:00.000 +0300,67,9.1,31,high,0,2026-01-19 16:03:52.576 +0200
972,61,2024-09-20 11:40:00.000 +0300,69,9.3,32,high,0,2026-01-19 16:03:52.576 +0200
973,61,2024-09-20 11:45:00.000 +0300,71,9.5,33,high,0,2026-01-19 16:03:52.576 +0200
974,61,2024-09-20 11:00:00.000 +0300,67,9.4,31,medium,0,2026-01-19 16:03:52.576 +0200
975,61,2024-09-20 11:05:00.000 +0300,69,9.6,32,medium,0,2026-01-19 16:03:52.576 +0200
976,61,2024-09-20 11:10:00.000 +0300,71,9.8,33,medium,0,2026-01-19 16:03:52.576 +0200
977,62,2024-09-20 11:15:00.000 +0300,73,10.0,34,high,0,2026-01-19 16:03:52.576 +0200
978,62,2024-09-20 11:20:00.000 +0300,75,10.2,35,high,0,2026-01-19 16:03:52.576 +0200
979,62,2024-09-20 11:25:00.000 +0300,77,10.4,36,high,0,2026-01-19 16:03:52.576 +0200
980,62,2024-09-20 11:30:00.000 +0300,79,10.6,37,high,0,2026-01-19 16:03:52.576 +0200
981,62,2024-09-20 11:35:00.000 +0300,81,10.8,38,high,0,2026-01-19 16:03:52.576 +0200
982,62,2024-09-20 11:40:00.000 +0300,83,11.0,39,high,0,2026-01-19 16:03:52.576 +0200
983,62,2024-09-20 11:45:00.000 +0300,85,11.2,40,high,0,2026-01-19 16:03:52.576 +0200
984,62,2024-09-20 11:00:00.000 +0300,58,8.3,26,medium,0,2026-01-19 16:03:52.576 +0200
985,62,2024-09-20 11:05:00.000 +0300,60,8.5,27,medium,0,2026-01-19 16:03:52.576 +0200
986,62,2024-09-20 11:10:00.000 +0300,62,8.7,28,medium,0,2026-01-19 16:03:52.576 +0200
987,62,2024-09-20 11:15:00.000 +0300,64,8.9,29,medium,0,2026-01-19 16:03:52.576 +0200
988,62,2024-09-20 11:20:00.000 +0300,66,9.1,30,high,0,2026-01-19 16:03:52.576 +0200
989,62,2024-09-20 11:25:00.000 +0300,68,9.3,31,high,0,2026-01-19 16:03:52.576 +0200
990,62,2024-09-20 11:30:00.000 +0300,70,9.5,32,high,0,2026-01-19 16:03:52.576 +0200
991,62,2024-09-20 11:35:00.000 +0300,72,9.7,33,high,0,2026-01-19 16:03:52.576 +0200
992,62,2024-09-20 11:40:00.000 +0300,74,9.9,34,high,0,2026-01-19 16:03:52.576 +0200
993,63,2024-09-20 11:45:00.000 +0300,76,10.1,35,high,0,2026-01-19 16:03:52.576 +0200
994,63,2024-09-20 11:00:00.000 +0300,63,8.8,29,medium,0,2026-01-19 16:03:52.576 +0200
995,63,2024-09-20 11:05:00.000 +0300,65,9.0,30,medium,0,2026-01-19 16:03:52.576 +0200
996,63,2024-09-20 11:10:00.000 +0300,67,9.2,31,medium,0,2026-01-19 16:03:52.576 +0200
997,63,2024-09-20 11:15:00.000 +0300,69,9.4,32,high,0,2026-01-19 16:03:52.576 +0200
998,63,2024-09-20 11:20:00.000 +0300,71,9.6,33,high,0,2026-01-19 16:03:52.576 +0200
999,63,2024-09-20 11:25:00.000 +0300,73,9.8,34,high,0,2026-01-19 16:03:52.576 +0200
1000,63,2024-09-20 11:30:00.000 +0300,75,10.0,35,high,0,2026-01-19 16:03:52.576 +0200
1001,63,2024-09-20 11:35:00.000 +0300,77,10.2,36,high,0,2026-01-19 16:03:52.576 +0200
1002,63,2024-09-20 11:40:00.000 +0300,79,10.4,37,high,0,2026-01-19 16:03:52.576 +0200
1003,63,2024-09-20 11:45:00.000 +0300,81,10.6,38,high,0,2026-01-19 16:03:52.576 +0200
1004,63,2024-09-20 11:00:00.000 +0300,55,8.0,25,medium,0,2026-01-19 16:03:52.576 +0200
1005,63,2024-09-20 11:05:00.000 +0300,57,8.2,26,medium,0,2026-01-19 16:03:52.576 +0200
1006,63,2024-09-20 11:10:00.000 +0300,59,8.4,27,medium,0,2026-01-19 16:03:52.576 +0200
1007,63,2024-09-20 11:15:00.000 +0300,61,8.6,28,medium,0,2026-01-19 16:03:52.576 +0200
1008,63,2024-09-20 11:20:00.000 +0300,63,8.8,29,high,0,2026-01-19 16:03:52.576 +0200
1009,64,2024-09-20 11:25:00.000 +0300,65,9.0,30,high,0,2026-01-19 16:03:52.576 +0200
1010,64,2024-09-20 11:30:00.000 +0300,67,9.2,31,high,0,2026-01-19 16:03:52.576 +0200
1011,64,2024-09-20 11:35:00.000 +0300,69,9.4,32,high,0,2026-01-19 16:03:52.576 +0200
1012,64,2024-09-20 11:40:00.000 +0300,71,9.6,33,high,0,2026-01-19 16:03:52.576 +0200
1013,64,2024-09-20 11:45:00.000 +0300,73,9.8,34,high,0,2026-01-19 16:03:52.576 +0200
1014,64,2024-09-20 11:00:00.000 +0300,66,9.1,30,medium,0,2026-01-19 16:03:52.576 +0200
1015,64,2024-09-20 11:05:00.000 +0300,68,9.3,31,medium,0,2026-01-19 16:03:52.576 +0200
1016,64,2024-09-20 11:10:00.000 +0300,70,9.5,32,medium,0,2026-01-19 16:03:52.576 +0200
1017,64,2024-09-20 11:15:00.000 +0300,72,9.7,33,high,0,2026-01-19 16:03:52.576 +0200
1018,64,2024-09-20 11:20:00.000 +0300,74,9.9,34,high,0,2026-01-19 16:03:52.576 +0200
1019,64,2024-09-20 11:25:00.000 +0300,76,10.1,35,high,0,2026-01-19 16:03:52.576 +0200
1020,64,2024-09-20 11:30:00.000 +0300,78,10.3,36,high,0,2026-01-19 16:03:52.576 +0200
1021,64,2024-09-20 11:35:00.000 +0300,80,10.5,37,high,0,2026-01-19 16:03:52.576 +0200
1022,64,2024-09-20 11:40:00.000 +0300,82,10.7,38,high,0,2026-01-19 16:03:52.576 +0200
1023,64,2024-09-20 11:45:00.000 +0300,84,10.9,39,high,0,2026-01-19 16:03:52.576 +0200
1024,64,2024-09-20 11:00:00.000 +0300,60,8.5,27,medium,0,2026-01-19 16:03:52.576 +0200
1025,65,2024-09-20 11:05:00.000 +0300,62,8.7,28,medium,0,2026-01-19 16:03:52.576 +0200
1026,65,2024-09-20 11:10:00.000 +0300,64,8.9,29,medium,0,2026-01-19 16:03:52.576 +0200
1027,65,2024-09-20 11:15:00.000 +0300,66,9.1,30,medium,0,2026-01-19 16:03:52.576 +0200
1028,65,2024-09-20 11:20:00.000 +0300,68,9.3,31,high,0,2026-01-19 16:03:52.576 +0200
1029,65,2024-09-20 11:25:00.000 +0300,70,9.5,32,high,0,2026-01-19 16:03:52.576 +0200
1030,65,2024-09-20 11:30:00.000 +0300,72,9.7,33,high,0,2026-01-19 16:03:52.576 +0200
1031,65,2024-09-20 11:35:00.000 +0300,74,9.9,34,high,0,2026-01-19 16:03:52.576 +0200
1032,65,2024-09-20 11:40:00.000 +0300,76,10.1,35,high,0,2026-01-19 16:03:52.576 +0200
1033,65,2024-09-20 11:45:00.000 +0300,78,10.3,36,high,0,2026-01-19 16:03:52.576 +0200
1034,65,2024-09-20 12:00:00.000 +0300,63,8.9,29,medium,0,2026-01-19 16:03:52.576 +0200
1035,65,2024-09-20 12:05:00.000 +0300,65,9.1,30,medium,0,2026-01-19 16:03:52.576 +0200
1036,65,2024-09-20 12:10:00.000 +0300,67,9.3,31,medium,0,2026-01-19 16:03:52.576 +0200
1037,65,2024-09-20 12:15:00.000 +0300,69,9.5,32,high,0,2026-01-19 16:03:52.576 +0200
1038,65,2024-09-20 12:20:00.000 +0300,71,9.7,33,high,0,2026-01-19 16:03:52.576 +0200
1039,65,2024-09-20 12:25:00.000 +0300,73,9.9,34,high,0,2026-01-19 16:03:52.576 +0200
1040,65,2024-09-20 12:30:00.000 +0300,75,10.1,35,high,0,2026-01-19 16:03:52.576 +0200
1041,66,2024-09-20 12:35:00.000 +0300,77,10.3,36,high,0,2026-01-19 16:03:52.576 +0200
1042,66,2024-09-20 12:40:00.000 +0300,79,10.5,37,high,0,2026-01-19 16:03:52.576 +0200
1043,66,2024-09-20 12:45:00.000 +0300,81,10.7,38,high,0,2026-01-19 16:03:52.576 +0200
1044,66,2024-09-20 12:00:00.000 +0300,58,8.3,26,medium,0,2026-01-19 16:03:52.576 +0200
1045,66,2024-09-20 12:05:00.000 +0300,60,8.5,27,medium,0,2026-01-19 16:03:52.576 +0200
1046,66,2024-09-20 12:10:00.000 +0300,62,8.7,28,medium,0,2026-01-19 16:03:52.576 +0200
1047,66,2024-09-20 12:15:00.000 +0300,64,8.9,29,medium,0,2026-01-19 16:03:52.576 +0200
1048,66,2024-09-20 12:20:00.000 +0300,66,9.1,30,high,0,2026-01-19 16:03:52.576 +0200
1049,66,2024-09-20 12:25:00.000 +0300,68,9.3,31,high,0,2026-01-19 16:03:52.576 +0200
1050,66,2024-09-20 12:30:00.000 +0300,70,9.5,32,high,0,2026-01-19 16:03:52.576 +0200
1051,66,2024-09-20 12:35:00.000 +0300,72,9.7,33,high,0,2026-01-19 16:03:52.576 +0200
1052,66,2024-09-20 12:40:00.000 +0300,74,9.9,34,high,0,2026-01-19 16:03:52.576 +0200
1053,66,2024-09-20 12:45:00.000 +0300,76,10.1,35,high,0,2026-01-19 16:03:52.576 +0200
1054,66,2024-09-20 12:00:00.000 +0300,66,9.2,31,medium,0,2026-01-19 16:03:52.576 +0200
1055,66,2024-09-20 12:05:00.000 +0300,68,9.4,32,medium,0,2026-01-19 16:03:52.576 +0200
1056,66,2024-09-20 12:10:00.000 +0300,70,9.6,33,medium,0,2026-01-19 16:03:52.576 +0200
1057,67,2024-09-20 12:15:00.000 +0300,72,9.8,34,high,0,2026-01-19 16:03:52.576 +0200
1058,67,2024-09-20 12:20:00.000 +0300,74,10.0,35,high,0,2026-01-19 16:03:52.576 +0200
1059,67,2024-09-20 12:25:00.000 +0300,76,10.2,36,high,0,2026-01-19 16:03:52.576 +0200
1060,67,2024-09-20 12:30:00.000 +0300,78,10.4,37,high,0,2026-01-19 16:03:52.576 +0200
1061,67,2024-09-20 12:35:00.000 +0300,80,10.6,38,high,0,2026-01-19 16:03:52.576 +0200
1062,67,2024-09-20 12:40:00.000 +0300,82,10.8,39,high,0,2026-01-19 16:03:52.576 +0200
1063,67,2024-09-20 12:45:00.000 +0300,84,11.0,40,high,0,2026-01-19 16:03:52.576 +0200
1064,67,2024-09-20 12:00:00.000 +0300,55,7.9,25,medium,0,2026-01-19 16:03:52.576 +0200
1065,67,2024-09-20 12:05:00.000 +0300,57,8.1,26,medium,0,2026-01-19 16:03:52.576 +0200
1066,67,2024-09-20 12:10:00.000 +0300,59,8.3,27,medium,0,2026-01-19 16:03:52.576 +0200
1067,67,2024-09-20 12:15:00.000 +0300,61,8.5,28,medium,0,2026-01-19 16:03:52.576 +0200
1068,67,2024-09-20 12:20:00.000 +0300,63,8.7,29,high,0,2026-01-19 16:03:52.576 +0200
1069,67,2024-09-20 12:25:00.000 +0300,65,8.9,30,high,0,2026-01-19 16:03:52.576 +0200
1070,67,2024-09-20 12:30:00.000 +0300,67,9.1,31,high,0,2026-01-19 16:03:52.576 +0200
1071,67,2024-09-20 12:35:00.000 +0300,69,9.3,32,high,0,2026-01-19 16:03:52.576 +0200
1072,67,2024-09-20 12:40:00.000 +0300,71,9.5,33,high,0,2026-01-19 16:03:52.576 +0200
1073,68,2024-09-20 12:45:00.000 +0300,73,9.7,34,high,0,2026-01-19 16:03:52.576 +0200
1074,68,2024-09-20 12:00:00.000 +0300,69,9.6,32,medium,0,2026-01-19 16:03:52.576 +0200
1075,68,2024-09-20 12:05:00.000 +0300,71,9.8,33,medium,0,2026-01-19 16:03:52.576 +0200
1076,68,2024-09-20 12:10:00.000 +0300,73,10.0,34,medium,0,2026-01-19 16:03:52.576 +0200
1077,68,2024-09-20 12:15:00.000 +0300,75,10.2,35,high,0,2026-01-19 16:03:52.576 +0200
1078,68,2024-09-20 12:20:00.000 +0300,77,10.4,36,high,0,2026-01-19 16:03:52.576 +0200
1079,68,2024-09-20 12:25:00.000 +0300,79,10.6,37,high,0,2026-01-19 16:03:52.576 +0200
1080,68,2024-09-20 12:30:00.000 +0300,81,10.8,38,high,0,2026-01-19 16:03:52.576 +0200
1081,68,2024-09-20 12:35:00.000 +0300,83,11.0,39,high,0,2026-01-19 16:03:52.576 +0200
1082,68,2024-09-20 12:40:00.000 +0300,85,11.2,40,high,0,2026-01-19 16:03:52.576 +0200
1083,68,2024-09-20 12:45:00.000 +0300,87,11.4,41,high,0,2026-01-19 16:03:52.576 +0200
1084,68,2024-09-20 12:00:00.000 +0300,60,8.5,27,medium,0,2026-01-19 16:03:52.576 +0200
1085,68,2024-09-20 12:05:00.000 +0300,62,8.7,28,medium,0,2026-01-19 16:03:52.576 +0200
1086,68,2024-09-20 12:10:00.000 +0300,64,8.9,29,medium,0,2026-01-19 16:03:52.576 +0200
1087,68,2024-09-20 12:15:00.000 +0300,66,9.1,30,medium,0,2026-01-19 16:03:52.576 +0200
1088,68,2024-09-20 12:20:00.000 +0300,68,9.3,31,high,0,2026-01-19 16:03:52.576 +0200
1089,69,2024-09-20 12:25:00.000 +0300,70,9.5,32,high,0,2026-01-19 16:03:52.576 +0200
1090,69,2024-09-20 12:30:00.000 +0300,72,9.7,33,high,0,2026-01-19 16:03:52.576 +0200
1091,69,2024-09-20 12:35:00.000 +0300,74,9.9,34,high,0,2026-01-19 16:03:52.576 +0200
1092,69,2024-09-20 12:40:00.000 +0300,76,10.1,35,high,0,2026-01-19 16:03:52.576 +0200
1093,69,2024-09-20 12:45:00.000 +0300,78,10.3,36,high,0,2026-01-19 16:03:52.576 +0200
1094,69,2024-09-20 12:00:00.000 +0300,65,9.0,30,medium,0,2026-01-19 16:03:52.576 +0200
1095,69,2024-09-20 12:05:00.000 +0300,67,9.2,31,medium,0,2026-01-19 16:03:52.576 +0200
1096,69,2024-09-20 12:10:00.000 +0300,69,9.4,32,medium,0,2026-01-19 16:03:52.576 +0200
1097,69,2024-09-20 12:15:00.000 +0300,71,9.6,33,high,0,2026-01-19 16:03:52.576 +0200
1098,69,2024-09-20 12:20:00.000 +0300,73,9.8,34,high,0,2026-01-19 16:03:52.576 +0200
1099,69,2024-09-20 12:25:00.000 +0300,75,10.0,35,high,0,2026-01-19 16:03:52.576 +0200
1100,69,2024-09-20 12:30:00.000 +0300,77,10.2,36,high,0,2026-01-19 16:03:52.576 +0200
1101,69,2024-09-20 12:35:00.000 +0300,79,10.4,37,high,0,2026-01-19 16:03:52.576 +0200
1102,69,2024-09-20 12:40:00.000 +0300,81,10.6,38,high,0,2026-01-19 16:03:52.576 +0200
1103,69,2024-09-20 12:45:00.000 +0300,83,10.8,39,high,0,2026-01-19 16:03:52.576 +0200
1104,69,2024-09-20 12:00:00.000 +0300,57,8.2,26,medium,0,2026-01-19 16:03:52.576 +0200
1105,70,2024-09-20 12:05:00.000 +0300,59,8.4,27,medium,0,2026-01-19 16:03:52.576 +0200
1106,70,2024-09-20 12:10:00.000 +0300,61,8.6,28,medium,0,2026-01-19 16:03:52.576 +0200
1107,70,2024-09-20 12:15:00.000 +0300,63,8.8,29,medium,0,2026-01-19 16:03:52.576 +0200
1108,70,2024-09-20 12:20:00.000 +0300,65,9.0,30,high,0,2026-01-19 16:03:52.576 +0200
1109,70,2024-09-20 12:25:00.000 +0300,67,9.2,31,high,0,2026-01-19 16:03:52.576 +0200
1110,70,2024-09-20 12:30:00.000 +0300,69,9.4,32,high,0,2026-01-19 16:03:52.576 +0200
1111,70,2024-09-20 12:35:00.000 +0300,71,9.6,33,high,0,2026-01-19 16:03:52.576 +0200
1112,70,2024-09-20 12:40:00.000 +0300,73,9.8,34,high,0,2026-01-19 16:03:52.576 +0200
1113,70,2024-09-20 12:45:00.000 +0300,75,10.0,35,high,0,2026-01-19 16:03:52.576 +0200
1114,70,2024-09-20 12:00:00.000 +0300,68,9.4,31,medium,0,2026-01-19 16:03:52.576 +0200
1115,70,2024-09-20 12:05:00.000 +0300,70,9.6,32,medium,0,2026-01-19 16:03:52.576 +0200
1116,70,2024-09-20 12:10:00.000 +0300,72,9.8,33,medium,0,2026-01-19 16:03:52.576 +0200
1117,70,2024-09-20 12:15:00.000 +0300,74,10.0,34,high,0,2026-01-19 16:03:52.576 +0200
1118,70,2024-09-20 12:20:00.000 +0300,76,10.2,35,high,0,2026-01-19 16:03:52.576 +0200
1119,70,2024-09-20 12:25:00.000 +0300,78,10.4,36,high,0,2026-01-19 16:03:52.576 +0200
1120,70,2024-09-20 12:30:00.000 +0300,80,10.6,37,high,0,2026-01-19 16:03:52.576 +0200
1121,71,2024-09-20 12:35:00.000 +0300,82,10.8,38,high,0,2026-01-19 16:03:52.576 +0200
1122,71,2024-09-20 12:40:00.000 +0300,84,11.0,39,high,0,2026-01-19 16:03:52.576 +0200
1123,71,2024-09-20 12:45:00.000 +0300,86,11.2,40,high,0,2026-01-19 16:03:52.576 +0200
1124,71,2024-09-20 12:00:00.000 +0300,62,8.8,28,medium,0,2026-01-19 16:03:52.576 +0200
1125,71,2024-09-20 12:05:00.000 +0300,64,9.0,29,medium,0,2026-01-19 16:03:52.576 +0200
1126,71,2024-09-20 12:10:00.000 +0300,66,9.2,30,medium,0,2026-01-19 16:03:52.576 +0200
1127,71,2024-09-20 12:15:00.000 +0300,68,9.4,31,medium,0,2026-01-19 16:03:52.576 +0200
1128,71,2024-09-20 12:20:00.000 +0300,70,9.6,32,high,0,2026-01-19 16:03:52.576 +0200
1129,71,2024-09-20 12:25:00.000 +0300,72,9.8,33,high,0,2026-01-19 16:03:52.576 +0200
1130,71,2024-09-20 12:30:00.000 +0300,74,10.0,34,high,0,2026-01-19 16:03:52.576 +0200
1131,71,2024-09-20 12:35:00.000 +0300,76,10.2,35,high,0,2026-01-19 16:03:52.576 +0200
1132,71,2024-09-20 12:40:00.000 +0300,78,10.4,36,high,0,2026-01-19 16:03:52.576 +0200
1133,71,2024-09-20 12:45:00.000 +0300,80,10.6,37,high,0,2026-01-19 16:03:52.576 +0200
1134,71,2024-09-20 13:00:00.000 +0300,64,9.1,29,medium,0,2026-01-19 16:03:52.576 +0200
1135,71,2024-09-20 13:05:00.000 +0300,66,9.3,30,medium,0,2026-01-19 16:03:52.576 +0200
1136,71,2024-09-20 13:10:00.000 +0300,68,9.5,31,medium,0,2026-01-19 16:03:52.576 +0200
1137,72,2024-09-20 13:15:00.000 +0300,70,9.7,32,high,0,2026-01-19 16:03:52.576 +0200
1138,72,2024-09-20 13:20:00.000 +0300,72,9.9,33,high,0,2026-01-19 16:03:52.576 +0200
1139,72,2024-09-20 13:25:00.000 +0300,74,10.1,34,high,0,2026-01-19 16:03:52.576 +0200
1140,72,2024-09-20 13:30:00.000 +0300,76,10.3,35,high,0,2026-01-19 16:03:52.576 +0200
1141,72,2024-09-20 13:35:00.000 +0300,78,10.5,36,high,0,2026-01-19 16:03:52.576 +0200
1142,72,2024-09-20 13:40:00.000 +0300,80,10.7,37,high,0,2026-01-19 16:03:52.576 +0200
1143,72,2024-09-20 13:45:00.000 +0300,82,10.9,38,high,0,2026-01-19 16:03:52.576 +0200
1144,72,2024-09-20 13:00:00.000 +0300,59,8.5,26,medium,0,2026-01-19 16:03:52.576 +0200
1145,72,2024-09-20 13:05:00.000 +0300,61,8.7,27,medium,0,2026-01-19 16:03:52.576 +0200
1146,72,2024-09-20 13:10:00.000 +0300,63,8.9,28,medium,0,2026-01-19 16:03:52.576 +0200
1147,72,2024-09-20 13:15:00.000 +0300,65,9.1,29,medium,0,2026-01-19 16:03:52.576 +0200
1148,72,2024-09-20 13:20:00.000 +0300,67,9.3,30,high,0,2026-01-19 16:03:52.576 +0200
1149,72,2024-09-20 13:25:00.000 +0300,69,9.5,31,high,0,2026-01-19 16:03:52.576 +0200
1150,72,2024-09-20 13:30:00.000 +0300,71,9.7,32,high,0,2026-01-19 16:03:52.576 +0200
1151,72,2024-09-20 13:35:00.000 +0300,73,9.9,33,high,0,2026-01-19 16:03:52.576 +0200
1152,72,2024-09-20 13:40:00.000 +0300,75,10.1,34,high,0,2026-01-19 16:03:52.576 +0200
1153,73,2024-09-20 13:45:00.000 +0300,77,10.3,35,high,0,2026-01-19 16:03:52.576 +0200
1154,73,2024-09-20 13:00:00.000 +0300,67,9.6,31,medium,0,2026-01-19 16:03:52.576 +0200
1155,73,2024-09-20 13:05:00.000 +0300,69,9.8,32,medium,0,2026-01-19 16:03:52.576 +0200
1156,73,2024-09-20 13:10:00.000 +0300,71,10.0,33,medium,0,2026-01-19 16:03:52.576 +0200
1157,73,2024-09-20 13:15:00.000 +0300,73,10.2,34,high,0,2026-01-19 16:03:52.576 +0200
1158,73,2024-09-20 13:20:00.000 +0300,75,10.4,35,high,0,2026-01-19 16:03:52.576 +0200
1159,73,2024-09-20 13:25:00.000 +0300,77,10.6,36,high,0,2026-01-19 16:03:52.576 +0200
1160,73,2024-09-20 13:30:00.000 +0300,79,10.8,37,high,0,2026-01-19 16:03:52.576 +0200
1161,73,2024-09-20 13:35:00.000 +0300,81,11.0,38,high,0,2026-01-19 16:03:52.576 +0200
1162,73,2024-09-20 13:40:00.000 +0300,83,11.2,39,high,0,2026-01-19 16:03:52.576 +0200
1163,73,2024-09-20 13:45:00.000 +0300,85,11.4,40,high,0,2026-01-19 16:03:52.576 +0200
1164,73,2024-09-20 13:00:00.000 +0300,56,8.2,25,medium,0,2026-01-19 16:03:52.576 +0200
1165,73,2024-09-20 13:05:00.000 +0300,58,8.4,26,medium,0,2026-01-19 16:03:52.576 +0200
1166,73,2024-09-20 13:10:00.000 +0300,60,8.6,27,medium,0,2026-01-19 16:03:52.576 +0200
1167,73,2024-09-20 13:15:00.000 +0300,62,8.8,28,medium,0,2026-01-19 16:03:52.576 +0200
1168,73,2024-09-20 13:20:00.000 +0300,64,9.0,29,high,0,2026-01-19 16:03:52.576 +0200
1169,74,2024-09-20 13:25:00.000 +0300,66,9.2,30,high,0,2026-01-19 16:03:52.576 +0200
1170,74,2024-09-20 13:30:00.000 +0300,68,9.4,31,high,0,2026-01-19 16:03:52.576 +0200
1171,74,2024-09-20 13:35:00.000 +0300,70,9.6,32,high,0,2026-01-19 16:03:52.576 +0200
1172,74,2024-09-20 13:40:00.000 +0300,72,9.8,33,high,0,2026-01-19 16:03:52.576 +0200
1173,74,2024-09-20 13:45:00.000 +0300,74,10.0,34,high,0,2026-01-19 16:03:52.576 +0200
1174,74,2024-09-20 13:00:00.000 +0300,70,10.0,33,medium,0,2026-01-19 16:03:52.576 +0200
1175,74,2024-09-20 13:05:00.000 +0300,72,10.2,34,medium,0,2026-01-19 16:03:52.576 +0200
1176,74,2024-09-20 13:10:00.000 +0300,74,10.4,35,medium,0,2026-01-19 16:03:52.576 +0200
1177,74,2024-09-20 13:15:00.000 +0300,76,10.6,36,high,0,2026-01-19 16:03:52.576 +0200
1178,74,2024-09-20 13:20:00.000 +0300,78,10.8,37,high,0,2026-01-19 16:03:52.576 +0200
1179,74,2024-09-20 13:25:00.000 +0300,80,11.0,38,high,0,2026-01-19 16:03:52.576 +0200
1180,74,2024-09-20 13:30:00.000 +0300,82,11.2,39,high,0,2026-01-19 16:03:52.576 +0200
1181,74,2024-09-20 13:35:00.000 +0300,84,11.4,40,high,0,2026-01-19 16:03:52.576 +0200
1182,74,2024-09-20 13:40:00.000 +0300,86,11.6,41,high,0,2026-01-19 16:03:52.576 +0200
1183,74,2024-09-20 13:45:00.000 +0300,88,11.8,42,high,0,2026-01-19 16:03:52.576 +0200
1184,74,2024-09-20 13:00:00.000 +0300,61,8.8,27,medium,0,2026-01-19 16:03:52.576 +0200
1185,75,2024-09-20 13:05:00.000 +0300,63,9.0,28,medium,0,2026-01-19 16:03:52.576 +0200
1186,75,2024-09-20 13:10:00.000 +0300,65,9.2,29,medium,0,2026-01-19 16:03:52.576 +0200
1187,75,2024-09-20 13:15:00.000 +0300,67,9.4,30,medium,0,2026-01-19 16:03:52.576 +0200
1188,75,2024-09-20 13:20:00.000 +0300,69,9.6,31,high,0,2026-01-19 16:03:52.576 +0200
1189,75,2024-09-20 13:25:00.000 +0300,71,9.8,32,high,0,2026-01-19 16:03:52.576 +0200
1190,75,2024-09-20 13:30:00.000 +0300,73,10.0,33,high,0,2026-01-19 16:03:52.576 +0200
1191,75,2024-09-20 13:35:00.000 +0300,75,10.2,34,high,0,2026-01-19 16:03:52.576 +0200
1192,75,2024-09-20 13:40:00.000 +0300,77,10.4,35,high,0,2026-01-19 16:03:52.576 +0200
1193,75,2024-09-20 13:45:00.000 +0300,79,10.6,36,high,0,2026-01-19 16:03:52.576 +0200
1194,75,2024-09-20 13:00:00.000 +0300,66,9.4,30,medium,0,2026-01-19 16:03:52.576 +0200
1195,75,2024-09-20 13:05:00.000 +0300,68,9.6,31,medium,0,2026-01-19 16:03:52.576 +0200
1196,75,2024-09-20 13:10:00.000 +0300,70,9.8,32,medium,0,2026-01-19 16:03:52.576 +0200
1197,75,2024-09-20 13:15:00.000 +0300,72,10.0,33,high,0,2026-01-19 16:03:52.576 +0200
1198,75,2024-09-20 13:20:00.000 +0300,74,10.2,34,high,0,2026-01-19 16:03:52.576 +0200
1199,75,2024-09-20 13:25:00.000 +0300,76,10.4,35,high,0,2026-01-19 16:03:52.576 +0200
1200,75,2024-09-20 13:30:00.000 +0300,78,10.6,36,high,0,2026-01-19 16:03:52.576 +0200
1201,76,2024-09-20 13:35:00.000 +0300,80,10.8,37,high,0,2026-01-19 16:03:52.576 +0200
1202,76,2024-09-20 13:40:00.000 +0300,82,11.0,38,high,0,2026-01-19 16:03:52.576 +0200
1203,76,2024-09-20 13:45:00.000 +0300,84,11.2,39,high,0,2026-01-19 16:03:52.576 +0200
1204,76,2024-09-20 13:00:00.000 +0300,58,8.4,26,medium,0,2026-01-19 16:03:52.576 +0200
1205,76,2024-09-20 13:05:00.000 +0300,60,8.6,27,medium,0,2026-01-19 16:03:52.576 +0200
1206,76,2024-09-20 13:10:00.000 +0300,62,8.8,28,medium,0,2026-01-19 16:03:52.576 +0200
1207,76,2024-09-20 13:15:00.000 +0300,64,9.0,29,medium,0,2026-01-19 16:03:52.576 +0200
1208,76,2024-09-20 13:20:00.000 +0300,66,9.2,30,high,0,2026-01-19 16:03:52.576 +0200
1209,76,2024-09-20 13:25:00.000 +0300,68,9.4,31,high,0,2026-01-19 16:03:52.576 +0200
1210,76,2024-09-20 13:30:00.000 +0300,70,9.6,32,high,0,2026-01-19 16:03:52.576 +0200
1211,76,2024-09-20 13:35:00.000 +0300,72,9.8,33,high,0,2026-01-19 16:03:52.576 +0200
1212,76,2024-09-20 13:40:00.000 +0300,74,10.0,34,high,0,2026-01-19 16:03:52.576 +0200
1213,76,2024-09-20 13:45:00.000 +0300,76,10.2,35,high,0,2026-01-19 16:03:52.576 +0200
1214,76,2024-09-20 13:00:00.000 +0300,69,9.8,32,medium,0,2026-01-19 16:03:52.576 +0200
1215,76,2024-09-20 13:05:00.000 +0300,71,10.0,33,medium,0,2026-01-19 16:03:52.576 +0200
1216,76,2024-09-20 13:10:00.000 +0300,73,10.2,34,medium,0,2026-01-19 16:03:52.576 +0200
1217,77,2024-09-20 13:15:00.000 +0300,75,10.4,35,high,0,2026-01-19 16:03:52.576 +0200
1218,77,2024-09-20 13:20:00.000 +0300,77,10.6,36,high,0,2026-01-19 16:03:52.576 +0200
1219,77,2024-09-20 13:25:00.000 +0300,79,10.8,37,high,0,2026-01-19 16:03:52.576 +0200
1220,77,2024-09-20 13:30:00.000 +0300,81,11.0,38,high,0,2026-01-19 16:03:52.576 +0200
1221,77,2024-09-20 13:35:00.000 +0300,83,11.2,39,high,0,2026-01-19 16:03:52.576 +0200
1222,77,2024-09-20 13:40:00.000 +0300,85,11.4,40,high,0,2026-01-19 16:03:52.576 +0200
1223,77,2024-09-20 13:45:00.000 +0300,87,11.6,41,high,0,2026-01-19 16:03:52.576 +0200
1224,77,2024-09-20 13:00:00.000 +0300,62,8.9,28,medium,0,2026-01-19 16:03:52.576 +0200
1225,77,2024-09-20 13:05:00.000 +0300,64,9.1,29,medium,0,2026-01-19 16:03:52.576 +0200
1226,77,2024-09-20 13:10:00.000 +0300,66,9.3,30,medium,0,2026-01-19 16:03:52.576 +0200
1227,77,2024-09-20 13:15:00.000 +0300,68,9.5,31,medium,0,2026-01-19 16:03:52.576 +0200
1228,77,2024-09-20 13:20:00.000 +0300,70,9.7,32,high,0,2026-01-19 16:03:52.576 +0200
1229,77,2024-09-20 13:25:00.000 +0300,72,9.9,33,high,0,2026-01-19 16:03:52.576 +0200
1230,77,2024-09-20 13:30:00.000 +0300,74,10.1,34,high,0,2026-01-19 16:03:52.576 +0200
1231,77,2024-09-20 13:35:00.000 +0300,76,10.3,35,high,0,2026-01-19 16:03:52.576 +0200
1232,77,2024-09-20 13:40:00.000 +0300,78,10.5,36,high,0,2026-01-19 16:03:52.576 +0200
1233,78,2024-09-20 13:45:00.000 +0300,80,10.7,37,high,0,2026-01-19 16:03:52.576 +0200
1234,78,2024-09-21 14:00:00.000 +0300,68,9.6,31,medium,0,2026-01-19 16:03:52.576 +0200
1235,78,2024-09-21 14:05:00.000 +0300,70,9.8,32,medium,0,2026-01-19 16:03:52.576 +0200
1236,78,2024-09-21 14:10:00.000 +0300,72,10.0,33,medium,0,2026-01-19 16:03:52.576 +0200
1237,78,2024-09-21 14:15:00.000 +0300,74,10.2,34,high,0,2026-01-19 16:03:52.576 +0200
1238,78,2024-09-21 14:20:00.000 +0300,76,10.4,35,high,0,2026-01-19 16:03:52.576 +0200
1239,78,2024-09-21 14:25:00.000 +0300,78,10.6,36,high,0,2026-01-19 16:03:52.576 +0200
1240,78,2024-09-21 14:30:00.000 +0300,80,10.8,37,high,0,2026-01-19 16:03:52.576 +0200
1241,78,2024-09-21 14:35:00.000 +0300,82,11.0,38,high,0,2026-01-19 16:03:52.576 +0200
1242,78,2024-09-21 14:40:00.000 +0300,84,11.2,39,high,0,2026-01-19 16:03:52.576 +0200
1243,78,2024-09-21 14:45:00.000 +0300,86,11.4,40,high,0,2026-01-19 16:03:52.576 +0200
1244,78,2024-09-21 14:00:00.000 +0300,63,9.1,28,medium,0,2026-01-19 16:03:52.576 +0200
1245,78,2024-09-21 14:05:00.000 +0300,65,9.3,29,medium,0,2026-01-19 16:03:52.576 +0200
1246,78,2024-09-21 14:10:00.000 +0300,67,9.5,30,medium,0,2026-01-19 16:03:52.576 +0200
1247,78,2024-09-21 14:15:00.000 +0300,69,9.7,31,medium,0,2026-01-19 16:03:52.576 +0200
1248,78,2024-09-21 14:20:00.000 +0300,71,9.9,32,high,0,2026-01-19 16:03:52.576 +0200
1249,79,2024-09-21 14:25:00.000 +0300,73,10.1,33,high,0,2026-01-19 16:03:52.576 +0200
1250,79,2024-09-21 14:30:00.000 +0300,75,10.3,34,high,0,2026-01-19 16:03:52.576 +0200
1251,79,2024-09-21 14:35:00.000 +0300,77,10.5,35,high,0,2026-01-19 16:03:52.576 +0200
1252,79,2024-09-21 14:40:00.000 +0300,79,10.7,36,high,0,2026-01-19 16:03:52.576 +0200
1253,79,2024-09-21 14:45:00.000 +0300,81,10.9,37,high,0,2026-01-19 16:03:52.576 +0200
1254,79,2024-09-21 14:00:00.000 +0300,71,10.2,33,medium,0,2026-01-19 16:03:52.576 +0200
1255,79,2024-09-21 14:05:00.000 +0300,73,10.4,34,medium,0,2026-01-19 16:03:52.576 +0200
1256,79,2024-09-21 14:10:00.000 +0300,75,10.6,35,medium,0,2026-01-19 16:03:52.576 +0200
1257,79,2024-09-21 14:15:00.000 +0300,77,10.8,36,high,0,2026-01-19 16:03:52.576 +0200
1258,79,2024-09-21 14:20:00.000 +0300,79,11.0,37,high,0,2026-01-19 16:03:52.576 +0200
1259,79,2024-09-21 14:25:00.000 +0300,81,11.2,38,high,0,2026-01-19 16:03:52.576 +0200
1260,79,2024-09-21 14:30:00.000 +0300,83,11.4,39,high,0,2026-01-19 16:03:52.576 +0200
1261,79,2024-09-21 14:35:00.000 +0300,85,11.6,40,high,0,2026-01-19 16:03:52.576 +0200
1262,79,2024-09-21 14:40:00.000 +0300,87,11.8,41,high,0,2026-01-19 16:03:52.576 +0200
1263,79,2024-09-21 14:45:00.000 +0300,89,12.0,42,high,0,2026-01-19 16:03:52.576 +0200
1264,79,2024-09-21 14:00:00.000 +0300,60,8.8,27,medium,0,2026-01-19 16:03:52.576 +0200
1265,80,2024-09-21 14:05:00.000 +0300,62,9.0,28,medium,0,2026-01-19 16:03:52.576 +0200
1266,80,2024-09-21 14:10:00.000 +0300,64,9.2,29,medium,0,2026-01-19 16:03:52.576 +0200
1267,80,2024-09-21 14:15:00.000 +0300,66,9.4,30,medium,0,2026-01-19 16:03:52.576 +0200
1268,80,2024-09-21 14:20:00.000 +0300,68,9.6,31,high,0,2026-01-19 16:03:52.576 +0200
1269,80,2024-09-21 14:25:00.000 +0300,70,9.8,32,high,0,2026-01-19 16:03:52.576 +0200
1270,80,2024-09-21 14:30:00.000 +0300,72,10.0,33,high,0,2026-01-19 16:03:52.576 +0200
1271,80,2024-09-21 14:35:00.000 +0300,74,10.2,34,high,0,2026-01-19 16:03:52.576 +0200
1272,80,2024-09-21 14:40:00.000 +0300,76,10.4,35,high,0,2026-01-19 16:03:52.576 +0200
1273,80,2024-09-21 14:45:00.000 +0300,78,10.6,36,high,0,2026-01-19 16:03:52.576 +0200
1274,80,2024-09-21 14:00:00.000 +0300,74,10.8,34,medium,0,2026-01-19 16:03:52.576 +0200
1275,80,2024-09-21 14:05:00.000 +0300,76,11.0,35,medium,0,2026-01-19 16:03:52.576 +0200
1276,80,2024-09-21 14:10:00.000 +0300,78,11.2,36,medium,0,2026-01-19 16:03:52.576 +0200
1277,80,2024-09-21 14:15:00.000 +0300,80,11.4,37,high,0,2026-01-19 16:03:52.576 +0200
1278,80,2024-09-21 14:20:00.000 +0300,82,11.6,38,high,0,2026-01-19 16:03:52.576 +0200
1279,80,2024-09-21 14:25:00.000 +0300,84,11.8,39,high,0,2026-01-19 16:03:52.576 +0200
1280,80,2024-09-21 14:30:00.000 +0300,86,12.0,40,high,0,2026-01-19 16:03:52.576 +0200
1281,81,2024-09-21 14:35:00.000 +0300,88,12.2,41,high,0,2026-01-19 16:03:52.576 +0200
1282,81,2024-09-21 14:40:00.000 +0300,90,12.4,42,high,0,2026-01-19 16:03:52.576 +0200
1283,81,2024-09-21 14:45:00.000 +0300,92,12.6,43,high,0,2026-01-19 16:03:52.576 +0200
1284,81,2024-09-21 14:00:00.000 +0300,65,9.4,29,medium,0,2026-01-19 16:03:52.576 +0200
1285,81,2024-09-21 14:05:00.000 +0300,67,9.6,30,medium,0,2026-01-19 16:03:52.576 +0200
1286,81,2024-09-21 14:10:00.000 +0300,69,9.8,31,medium,0,2026-01-19 16:03:52.576 +0200
1287,81,2024-09-21 14:15:00.000 +0300,71,10.0,32,medium,0,2026-01-19 16:03:52.576 +0200
1288,81,2024-09-21 14:20:00.000 +0300,73,10.2,33,high,0,2026-01-19 16:03:52.576 +0200
1289,81,2024-09-21 14:25:00.000 +0300,75,10.4,34,high,0,2026-01-19 16:03:52.576 +0200
1290,81,2024-09-21 14:30:00.000 +0300,77,10.6,35,high,0,2026-01-19 16:03:52.576 +0200
1291,81,2024-09-21 14:35:00.000 +0300,79,10.8,36,high,0,2026-01-19 16:03:52.576 +0200
1292,81,2024-09-21 14:40:00.000 +0300,81,11.0,37,high,0,2026-01-19 16:03:52.576 +0200
1293,81,2024-09-21 14:45:00.000 +0300,83,11.2,38,high,0,2026-01-19 16:03:52.576 +0200
1294,81,2024-09-21 14:00:00.000 +0300,70,10.1,32,medium,0,2026-01-19 16:03:52.576 +0200
1295,81,2024-09-21 14:05:00.000 +0300,72,10.3,33,medium,0,2026-01-19 16:03:52.576 +0200
1296,81,2024-09-21 14:10:00.000 +0300,74,10.5,34,medium,0,2026-01-19 16:03:52.576 +0200
1297,82,2024-09-21 14:15:00.000 +0300,76,10.7,35,high,0,2026-01-19 16:03:52.576 +0200
1298,82,2024-09-21 14:20:00.000 +0300,78,10.9,36,high,0,2026-01-19 16:03:52.576 +0200
1299,82,2024-09-21 14:25:00.000 +0300,80,11.1,37,high,0,2026-01-19 16:03:52.576 +0200
1300,82,2024-09-21 14:30:00.000 +0300,82,11.3,38,high,0,2026-01-19 16:03:52.576 +0200
1301,82,2024-09-21 14:35:00.000 +0300,84,11.5,39,high,0,2026-01-19 16:03:52.576 +0200
1302,82,2024-09-21 14:40:00.000 +0300,86,11.7,40,high,0,2026-01-19 16:03:52.576 +0200
1303,82,2024-09-21 14:45:00.000 +0300,88,11.9,41,high,0,2026-01-19 16:03:52.576 +0200
1304,82,2024-09-21 14:00:00.000 +0300,62,9.0,28,medium,0,2026-01-19 16:03:52.576 +0200
1305,82,2024-09-21 14:05:00.000 +0300,64,9.2,29,medium,0,2026-01-19 16:03:52.576 +0200
1306,82,2024-09-21 14:10:00.000 +0300,66,9.4,30,medium,0,2026-01-19 16:03:52.576 +0200
1307,82,2024-09-21 14:15:00.000 +0300,68,9.6,31,medium,0,2026-01-19 16:03:52.576 +0200
1308,82,2024-09-21 14:20:00.000 +0300,70,9.8,32,high,0,2026-01-19 16:03:52.576 +0200
1309,82,2024-09-21 14:25:00.000 +0300,72,10.0,33,high,0,2026-01-19 16:03:52.576 +0200
1310,82,2024-09-21 14:30:00.000 +0300,74,10.2,34,high,0,2026-01-19 16:03:52.576 +0200
1311,82,2024-09-21 14:35:00.000 +0300,76,10.4,35,high,0,2026-01-19 16:03:52.576 +0200
1312,82,2024-09-21 14:40:00.000 +0300,78,10.6,36,high,0,2026-01-19 16:03:52.576 +0200
1313,83,2024-09-21 14:45:00.000 +0300,80,10.8,37,high,0,2026-01-19 16:03:52.576 +0200
1314,83,2024-09-21 14:00:00.000 +0300,73,10.5,34,medium,0,2026-01-19 16:03:52.576 +0200
1315,83,2024-09-21 14:05:00.000 +0300,75,10.7,35,medium,0,2026-01-19 16:03:52.576 +0200
1316,83,2024-09-21 14:10:00.000 +0300,77,10.9,36,medium,0,2026-01-19 16:03:52.576 +0200
1317,83,2024-09-21 14:15:00.000 +0300,79,11.1,37,high,0,2026-01-19 16:03:52.576 +0200
1318,83,2024-09-21 14:20:00.000 +0300,81,11.3,38,high,0,2026-01-19 16:03:52.576 +0200
1319,83,2024-09-21 14:25:00.000 +0300,83,11.5,39,high,0,2026-01-19 16:03:52.576 +0200
1320,83,2024-09-21 14:30:00.000 +0300,85,11.7,40,high,0,2026-01-19 16:03:52.576 +0200
1321,83,2024-09-21 14:35:00.000 +0300,87,11.9,41,high,0,2026-01-19 16:03:52.576 +0200
1322,83,2024-09-21 14:40:00.000 +0300,89,12.1,42,high,0,2026-01-19 16:03:52.576 +0200
1323,83,2024-09-21 14:45:00.000 +0300,91,12.3,43,high,0,2026-01-19 16:03:52.576 +0200
1324,83,2024-09-21 14:00:00.000 +0300,66,9.5,30,medium,0,2026-01-19 16:03:52.576 +0200
1325,83,2024-09-21 14:05:00.000 +0300,68,9.7,31,medium,0,2026-01-19 16:03:52.576 +0200
1326,83,2024-09-21 14:10:00.000 +0300,70,9.9,32,medium,0,2026-01-19 16:03:52.576 +0200
1327,83,2024-09-21 14:15:00.000 +0300,72,10.1,33,medium,0,2026-01-19 16:03:52.576 +0200
1328,83,2024-09-21 14:20:00.000 +0300,74,10.3,34,high,0,2026-01-19 16:03:52.576 +0200
1329,84,2024-09-21 14:25:00.000 +0300,76,10.5,35,high,0,2026-01-19 16:03:52.576 +0200
1330,84,2024-09-21 14:30:00.000 +0300,78,10.7,36,high,0,2026-01-19 16:03:52.576 +0200
1331,84,2024-09-21 14:35:00.000 +0300,80,10.9,37,high,0,2026-01-19 16:03:52.576 +0200
1332,84,2024-09-21 14:40:00.000 +0300,82,11.1,38,high,0,2026-01-19 16:03:52.576 +0200
1333,84,2024-09-21 14:45:00.000 +0300,84,11.3,39,high,0,2026-01-19 16:03:52.576 +0200
1334,84,2024-09-21 15:00:00.000 +0300,69,9.8,31,medium,0,2026-01-19 16:03:52.576 +0200
1335,84,2024-09-21 15:05:00.000 +0300,71,10.0,32,medium,0,2026-01-19 16:03:52.576 +0200
1336,84,2024-09-21 15:10:00.000 +0300,73,10.2,33,medium,0,2026-01-19 16:03:52.576 +0200
1337,84,2024-09-21 15:15:00.000 +0300,75,10.4,34,high,0,2026-01-19 16:03:52.576 +0200
1338,84,2024-09-21 15:20:00.000 +0300,77,10.6,35,high,0,2026-01-19 16:03:52.576 +0200
1339,84,2024-09-21 15:25:00.000 +0300,79,10.8,36,high,0,2026-01-19 16:03:52.576 +0200
1340,84,2024-09-21 15:30:00.000 +0300,81,11.0,37,high,0,2026-01-19 16:03:52.576 +0200
1341,84,2024-09-21 15:35:00.000 +0300,83,11.2,38,high,0,2026-01-19 16:03:52.576 +0200
1342,84,2024-09-21 15:40:00.000 +0300,85,11.4,39,high,0,2026-01-19 16:03:52.576 +0200
1343,84,2024-09-21 15:45:00.000 +0300,87,11.6,40,high,0,2026-01-19 16:03:52.576 +0200
1344,84,2024-09-21 15:00:00.000 +0300,64,9.2,28,medium,0,2026-01-19 16:03:52.576 +0200
1345,85,2024-09-21 15:05:00.000 +0300,66,9.4,29,medium,0,2026-01-19 16:03:52.576 +0200
1346,85,2024-09-21 15:10:00.000 +0300,68,9.6,30,medium,0,2026-01-19 16:03:52.576 +0200
1347,85,2024-09-21 15:15:00.000 +0300,70,9.8,31,medium,0,2026-01-19 16:03:52.576 +0200
1348,85,2024-09-21 15:20:00.000 +0300,72,10.0,32,high,0,2026-01-19 16:03:52.576 +0200
1349,85,2024-09-21 15:25:00.000 +0300,74,10.2,33,high,0,2026-01-19 16:03:52.576 +0200
1350,85,2024-09-21 15:30:00.000 +0300,76,10.4,34,high,0,2026-01-19 16:03:52.576 +0200
1351,85,2024-09-21 15:35:00.000 +0300,78,10.6,35,high,0,2026-01-19 16:03:52.576 +0200
1352,85,2024-09-21 15:40:00.000 +0300,80,10.8,36,high,0,2026-01-19 16:03:52.576 +0200
1353,85,2024-09-21 15:45:00.000 +0300,82,11.0,37,high,0,2026-01-19 16:03:52.576 +0200
1354,85,2024-09-21 15:00:00.000 +0300,72,10.4,33,medium,0,2026-01-19 16:03:52.576 +0200
1355,85,2024-09-21 15:05:00.000 +0300,74,10.6,34,medium,0,2026-01-19 16:03:52.576 +0200
1356,85,2024-09-21 15:10:00.000 +0300,76,10.8,35,medium,0,2026-01-19 16:03:52.576 +0200
1357,85,2024-09-21 15:15:00.000 +0300,78,11.0,36,high,0,2026-01-19 16:03:52.576 +0200
1358,85,2024-09-21 15:20:00.000 +0300,80,11.2,37,high,0,2026-01-19 16:03:52.576 +0200
1359,85,2024-09-21 15:25:00.000 +0300,82,11.4,38,high,0,2026-01-19 16:03:52.576 +0200
1360,85,2024-09-21 15:30:00.000 +0300,84,11.6,39,high,0,2026-01-19 16:03:52.576 +0200
1361,86,2024-09-21 15:35:00.000 +0300,86,11.8,40,high,0,2026-01-19 16:03:52.576 +0200
1362,86,2024-09-21 15:40:00.000 +0300,88,12.0,41,high,0,2026-01-19 16:03:52.576 +0200
1363,86,2024-09-21 15:45:00.000 +0300,90,12.2,42,high,0,2026-01-19 16:03:52.576 +0200
1364,86,2024-09-21 15:00:00.000 +0300,61,8.9,27,medium,0,2026-01-19 16:03:52.576 +0200
1365,86,2024-09-21 15:05:00.000 +0300,63,9.1,28,medium,0,2026-01-19 16:03:52.576 +0200
1366,86,2024-09-21 15:10:00.000 +0300,65,9.3,29,medium,0,2026-01-19 16:03:52.576 +0200
1367,86,2024-09-21 15:15:00.000 +0300,67,9.5,30,medium,0,2026-01-19 16:03:52.576 +0200
1368,86,2024-09-21 15:20:00.000 +0300,69,9.7,31,high,0,2026-01-19 16:03:52.576 +0200
1369,86,2024-09-21 15:25:00.000 +0300,71,9.9,32,high,0,2026-01-19 16:03:52.576 +0200
1370,86,2024-09-21 15:30:00.000 +0300,73,10.1,33,high,0,2026-01-19 16:03:52.576 +0200
1371,86,2024-09-21 15:35:00.000 +0300,75,10.3,34,high,0,2026-01-19 16:03:52.576 +0200
1372,86,2024-09-21 15:40:00.000 +0300,77,10.5,35,high,0,2026-01-19 16:03:52.576 +0200
1373,86,2024-09-21 15:45:00.000 +0300,79,10.7,36,high,0,2026-01-19 16:03:52.576 +0200
1374,86,2024-09-21 15:00:00.000 +0300,75,11.0,34,medium,0,2026-01-19 16:03:52.576 +0200
1375,86,2024-09-21 15:05:00.000 +0300,77,11.2,35,medium,0,2026-01-19 16:03:52.576 +0200
1376,86,2024-09-21 15:10:00.000 +0300,79,11.4,36,medium,0,2026-01-19 16:03:52.576 +0200
1377,87,2024-09-21 15:15:00.000 +0300,81,11.6,37,high,0,2026-01-19 16:03:52.576 +0200
1378,87,2024-09-21 15:20:00.000 +0300,83,11.8,38,high,0,2026-01-19 16:03:52.576 +0200
1379,87,2024-09-21 15:25:00.000 +0300,85,12.0,39,high,0,2026-01-19 16:03:52.576 +0200
1380,87,2024-09-21 15:30:00.000 +0300,87,12.2,40,high,0,2026-01-19 16:03:52.576 +0200
1381,87,2024-09-21 15:35:00.000 +0300,89,12.4,41,high,0,2026-01-19 16:03:52.576 +0200
1382,87,2024-09-21 15:40:00.000 +0300,91,12.6,42,high,0,2026-01-19 16:03:52.576 +0200
1383,87,2024-09-21 15:45:00.000 +0300,93,12.8,43,high,0,2026-01-19 16:03:52.576 +0200
1384,87,2024-09-21 15:00:00.000 +0300,66,9.5,29,medium,0,2026-01-19 16:03:52.576 +0200
1385,87,2024-09-21 15:05:00.000 +0300,68,9.7,30,medium,0,2026-01-19 16:03:52.576 +0200
1386,87,2024-09-21 15:10:00.000 +0300,70,9.9,31,medium,0,2026-01-19 16:03:52.576 +0200
1387,87,2024-09-21 15:15:00.000 +0300,72,10.1,32,medium,0,2026-01-19 16:03:52.576 +0200
1388,87,2024-09-21 15:20:00.000 +0300,74,10.3,33,high,0,2026-01-19 16:03:52.576 +0200
1389,87,2024-09-21 15:25:00.000 +0300,76,10.5,34,high,0,2026-01-19 16:03:52.576 +0200
1390,87,2024-09-21 15:30:00.000 +0300,78,10.7,35,high,0,2026-01-19 16:03:52.576 +0200
1391,87,2024-09-21 15:35:00.000 +0300,80,10.9,36,high,0,2026-01-19 16:03:52.576 +0200
1392,87,2024-09-21 15:40:00.000 +0300,82,11.1,37,high,0,2026-01-19 16:03:52.576 +0200
1393,88,2024-09-21 15:45:00.000 +0300,84,11.3,38,high,0,2026-01-19 16:03:52.576 +0200
1394,88,2024-09-21 15:00:00.000 +0300,71,10.3,32,medium,0,2026-01-19 16:03:52.576 +0200
1395,88,2024-09-21 15:05:00.000 +0300,73,10.5,33,medium,0,2026-01-19 16:03:52.576 +0200
1396,88,2024-09-21 15:10:00.000 +0300,75,10.7,34,medium,0,2026-01-19 16:03:52.576 +0200
1397,88,2024-09-21 15:15:00.000 +0300,77,10.9,35,high,0,2026-01-19 16:03:52.576 +0200
1398,88,2024-09-21 15:20:00.000 +0300,79,11.1,36,high,0,2026-01-19 16:03:52.576 +0200
1399,88,2024-09-21 15:25:00.000 +0300,81,11.3,37,high,0,2026-01-19 16:03:52.576 +0200
1400,88,2024-09-21 15:30:00.000 +0300,83,11.5,38,high,0,2026-01-19 16:03:52.576 +0200
1401,88,2024-09-21 15:35:00.000 +0300,85,11.7,39,high,0,2026-01-19 16:03:52.576 +0200
1402,88,2024-09-21 15:40:00.000 +0300,87,11.9,40,high,0,2026-01-19 16:03:52.576 +0200
1403,88,2024-09-21 15:45:00.000 +0300,89,12.1,41,high,0,2026-01-19 16:03:52.576 +0200
1404,88,2024-09-21 15:00:00.000 +0300,63,9.1,28,medium,0,2026-01-19 16:03:52.576 +0200
1405,88,2024-09-21 15:05:00.000 +0300,65,9.3,29,medium,0,2026-01-19 16:03:52.576 +0200
1406,88,2024-09-21 15:10:00.000 +0300,67,9.5,30,medium,0,2026-01-19 16:03:52.576 +0200
1407,88,2024-09-21 15:15:00.000 +0300,69,9.7,31,medium,0,2026-01-19 16:03:52.576 +0200
1408,88,2024-09-21 15:20:00.000 +0300,71,9.9,32,high,0,2026-01-19 16:03:52.576 +0200
1409,89,2024-09-21 15:25:00.000 +0300,73,10.1,33,high,0,2026-01-19 16:03:52.576 +0200
1410,89,2024-09-21 15:30:00.000 +0300,75,10.3,34,high,0,2026-01-19 16:03:52.576 +0200
1411,89,2024-09-21 15:35:00.000 +0300,77,10.5,35,high,0,2026-01-19 16:03:52.576 +0200
1412,89,2024-09-21 15:40:00.000 +0300,79,10.7,36,high,0,2026-01-19 16:03:52.576 +0200
1413,89,2024-09-21 15:45:00.000 +0300,81,10.9,37,high,0,2026-01-19 16:03:52.576 +0200
1414,89,2024-09-21 15:00:00.000 +0300,74,10.9,34,medium,0,2026-01-19 16:03:52.576 +0200
1415,89,2024-09-21 15:05:00.000 +0300,76,11.1,35,medium,0,2026-01-19 16:03:52.576 +0200
1416,89,2024-09-21 15:10:00.000 +0300,78,11.3,36,medium,0,2026-01-19 16:03:52.576 +0200
1417,89,2024-09-21 15:15:00.000 +0300,80,11.5,37,high,0,2026-01-19 16:03:52.576 +0200
1418,89,2024-09-21 15:20:00.000 +0300,82,11.7,38,high,0,2026-01-19 16:03:52.576 +0200
1419,89,2024-09-21 15:25:00.000 +0300,84,11.9,39,high,0,2026-01-19 16:03:52.576 +0200
1420,89,2024-09-21 15:30:00.000 +0300,86,12.1,40,high,0,2026-01-19 16:03:52.576 +0200
1421,89,2024-09-21 15:35:00.000 +0300,88,12.3,41,high,0,2026-01-19 16:03:52.576 +0200
1422,89,2024-09-21 15:40:00.000 +0300,90,12.5,42,high,0,2026-01-19 16:03:52.576 +0200
1423,89,2024-09-21 15:45:00.000 +0300,92,12.7,43,high,0,2026-01-19 16:03:52.576 +0200
1424,89,2024-09-21 15:00:00.000 +0300,67,9.7,30,medium,0,2026-01-19 16:03:52.576 +0200
1425,90,2024-09-21 15:05:00.000 +0300,69,9.9,31,medium,0,2026-01-19 16:03:52.576 +0200
1426,90,2024-09-21 15:10:00.000 +0300,71,10.1,32,medium,0,2026-01-19 16:03:52.576 +0200
1427,90,2024-09-21 15:15:00.000 +0300,73,10.3,33,medium,0,2026-01-19 16:03:52.576 +0200
1428,90,2024-09-21 15:20:00.000 +0300,75,10.5,34,high,0,2026-01-19 16:03:52.576 +0200
1429,90,2024-09-21 15:25:00.000 +0300,77,10.7,35,high,0,2026-01-19 16:03:52.576 +0200
1430,90,2024-09-21 15:30:00.000 +0300,79,10.9,36,high,0,2026-01-19 16:03:52.576 +0200
1431,90,2024-09-21 15:35:00.000 +0300,81,11.1,37,high,0,2026-01-19 16:03:52.576 +0200
1432,90,2024-09-21 15:40:00.000 +0300,83,11.3,38,high,0,2026-01-19 16:03:52.576 +0200
1433,90,2024-09-21 15:45:00.000 +0300,85,11.5,39,high,0,2026-01-19 16:03:52.576 +0200
1434,90,2024-09-21 16:00:00.000 +0300,68,9.9,31,medium,0,2026-01-19 16:03:52.576 +0200
1435,90,2024-09-21 16:05:00.000 +0300,70,10.1,32,medium,0,2026-01-19 16:03:52.576 +0200
1436,90,2024-09-21 16:10:00.000 +0300,72,10.3,33,medium,0,2026-01-19 16:03:52.576 +0200
1437,90,2024-09-21 16:15:00.000 +0300,74,10.5,34,high,0,2026-01-19 16:03:52.576 +0200
1438,90,2024-09-21 16:20:00.000 +0300,76,10.7,35,high,0,2026-01-19 16:03:52.576 +0200
1439,90,2024-09-21 16:25:00.000 +0300,78,10.9,36,high,0,2026-01-19 16:03:52.576 +0200
1440,90,2024-09-21 16:30:00.000 +0300,80,11.1,37,high,0,2026-01-19 16:03:52.576 +0200
1441,91,2024-09-21 16:35:00.000 +0300,82,11.3,38,high,0,2026-01-19 16:03:52.576 +0200
1442,91,2024-09-21 16:40:00.000 +0300,84,11.5,39,high,0,2026-01-19 16:03:52.576 +0200
1443,91,2024-09-21 16:45:00.000 +0300,86,11.7,40,high,0,2026-01-19 16:03:52.576 +0200
1444,91,2024-09-21 16:00:00.000 +0300,63,9.3,28,medium,0,2026-01-19 16:03:52.576 +0200
1445,91,2024-09-21 16:05:00.000 +0300,65,9.5,29,medium,0,2026-01-19 16:03:52.576 +0200
1446,91,2024-09-21 16:10:00.000 +0300,67,9.7,30,medium,0,2026-01-19 16:03:52.576 +0200
1447,91,2024-09-21 16:15:00.000 +0300,69,9.9,31,medium,0,2026-01-19 16:03:52.576 +0200
1448,91,2024-09-21 16:20:00.000 +0300,71,10.1,32,high,0,2026-01-19 16:03:52.576 +0200
1449,91,2024-09-21 16:25:00.000 +0300,73,10.3,33,high,0,2026-01-19 16:03:52.576 +0200
1450,91,2024-09-21 16:30:00.000 +0300,75,10.5,34,high,0,2026-01-19 16:03:52.576 +0200
1451,91,2024-09-21 16:35:00.000 +0300,77,10.7,35,high,0,2026-01-19 16:03:52.576 +0200
1452,91,2024-09-21 16:40:00.000 +0300,79,10.9,36,high,0,2026-01-19 16:03:52.576 +0200
1453,91,2024-09-21 16:45:00.000 +0300,81,11.1,37,high,0,2026-01-19 16:03:52.576 +0200
1454,91,2024-09-21 16:00:00.000 +0300,71,10.6,33,medium,0,2026-01-19 16:03:52.576 +0200
1455,91,2024-09-21 16:05:00.000 +0300,73,10.8,34,medium,0,2026-01-19 16:03:52.576 +0200
1456,91,2024-09-21 16:10:00.000 +0300,75,11.0,35,medium,0,2026-01-19 16:03:52.576 +0200
1457,92,2024-09-21 16:15:00.000 +0300,77,11.2,36,high,0,2026-01-19 16:03:52.576 +0200
1458,92,2024-09-21 16:20:00.000 +0300,79,11.4,37,high,0,2026-01-19 16:03:52.576 +0200
1459,92,2024-09-21 16:25:00.000 +0300,81,11.6,38,high,0,2026-01-19 16:03:52.576 +0200
1460,92,2024-09-21 16:30:00.000 +0300,83,11.8,39,high,0,2026-01-19 16:03:52.576 +0200
1461,92,2024-09-21 16:35:00.000 +0300,85,12.0,40,high,0,2026-01-19 16:03:52.576 +0200
1462,92,2024-09-21 16:40:00.000 +0300,87,12.2,41,high,0,2026-01-19 16:03:52.576 +0200
1463,92,2024-09-21 16:45:00.000 +0300,89,12.4,42,high,0,2026-01-19 16:03:52.576 +0200
1464,92,2024-09-21 16:00:00.000 +0300,60,9.0,27,medium,0,2026-01-19 16:03:52.576 +0200
1465,92,2024-09-21 16:05:00.000 +0300,62,9.2,28,medium,0,2026-01-19 16:03:52.576 +0200
1466,92,2024-09-21 16:10:00.000 +0300,64,9.4,29,medium,0,2026-01-19 16:03:52.576 +0200
1467,92,2024-09-21 16:15:00.000 +0300,66,9.6,30,medium,0,2026-01-19 16:03:52.576 +0200
1468,92,2024-09-21 16:20:00.000 +0300,68,9.8,31,high,0,2026-01-19 16:03:52.576 +0200
1469,92,2024-09-21 16:25:00.000 +0300,70,10.0,32,high,0,2026-01-19 16:03:52.576 +0200
1470,92,2024-09-21 16:30:00.000 +0300,72,10.2,33,high,0,2026-01-19 16:03:52.576 +0200
1471,92,2024-09-21 16:35:00.000 +0300,74,10.4,34,high,0,2026-01-19 16:03:52.576 +0200
1472,92,2024-09-21 16:40:00.000 +0300,76,10.6,35,high,0,2026-01-19 16:03:52.576 +0200
1473,93,2024-09-21 16:45:00.000 +0300,78,10.8,36,high,0,2026-01-19 16:03:52.576 +0200
1474,93,2024-09-21 16:00:00.000 +0300,74,11.2,34,medium,0,2026-01-19 16:03:52.576 +0200
1475,93,2024-09-21 16:05:00.000 +0300,76,11.4,35,medium,0,2026-01-19 16:03:52.576 +0200
1476,93,2024-09-21 16:10:00.000 +0300,78,11.6,36,medium,0,2026-01-19 16:03:52.576 +0200
1477,93,2024-09-21 16:15:00.000 +0300,80,11.8,37,high,0,2026-01-19 16:03:52.576 +0200
1478,93,2024-09-21 16:20:00.000 +0300,82,12.0,38,high,0,2026-01-19 16:03:52.576 +0200
1479,93,2024-09-21 16:25:00.000 +0300,84,12.2,39,high,0,2026-01-19 16:03:52.576 +0200
1480,93,2024-09-21 16:30:00.000 +0300,86,12.4,40,high,0,2026-01-19 16:03:52.576 +0200
1481,93,2024-09-21 16:35:00.000 +0300,88,12.6,41,high,0,2026-01-19 16:03:52.576 +0200
1482,93,2024-09-21 16:40:00.000 +0300,90,12.8,42,high,0,2026-01-19 16:03:52.576 +0200
1483,93,2024-09-21 16:45:00.000 +0300,92,13.0,43,high,0,2026-01-19 16:03:52.576 +0200
1484,93,2024-09-21 16:00:00.000 +0300,65,9.6,29,medium,0,2026-01-19 16:03:52.576 +0200
1485,93,2024-09-21 16:05:00.000 +0300,67,9.8,30,medium,0,2026-01-19 16:03:52.576 +0200
1486,93,2024-09-21 16:10:00.000 +0300,69,10.0,31,medium,0,2026-01-19 16:03:52.576 +0200
1487,93,2024-09-21 16:15:00.000 +0300,71,10.2,32,medium,0,2026-01-19 16:03:52.576 +0200
1488,93,2024-09-21 16:20:00.000 +0300,73,10.4,33,high,0,2026-01-19 16:03:52.576 +0200
1489,94,2024-09-21 16:25:00.000 +0300,75,10.6,34,high,0,2026-01-19 16:03:52.576 +0200
1490,94,2024-09-21 16:30:00.000 +0300,77,10.8,35,high,0,2026-01-19 16:03:52.576 +0200
1491,94,2024-09-21 16:35:00.000 +0300,79,11.0,36,high,0,2026-01-19 16:03:52.576 +0200
1492,94,2024-09-21 16:40:00.000 +0300,81,11.2,37,high,0,2026-01-19 16:03:52.576 +0200
1493,94,2024-09-21 16:45:00.000 +0300,83,11.4,38,high,0,2026-01-19 16:03:52.576 +0200
1494,94,2024-09-21 16:00:00.000 +0300,70,10.4,32,medium,0,2026-01-19 16:03:52.576 +0200
1495,94,2024-09-21 16:05:00.000 +0300,72,10.6,33,medium,0,2026-01-19 16:03:52.576 +0200
1496,94,2024-09-21 16:10:00.000 +0300,74,10.8,34,medium,0,2026-01-19 16:03:52.576 +0200
1497,94,2024-09-21 16:15:00.000 +0300,76,11.0,35,high,0,2026-01-19 16:03:52.576 +0200
1498,94,2024-09-21 16:20:00.000 +0300,78,11.2,36,high,0,2026-01-19 16:03:52.576 +0200
1499,94,2024-09-21 16:25:00.000 +0300,80,11.4,37,high,0,2026-01-19 16:03:52.576 +0200
1500,94,2024-09-21 16:30:00.000 +0300,82,11.6,38,high,0,2026-01-19 16:03:52.576 +0200
1501,94,2024-09-21 16:35:00.000 +0300,84,11.8,39,high,0,2026-01-19 16:03:52.576 +0200
1502,94,2024-09-21 16:40:00.000 +0300,86,12.0,40,high,0,2026-01-19 16:03:52.576 +0200
1503,94,2024-09-21 16:45:00.000 +0300,88,12.2,41,high,0,2026-01-19 16:03:52.576 +0200
1504,94,2024-09-21 16:00:00.000 +0300,62,9.2,28,medium,0,2026-01-19 16:03:52.576 +0200
1505,95,2024-09-21 16:05:00.000 +0300,64,9.4,29,medium,0,2026-01-19 16:03:52.576 +0200
1506,95,2024-09-21 16:10:00.000 +0300,66,9.6,30,medium,0,2026-01-19 16:03:52.576 +0200
1507,95,2024-09-21 16:15:00.000 +0300,68,9.8,31,medium,0,2026-01-19 16:03:52.576 +0200
1508,95,2024-09-21 16:20:00.000 +0300,70,10.0,32,high,0,2026-01-19 16:03:52.576 +0200
1509,95,2024-09-21 16:25:00.000 +0300,72,10.2,33,high,0,2026-01-19 16:03:52.576 +0200
1510,95,2024-09-21 16:30:00.000 +0300,74,10.4,34,high,0,2026-01-19 16:03:52.576 +0200
1511,95,2024-09-21 16:35:00.000 +0300,76,10.6,35,high,0,2026-01-19 16:03:52.576 +0200
1512,95,2024-09-21 16:40:00.000 +0300,78,10.8,36,high,0,2026-01-19 16:03:52.576 +0200
1513,95,2024-09-21 16:45:00.000 +0300,80,11.0,37,high,0,2026-01-19 16:03:52.576 +0200
1514,95,2024-09-21 16:00:00.000 +0300,73,11.0,34,medium,0,2026-01-19 16:03:52.576 +0200
1515,95,2024-09-21 16:05:00.000 +0300,75,11.2,35,medium,0,2026-01-19 16:03:52.576 +0200
1516,95,2024-09-21 16:10:00.000 +0300,77,11.4,36,medium,0,2026-01-19 16:03:52.576 +0200
1517,95,2024-09-21 16:15:00.000 +0300,79,11.6,37,high,0,2026-01-19 16:03:52.576 +0200
1518,95,2024-09-21 16:20:00.000 +0300,81,11.8,38,high,0,2026-01-19 16:03:52.576 +0200
1519,95,2024-09-21 16:25:00.000 +0300,83,12.0,39,high,0,2026-01-19 16:03:52.576 +0200
1520,95,2024-09-21 16:30:00.000 +0300,85,12.2,40,high,0,2026-01-19 16:03:52.576 +0200
1521,96,2024-09-21 16:35:00.000 +0300,87,12.4,41,high,0,2026-01-19 16:03:52.576 +0200
1522,96,2024-09-21 16:40:00.000 +0300,89,12.6,42,high,0,2026-01-19 16:03:52.576 +0200
1523,96,2024-09-21 16:45:00.000 +0300,91,12.8,43,high,0,2026-01-19 16:03:52.576 +0200
1524,96,2024-09-21 16:00:00.000 +0300,66,9.8,30,medium,0,2026-01-19 16:03:52.576 +0200
1525,96,2024-09-21 16:05:00.000 +0300,68,10.0,31,medium,0,2026-01-19 16:03:52.576 +0200
1526,96,2024-09-21 16:10:00.000 +0300,70,10.2,32,medium,0,2026-01-19 16:03:52.576 +0200
1527,96,2024-09-21 16:15:00.000 +0300,72,10.4,33,medium,0,2026-01-19 16:03:52.576 +0200
1528,96,2024-09-21 16:20:00.000 +0300,74,10.6,34,high,0,2026-01-19 16:03:52.576 +0200
1529,96,2024-09-21 16:25:00.000 +0300,76,10.8,35,high,0,2026-01-19 16:03:52.576 +0200
1530,96,2024-09-21 16:30:00.000 +0300,78,11.0,36,high,0,2026-01-19 16:03:52.576 +0200
1531,96,2024-09-21 16:35:00.000 +0300,80,11.2,37,high,0,2026-01-19 16:03:52.576 +0200
1532,96,2024-09-21 16:40:00.000 +0300,82,11.4,38,high,0,2026-01-19 16:03:52.576 +0200
1533,96,2024-09-21 16:45:00.000 +0300,84,11.6,39,high,0,2026-01-19 16:03:52.576 +0200
1534,96,2024-09-21 17:00:00.000 +0300,70,10.2,32,medium,0,2026-01-19 16:03:52.576 +0200
1535,96,2024-09-21 17:05:00.000 +0300,72,10.4,33,medium,0,2026-01-19 16:03:52.576 +0200
1536,96,2024-09-21 17:10:00.000 +0300,74,10.6,34,medium,0,2026-01-19 16:03:52.576 +0200
1537,97,2024-09-21 17:15:00.000 +0300,76,10.8,35,high,0,2026-01-19 16:03:52.576 +0200
1538,97,2024-09-21 17:20:00.000 +0300,78,11.0,36,high,0,2026-01-19 16:03:52.576 +0200
1539,97,2024-09-21 17:25:00.000 +0300,80,11.2,37,high,0,2026-01-19 16:03:52.576 +0200
1540,97,2024-09-21 17:30:00.000 +0300,82,11.4,38,high,0,2026-01-19 16:03:52.576 +0200
1541,97,2024-09-21 17:35:00.000 +0300,84,11.6,39,high,0,2026-01-19 16:03:52.576 +0200
1542,97,2024-09-21 17:40:00.000 +0300,86,11.8,40,high,0,2026-01-19 16:03:52.576 +0200
1543,97,2024-09-21 17:45:00.000 +0300,88,12.0,41,high,0,2026-01-19 16:03:52.576 +0200
1544,97,2024-09-21 17:00:00.000 +0300,65,9.6,29,medium,0,2026-01-19 16:03:52.576 +0200
1545,97,2024-09-21 17:05:00.000 +0300,67,9.8,30,medium,0,2026-01-19 16:03:52.576 +0200
1546,97,2024-09-21 17:10:00.000 +0300,69,10.0,31,medium,0,2026-01-19 16:03:52.576 +0200
1547,97,2024-09-21 17:15:00.000 +0300,71,10.2,32,medium,0,2026-01-19 16:03:52.576 +0200
1548,97,2024-09-21 17:20:00.000 +0300,73,10.4,33,high,0,2026-01-19 16:03:52.576 +0200
1549,97,2024-09-21 17:25:00.000 +0300,75,10.6,34,high,0,2026-01-19 16:03:52.576 +0200
1550,97,2024-09-21 17:30:00.000 +0300,77,10.8,35,high,0,2026-01-19 16:03:52.576 +0200
1551,97,2024-09-21 17:35:00.000 +0300,79,11.0,36,high,0,2026-01-19 16:03:52.576 +0200
1552,97,2024-09-21 17:40:00.000 +0300,81,11.2,37,high,0,2026-01-19 16:03:52.576 +0200
1553,98,2024-09-21 17:45:00.000 +0300,83,11.4,38,high,0,2026-01-19 16:03:52.576 +0200
1554,98,2024-09-21 17:00:00.000 +0300,73,10.8,34,medium,0,2026-01-19 16:03:52.576 +0200
1555,98,2024-09-21 17:05:00.000 +0300,75,11.0,35,medium,0,2026-01-19 16:03:52.576 +0200
1556,98,2024-09-21 17:10:00.000 +0300,77,11.2,36,medium,0,2026-01-19 16:03:52.576 +0200
1557,98,2024-09-21 17:15:00.000 +0300,79,11.4,37,high,0,2026-01-19 16:03:52.576 +0200
1558,98,2024-09-21 17:20:00.000 +0300,81,11.6,38,high,0,2026-01-19 16:03:52.576 +0200
1559,98,2024-09-21 17:25:00.000 +0300,83,11.8,39,high,0,2026-01-19 16:03:52.576 +0200
1560,98,2024-09-21 17:30:00.000 +0300,85,12.0,40,high,0,2026-01-19 16:03:52.576 +0200
1561,98,2024-09-21 17:35:00.000 +0300,87,12.2,41,high,0,2026-01-19 16:03:52.576 +0200
1562,98,2024-09-21 17:40:00.000 +0300,89,12.4,42,high,0,2026-01-19 16:03:52.576 +0200
1563,98,2024-09-21 17:45:00.000 +0300,91,12.6,43,high,0,2026-01-19 16:03:52.576 +0200
1564,98,2024-09-21 17:00:00.000 +0300,62,9.3,28,medium,0,2026-01-19 16:03:52.576 +0200
1565,98,2024-09-21 17:05:00.000 +0300,64,9.5,29,medium,0,2026-01-19 16:03:52.576 +0200
1566,98,2024-09-21 17:10:00.000 +0300,66,9.7,30,medium,0,2026-01-19 16:03:52.576 +0200
1567,98,2024-09-21 17:15:00.000 +0300,68,9.9,31,medium,0,2026-01-19 16:03:52.576 +0200
1568,98,2024-09-21 17:20:00.000 +0300,70,10.1,32,high,0,2026-01-19 16:03:52.576 +0200
1569,99,2024-09-21 17:25:00.000 +0300,72,10.3,33,high,0,2026-01-19 16:03:52.576 +0200
1570,99,2024-09-21 17:30:00.000 +0300,74,10.5,34,high,0,2026-01-19 16:03:52.576 +0200
1571,99,2024-09-21 17:35:00.000 +0300,76,10.7,35,high,0,2026-01-19 16:03:52.576 +0200
1572,99,2024-09-21 17:40:00.000 +0300,78,10.9,36,high,0,2026-01-19 16:03:52.576 +0200
1573,99,2024-09-21 17:45:00.000 +0300,80,11.1,37,high,0,2026-01-19 16:03:52.576 +0200
1574,99,2024-09-21 17:00:00.000 +0300,76,11.4,35,medium,0,2026-01-19 16:03:52.576 +0200
1575,99,2024-09-21 17:05:00.000 +0300,78,11.6,36,medium,0,2026-01-19 16:03:52.576 +0200
1576,99,2024-09-21 17:10:00.000 +0300,80,11.8,37,medium,0,2026-01-19 16:03:52.576 +0200
1577,99,2024-09-21 17:15:00.000 +0300,82,12.0,38,high,0,2026-01-19 16:03:52.576 +0200
1578,99,2024-09-21 17:20:00.000 +0300,84,12.2,39,high,0,2026-01-19 16:03:52.576 +0200
1579,99,2024-09-21 17:25:00.000 +0300,86,12.4,40,high,0,2026-01-19 16:03:52.576 +0200
1580,99,2024-09-21 17:30:00.000 +0300,88,12.6,41,high,0,2026-01-19 16:03:52.576 +0200
1581,99,2024-09-21 17:35:00.000 +0300,90,12.8,42,high,0,2026-01-19 16:03:52.576 +0200
1582,99,2024-09-21 17:40:00.000 +0300,92,13.0,43,high,0,2026-01-19 16:03:52.576 +0200
1583,99,2024-09-21 17:45:00.000 +0300,94,13.2,44,high,0,2026-01-19 16:03:52.576 +0200
1584,99,2024-09-21 17:00:00.000 +0300,67,9.9,30,medium,0,2026-01-19 16:03:52.576 +0200
1585,100,2024-09-21 17:05:00.000 +0300,69,10.1,31,medium,0,2026-01-19 16:03:52.576 +0200
1586,100,2024-09-21 17:10:00.000 +0300,71,10.3,32,medium,0,2026-01-19 16:03:52.576 +0200
1587,100,2024-09-21 17:15:00.000 +0300,73,10.5,33,medium,0,2026-01-19 16:03:52.576 +0200
1588,100,2024-09-21 17:20:00.000 +0300,75,10.7,34,high,0,2026-01-19 16:03:52.576 +0200
1589,100,2024-09-21 17:25:00.000 +0300,77,10.9,35,high,0,2026-01-19 16:03:52.576 +0200
1590,100,2024-09-21 17:30:00.000 +0300,79,11.1,36,high,0,2026-01-19 16:03:52.576 +0200
1591,100,2024-09-21 17:35:00.000 +0300,81,11.3,37,high,0,2026-01-19 16:03:52.576 +0200
1592,100,2024-09-21 17:40:00.000 +0300,83,11.5,38,high,0,2026-01-19 16:03:52.576 +0200
1593,100,2024-09-21 17:45:00.000 +0300,85,11.7,39,high,0,2026-01-19 16:03:52.576 +0200
1594,100,2024-09-21 17:00:00.000 +0300,72,10.6,33,medium,0,2026-01-19 16:03:52.576 +0200
1595,100,2024-09-21 17:05:00.000 +0300,74,10.8,34,medium,0,2026-01-19 16:03:52.576 +0200
1596,100,2024-09-21 17:10:00.000 +0300,76,11.0,35,medium,0,2026-01-19 16:03:52.576 +0200
1597,100,2024-09-21 17:15:00.000 +0300,78,11.2,36,high,0,2026-01-19 16:03:52.576 +0200
1598,100,2024-09-21 17:20:00.000 +0300,80,11.4,37,high,0,2026-01-19 16:03:52.576 +0200
1599,100,2024-09-21 17:25:00.000 +0300,82,11.6,38,high,0,2026-01-19 16:03:52.576 +0200
1600,100,2024-09-21 17:30:00.000 +0300,84,11.8,39,high,0,2026-01-19 16:03:52.576 +0200
1601,101,2024-09-21 17:35:00.000 +0300,86,12.0,40,high,0,2026-01-19 16:03:52.576 +0200
1602,101,2024-09-21 17:40:00.000 +0300,88,12.2,41,high,0,2026-01-19 16:03:52.576 +0200
1603,101,2024-09-21 17:45:00.000 +0300,90,12.4,42,high,0,2026-01-19 16:03:52.576 +0200
1604,101,2024-09-21 17:00:00.000 +0300,64,9.5,29,medium,0,2026-01-19 16:03:52.576 +0200
1605,101,2024-09-21 17:05:00.000 +0300,66,9.7,30,medium,0,2026-01-19 16:03:52.576 +0200
1606,101,2024-09-21 17:10:00.000 +0300,68,9.9,31,medium,0,2026-01-19 16:03:52.576 +0200
1607,101,2024-09-21 17:15:00.000 +0300,70,10.1,32,medium,0,2026-01-19 16:03:52.576 +0200
1608,101,2024-09-21 17:20:00.000 +0300,72,10.3,33,high,0,2026-01-19 16:03:52.576 +0200
1609,101,2024-09-21 17:25:00.000 +0300,74,10.5,34,high,0,2026-01-19 16:03:52.576 +0200
1610,101,2024-09-21 17:30:00.000 +0300,76,10.7,35,high,0,2026-01-19 16:03:52.576 +0200
1611,101,2024-09-21 17:35:00.000 +0300,78,10.9,36,high,0,2026-01-19 16:03:52.576 +0200
1612,101,2024-09-21 17:40:00.000 +0300,80,11.1,37,high,0,2026-01-19 16:03:52.576 +0200
1613,101,2024-09-21 17:45:00.000 +0300,82,11.3,38,high,0,2026-01-19 16:03:52.576 +0200
1614,101,2024-09-21 17:00:00.000 +0300,75,11.3,35,medium,0,2026-01-19 16:03:52.576 +0200
1615,101,2024-09-21 17:05:00.000 +0300,77,11.5,36,medium,0,2026-01-19 16:03:52.576 +0200
1616,101,2024-09-21 17:10:00.000 +0300,79,11.7,37,medium,0,2026-01-19 16:03:52.576 +0200
1617,102,2024-09-21 17:15:00.000 +0300,81,11.9,38,high,0,2026-01-19 16:03:52.576 +0200
1618,102,2024-09-21 17:20:00.000 +0300,83,12.1,39,high,0,2026-01-19 16:03:52.576 +0200
1619,102,2024-09-21 17:25:00.000 +0300,85,12.3,40,high,0,2026-01-19 16:03:52.576 +0200
1620,102,2024-09-21 17:30:00.000 +0300,87,12.5,41,high,0,2026-01-19 16:03:52.576 +0200
1621,102,2024-09-21 17:35:00.000 +0300,89,12.7,42,high,0,2026-01-19 16:03:52.576 +0200
1622,102,2024-09-21 17:40:00.000 +0300,91,12.9,43,high,0,2026-01-19 16:03:52.576 +0200
1623,102,2024-09-21 17:45:00.000 +0300,93,13.1,44,high,0,2026-01-19 16:03:52.576 +0200
1624,102,2024-09-21 17:00:00.000 +0300,68,10.0,31,medium,0,2026-01-19 16:03:52.576 +0200
1625,102,2024-09-21 17:05:00.000 +0300,70,10.2,32,medium,0,2026-01-19 16:03:52.576 +0200
1626,102,2024-09-21 17:10:00.000 +0300,72,10.4,33,medium,0,2026-01-19 16:03:52.576 +0200
1627,102,2024-09-21 17:15:00.000 +0300,74,10.6,34,medium,0,2026-01-19 16:03:52.576 +0200
1628,102,2024-09-21 17:20:00.000 +0300,76,10.8,35,high,0,2026-01-19 16:03:52.576 +0200
1629,102,2024-09-21 17:25:00.000 +0300,78,11.0,36,high,0,2026-01-19 16:03:52.576 +0200
1630,102,2024-09-21 17:30:00.000 +0300,80,11.2,37,high,0,2026-01-19 16:03:52.576 +0200
1631,102,2024-09-21 17:35:00.000 +0300,82,11.4,38,high,0,2026-01-19 16:03:52.576 +0200
1632,102,2024-09-21 17:40:00.000 +0300,84,11.6,39,high,0,2026-01-19 16:03:52.576 +0200
1633,103,2024-09-21 17:45:00.000 +0300,86,11.8,40,high,0,2026-01-19 16:03:52.576 +0200
1634,103,2024-09-21 18:00:00.000 +0300,72,10.5,33,medium,0,2026-01-19 16:03:52.576 +0200
1635,103,2024-09-21 18:05:00.000 +0300,74,10.7,34,medium,0,2026-01-19 16:03:52.576 +0200
1636,103,2024-09-21 18:10:00.000 +0300,76,10.9,35,medium,0,2026-01-19 16:03:52.576 +0200
1637,103,2024-09-21 18:15:00.000 +0300,78,11.1,36,high,0,2026-01-19 16:03:52.576 +0200
1638,103,2024-09-21 18:20:00.000 +0300,80,11.3,37,high,0,2026-01-19 16:03:52.576 +0200
1639,103,2024-09-21 18:25:00.000 +0300,82,11.5,38,high,0,2026-01-19 16:03:52.576 +0200
1640,103,2024-09-21 18:30:00.000 +0300,84,11.7,39,high,0,2026-01-19 16:03:52.576 +0200
1641,103,2024-09-21 18:35:00.000 +0300,86,11.9,40,high,0,2026-01-19 16:03:52.576 +0200
1642,103,2024-09-21 18:40:00.000 +0300,88,12.1,41,high,0,2026-01-19 16:03:52.576 +0200
1643,103,2024-09-21 18:45:00.000 +0300,90,12.3,42,high,0,2026-01-19 16:03:52.576 +0200
1644,103,2024-09-21 18:00:00.000 +0300,67,10.0,30,medium,0,2026-01-19 16:03:52.576 +0200
1645,103,2024-09-21 18:05:00.000 +0300,69,10.2,31,medium,0,2026-01-19 16:03:52.576 +0200
1646,103,2024-09-21 18:10:00.000 +0300,71,10.4,32,medium,0,2026-01-19 16:03:52.576 +0200
1647,103,2024-09-21 18:15:00.000 +0300,73,10.6,33,medium,0,2026-01-19 16:03:52.576 +0200
1648,103,2024-09-21 18:20:00.000 +0300,75,10.8,34,high,0,2026-01-19 16:03:52.576 +0200
1649,104,2024-09-21 18:25:00.000 +0300,77,11.0,35,high,0,2026-01-19 16:03:52.576 +0200
1650,104,2024-09-21 18:30:00.000 +0300,79,11.2,36,high,0,2026-01-19 16:03:52.576 +0200
1651,104,2024-09-21 18:35:00.000 +0300,81,11.4,37,high,0,2026-01-19 16:03:52.576 +0200
1652,104,2024-09-21 18:40:00.000 +0300,83,11.6,38,high,0,2026-01-19 16:03:52.576 +0200
1653,104,2024-09-21 18:45:00.000 +0300,85,11.8,39,high,0,2026-01-19 16:03:52.576 +0200
1654,104,2024-09-21 18:00:00.000 +0300,75,11.4,35,medium,0,2026-01-19 16:03:52.576 +0200
1655,104,2024-09-21 18:05:00.000 +0300,77,11.6,36,medium,0,2026-01-19 16:03:52.576 +0200
1656,104,2024-09-21 18:10:00.000 +0300,79,11.8,37,medium,0,2026-01-19 16:03:52.576 +0200
1657,104,2024-09-21 18:15:00.000 +0300,81,12.0,38,high,0,2026-01-19 16:03:52.576 +0200
1658,104,2024-09-21 18:20:00.000 +0300,83,12.2,39,high,0,2026-01-19 16:03:52.576 +0200
1659,104,2024-09-21 18:25:00.000 +0300,85,12.4,40,high,0,2026-01-19 16:03:52.576 +0200
1660,104,2024-09-21 18:30:00.000 +0300,87,12.6,41,high,0,2026-01-19 16:03:52.576 +0200
1661,104,2024-09-21 18:35:00.000 +0300,89,12.8,42,high,0,2026-01-19 16:03:52.576 +0200
1662,104,2024-09-21 18:40:00.000 +0300,91,13.0,43,high,0,2026-01-19 16:03:52.576 +0200
1663,104,2024-09-21 18:45:00.000 +0300,93,13.2,44,high,0,2026-01-19 16:03:52.576 +0200
1664,104,2024-09-21 18:00:00.000 +0300,64,9.7,29,medium,0,2026-01-19 16:03:52.576 +0200
1665,105,2024-09-21 18:05:00.000 +0300,66,9.9,30,medium,0,2026-01-19 16:03:52.576 +0200
1666,105,2024-09-21 18:10:00.000 +0300,68,10.1,31,medium,0,2026-01-19 16:03:52.576 +0200
1667,105,2024-09-21 18:15:00.000 +0300,70,10.3,32,medium,0,2026-01-19 16:03:52.576 +0200
1668,105,2024-09-21 18:20:00.000 +0300,72,10.5,33,high,0,2026-01-19 16:03:52.576 +0200
1669,105,2024-09-21 18:25:00.000 +0300,74,10.7,34,high,0,2026-01-19 16:03:52.576 +0200
1670,105,2024-09-21 18:30:00.000 +0300,76,10.9,35,high,0,2026-01-19 16:03:52.576 +0200
1671,105,2024-09-21 18:35:00.000 +0300,78,11.1,36,high,0,2026-01-19 16:03:52.576 +0200
1672,105,2024-09-21 18:40:00.000 +0300,80,11.3,37,high,0,2026-01-19 16:03:52.576 +0200
1673,105,2024-09-21 18:45:00.000 +0300,82,11.5,38,high,0,2026-01-19 16:03:52.576 +0200
1674,105,2024-09-21 18:00:00.000 +0300,78,11.8,36,medium,0,2026-01-19 16:03:52.576 +0200
1675,105,2024-09-21 18:05:00.000 +0300,80,12.0,37,medium,0,2026-01-19 16:03:52.576 +0200
1676,105,2024-09-21 18:10:00.000 +0300,82,12.2,38,medium,0,2026-01-19 16:03:52.576 +0200
1677,105,2024-09-21 18:15:00.000 +0300,84,12.4,39,high,0,2026-01-19 16:03:52.576 +0200
1678,105,2024-09-21 18:20:00.000 +0300,86,12.6,40,high,0,2026-01-19 16:03:52.576 +0200
1679,105,2024-09-21 18:25:00.000 +0300,88,12.8,41,high,0,2026-01-19 16:03:52.576 +0200
1680,105,2024-09-21 18:30:00.000 +0300,90,13.0,42,high,0,2026-01-19 16:03:52.576 +0200
1681,106,2024-09-21 18:35:00.000 +0300,92,13.2,43,high,0,2026-01-19 16:03:52.576 +0200
1682,106,2024-09-21 18:40:00.000 +0300,94,13.4,44,high,0,2026-01-19 16:03:52.576 +0200
1683,106,2024-09-21 18:45:00.000 +0300,96,13.6,45,high,0,2026-01-19 16:03:52.576 +0200
1684,106,2024-09-21 18:00:00.000 +0300,69,10.3,31,medium,0,2026-01-19 16:03:52.576 +0200
1685,106,2024-09-21 18:05:00.000 +0300,71,10.5,32,medium,0,2026-01-19 16:03:52.576 +0200
1686,106,2024-09-21 18:10:00.000 +0300,73,10.7,33,medium,0,2026-01-19 16:03:52.576 +0200
1687,106,2024-09-21 18:15:00.000 +0300,75,10.9,34,medium,0,2026-01-19 16:03:52.576 +0200
1688,106,2024-09-21 18:20:00.000 +0300,77,11.1,35,high,0,2026-01-19 16:03:52.576 +0200
1689,106,2024-09-21 18:25:00.000 +0300,79,11.3,36,high,0,2026-01-19 16:03:52.576 +0200
1690,106,2024-09-21 18:30:00.000 +0300,81,11.5,37,high,0,2026-01-19 16:03:52.576 +0200
1691,106,2024-09-21 18:35:00.000 +0300,83,11.7,38,high,0,2026-01-19 16:03:52.576 +0200
1692,106,2024-09-21 18:40:00.000 +0300,85,11.9,39,high,0,2026-01-19 16:03:52.576 +0200
1693,106,2024-09-21 18:45:00.000 +0300,87,12.1,40,high,0,2026-01-19 16:03:52.576 +0200
1694,106,2024-09-21 18:00:00.000 +0300,74,11.2,34,medium,0,2026-01-19 16:03:52.576 +0200
1695,106,2024-09-21 18:05:00.000 +0300,76,11.4,35,medium,0,2026-01-19 16:03:52.576 +0200
1696,106,2024-09-21 18:10:00.000 +0300,78,11.6,36,medium,0,2026-01-19 16:03:52.576 +0200
1697,107,2024-09-21 18:15:00.000 +0300,80,11.8,37,high,0,2026-01-19 16:03:52.576 +0200
1698,107,2024-09-21 18:20:00.000 +0300,82,12.0,38,high,0,2026-01-19 16:03:52.576 +0200
1699,107,2024-09-21 18:25:00.000 +0300,84,12.2,39,high,0,2026-01-19 16:03:52.576 +0200
1700,107,2024-09-21 18:30:00.000 +0300,86,12.4,40,high,0,2026-01-19 16:03:52.576 +0200
1701,107,2024-09-21 18:35:00.000 +0300,88,12.6,41,high,0,2026-01-19 16:03:52.576 +0200
1702,107,2024-09-21 18:40:00.000 +0300,90,12.8,42,high,0,2026-01-19 16:03:52.576 +0200
1703,107,2024-09-21 18:45:00.000 +0300,92,13.0,43,high,0,2026-01-19 16:03:52.576 +0200
1704,107,2024-09-21 18:00:00.000 +0300,66,10.0,30,medium,0,2026-01-19 16:03:52.576 +0200
1705,107,2024-09-21 18:05:00.000 +0300,68,10.2,31,medium,0,2026-01-19 16:03:52.576 +0200
1706,107,2024-09-21 18:10:00.000 +0300,70,10.4,32,medium,0,2026-01-19 16:03:52.576 +0200
1707,107,2024-09-21 18:15:00.000 +0300,72,10.6,33,medium,0,2026-01-19 16:03:52.576 +0200
1708,107,2024-09-21 18:20:00.000 +0300,74,10.8,34,high,0,2026-01-19 16:03:52.576 +0200
1709,107,2024-09-21 18:25:00.000 +0300,76,11.0,35,high,0,2026-01-19 16:03:52.576 +0200
1710,107,2024-09-21 18:30:00.000 +0300,78,11.2,36,high,0,2026-01-19 16:03:52.576 +0200
1711,107,2024-09-21 18:35:00.000 +0300,80,11.4,37,high,0,2026-01-19 16:03:52.576 +0200
1712,107,2024-09-21 18:40:00.000 +0300,82,11.6,38,high,0,2026-01-19 16:03:52.576 +0200
1713,108,2024-09-21 18:45:00.000 +0300,84,11.8,39,high,0,2026-01-19 16:03:52.576 +0200
1714,108,2024-09-21 18:00:00.000 +0300,77,11.6,35,medium,0,2026-01-19 16:03:52.576 +0200
1715,108,2024-09-21 18:05:00.000 +0300,79,11.8,36,medium,0,2026-01-19 16:03:52.576 +0200
1716,108,2024-09-21 18:10:00.000 +0300,81,12.0,37,medium,0,2026-01-19 16:03:52.576 +0200
1717,108,2024-09-21 18:15:00.000 +0300,83,12.2,38,high,0,2026-01-19 16:03:52.576 +0200
1718,108,2024-09-21 18:20:00.000 +0300,85,12.4,39,high,0,2026-01-19 16:03:52.576 +0200
1719,108,2024-09-21 18:25:00.000 +0300,87,12.6,40,high,0,2026-01-19 16:03:52.576 +0200
1720,108,2024-09-21 18:30:00.000 +0300,89,12.8,41,high,0,2026-01-19 16:03:52.576 +0200
1721,108,2024-09-21 18:35:00.000 +0300,91,13.0,42,high,0,2026-01-19 16:03:52.576 +0200
1722,108,2024-09-21 18:40:00.000 +0300,93,13.2,43,high,0,2026-01-19 16:03:52.576 +0200
1723,108,2024-09-21 18:45:00.000 +0300,95,13.4,44,high,0,2026-01-19 16:03:52.576 +0200
1724,108,2024-09-21 18:00:00.000 +0300,70,10.4,32,medium,0,2026-01-19 16:03:52.576 +0200
1725,108,2024-09-21 18:05:00.000 +0300,72,10.6,33,medium,0,2026-01-19 16:03:52.576 +0200
1726,108,2024-09-21 18:10:00.000 +0300,74,10.8,34,medium,0,2026-01-19 16:03:52.576 +0200
1727,108,2024-09-21 18:15:00.000 +0300,76,11.0,35,medium,0,2026-01-19 16:03:52.576 +0200
1728,108,2024-09-21 18:20:00.000 +0300,78,11.2,36,high,0,2026-01-19 16:03:52.576 +0200
1729,109,2024-09-21 18:25:00.000 +0300,80,11.4,37,high,0,2026-01-19 16:03:52.576 +0200
1730,109,2024-09-21 18:30:00.000 +0300,82,11.6,38,high,0,2026-01-19 16:03:52.576 +0200
1731,109,2024-09-21 18:35:00.000 +0300,84,11.8,39,high,0,2026-01-19 16:03:52.576 +0200
1732,109,2024-09-21 18:40:00.000 +0300,86,12.0,40,high,0,2026-01-19 16:03:52.576 +0200
1733,109,2024-09-21 18:45:00.000 +0300,88,12.2,41,high,0,2026-01-19 16:03:52.576 +0200
1734,109,2024-09-21 19:00:00.000 +0300,78,11.2,35,medium,0,2026-01-19 16:03:52.576 +0200
1735,109,2024-09-21 19:05:00.000 +0300,80,11.4,36,medium,0,2026-01-19 16:03:52.576 +0200
1736,109,2024-09-21 19:10:00.000 +0300,82,11.6,37,medium,0,2026-01-19 16:03:52.576 +0200
1737,109,2024-09-21 19:15:00.000 +0300,84,11.8,38,high,0,2026-01-19 16:03:52.576 +0200
1738,109,2024-09-21 19:20:00.000 +0300,86,12.0,39,high,0,2026-01-19 16:03:52.576 +0200
1739,109,2024-09-21 19:25:00.000 +0300,88,12.2,40,high,0,2026-01-19 16:03:52.576 +0200
1740,109,2024-09-21 19:30:00.000 +0300,90,12.4,41,high,0,2026-01-19 16:03:52.576 +0200
1741,109,2024-09-21 19:35:00.000 +0300,92,12.6,42,high,0,2026-01-19 16:03:52.576 +0200
1742,109,2024-09-21 19:40:00.000 +0300,94,12.8,43,high,0,2026-01-19 16:03:52.576 +0200
1743,109,2024-09-21 19:45:00.000 +0300,96,13.0,44,high,0,2026-01-19 16:03:52.576 +0200
1744,109,2024-09-21 19:00:00.000 +0300,70,10.6,32,medium,0,2026-01-19 16:03:52.576 +0200
1745,110,2024-09-21 19:05:00.000 +0300,72,10.8,33,medium,0,2026-01-19 16:03:52.576 +0200
1746,110,2024-09-21 19:10:00.000 +0300,74,11.0,34,medium,0,2026-01-19 16:03:52.576 +0200
1747,110,2024-09-21 19:15:00.000 +0300,76,11.2,35,medium,0,2026-01-19 16:03:52.576 +0200
1748,110,2024-09-21 19:20:00.000 +0300,78,11.4,36,high,0,2026-01-19 16:03:52.576 +0200
1749,110,2024-09-21 19:25:00.000 +0300,80,11.6,37,high,0,2026-01-19 16:03:52.576 +0200
1750,110,2024-09-21 19:30:00.000 +0300,82,11.8,38,high,0,2026-01-19 16:03:52.576 +0200
1751,110,2024-09-21 19:35:00.000 +0300,84,12.0,39,high,0,2026-01-19 16:03:52.576 +0200
1752,110,2024-09-21 19:40:00.000 +0300,86,12.2,40,high,0,2026-01-19 16:03:52.576 +0200
1753,110,2024-09-21 19:45:00.000 +0300,88,12.4,41,high,0,2026-01-19 16:03:52.576 +0200
1754,110,2024-09-21 19:00:00.000 +0300,82,11.8,37,medium,0,2026-01-19 16:03:52.576 +0200
1755,110,2024-09-21 19:05:00.000 +0300,84,12.0,38,medium,0,2026-01-19 16:03:52.576 +0200
1756,110,2024-09-21 19:10:00.000 +0300,86,12.2,39,medium,0,2026-01-19 16:03:52.576 +0200
1757,110,2024-09-21 19:15:00.000 +0300,88,12.4,40,high,0,2026-01-19 16:03:52.576 +0200
1758,110,2024-09-21 19:20:00.000 +0300,90,12.6,41,high,0,2026-01-19 16:03:52.576 +0200
1759,110,2024-09-21 19:25:00.000 +0300,92,12.8,42,high,0,2026-01-19 16:03:52.576 +0200
1760,110,2024-09-21 19:30:00.000 +0300,94,13.0,43,high,0,2026-01-19 16:03:52.576 +0200
1761,111,2024-09-21 19:35:00.000 +0300,96,13.2,44,high,0,2026-01-19 16:03:52.576 +0200
1762,111,2024-09-21 19:40:00.000 +0300,98,13.4,45,high,0,2026-01-19 16:03:52.576 +0200
1763,111,2024-09-21 19:45:00.000 +0300,100,13.6,46,high,0,2026-01-19 16:03:52.576 +0200
1764,111,2024-09-21 19:00:00.000 +0300,68,10.4,31,medium,0,2026-01-19 16:03:52.576 +0200
1765,111,2024-09-21 19:05:00.000 +0300,70,10.6,32,medium,0,2026-01-19 16:03:52.576 +0200
1766,111,2024-09-21 19:10:00.000 +0300,72,10.8,33,medium,0,2026-01-19 16:03:52.576 +0200
1767,111,2024-09-21 19:15:00.000 +0300,74,11.0,34,medium,0,2026-01-19 16:03:52.576 +0200
1768,111,2024-09-21 19:20:00.000 +0300,76,11.2,35,high,0,2026-01-19 16:03:52.576 +0200
1769,111,2024-09-21 19:25:00.000 +0300,78,11.4,36,high,0,2026-01-19 16:03:52.576 +0200
1770,111,2024-09-21 19:30:00.000 +0300,80,11.6,37,high,0,2026-01-19 16:03:52.576 +0200
1771,111,2024-09-21 19:35:00.000 +0300,82,11.8,38,high,0,2026-01-19 16:03:52.576 +0200
1772,111,2024-09-21 19:40:00.000 +0300,84,12.0,39,high,0,2026-01-19 16:03:52.576 +0200
1773,111,2024-09-21 19:45:00.000 +0300,86,12.2,40,high,0,2026-01-19 16:03:52.576 +0200
1774,111,2024-09-21 19:00:00.000 +0300,85,12.2,38,medium,0,2026-01-19 16:03:52.576 +0200
1775,111,2024-09-21 19:05:00.000 +0300,87,12.4,39,medium,0,2026-01-19 16:03:52.576 +0200
1776,111,2024-09-21 19:10:00.000 +0300,89,12.6,40,medium,0,2026-01-19 16:03:52.576 +0200
1777,112,2024-09-21 19:15:00.000 +0300,91,12.8,41,high,0,2026-01-19 16:03:52.576 +0200
1778,112,2024-09-21 19:20:00.000 +0300,93,13.0,42,high,0,2026-01-19 16:03:52.576 +0200
1779,112,2024-09-21 19:25:00.000 +0300,95,13.2,43,high,0,2026-01-19 16:03:52.576 +0200
1780,112,2024-09-21 19:30:00.000 +0300,97,13.4,44,high,0,2026-01-19 16:03:52.576 +0200
1781,112,2024-09-21 19:35:00.000 +0300,99,13.6,45,high,0,2026-01-19 16:03:52.576 +0200
1782,112,2024-09-21 19:40:00.000 +0300,101,13.8,46,high,0,2026-01-19 16:03:52.576 +0200
1783,112,2024-09-21 19:45:00.000 +0300,103,14.0,47,high,0,2026-01-19 16:03:52.576 +0200
1784,112,2024-09-21 19:00:00.000 +0300,72,10.9,33,medium,0,2026-01-19 16:03:52.576 +0200
1785,112,2024-09-21 19:05:00.000 +0300,74,11.1,34,medium,0,2026-01-19 16:03:52.576 +0200
1786,112,2024-09-21 19:10:00.000 +0300,76,11.3,35,medium,0,2026-01-19 16:03:52.576 +0200
1787,112,2024-09-21 19:15:00.000 +0300,78,11.5,36,medium,0,2026-01-19 16:03:52.576 +0200
1788,112,2024-09-21 19:20:00.000 +0300,80,11.7,37,high,0,2026-01-19 16:03:52.576 +0200
1789,112,2024-09-21 19:25:00.000 +0300,82,11.9,38,high,0,2026-01-19 16:03:52.576 +0200
1790,112,2024-09-21 19:30:00.000 +0300,84,12.1,39,high,0,2026-01-19 16:03:52.576 +0200
1791,112,2024-09-21 19:35:00.000 +0300,86,12.3,40,high,0,2026-01-19 16:03:52.576 +0200
1792,112,2024-09-21 19:40:00.000 +0300,88,12.5,41,high,0,2026-01-19 16:03:52.576 +0200
1793,113,2024-09-21 19:45:00.000 +0300,90,12.7,42,high,0,2026-01-19 16:03:52.576 +0200
1794,113,2024-09-21 19:00:00.000 +0300,79,11.6,36,medium,0,2026-01-19 16:03:52.576 +0200
1795,113,2024-09-21 19:05:00.000 +0300,81,11.8,37,medium,0,2026-01-19 16:03:52.576 +0200
1796,113,2024-09-21 19:10:00.000 +0300,83,12.0,38,medium,0,2026-01-19 16:03:52.576 +0200
1797,113,2024-09-21 19:15:00.000 +0300,85,12.2,39,high,0,2026-01-19 16:03:52.576 +0200
1798,113,2024-09-21 19:20:00.000 +0300,87,12.4,40,high,0,2026-01-19 16:03:52.576 +0200
1799,113,2024-09-21 19:25:00.000 +0300,89,12.6,41,high,0,2026-01-19 16:03:52.576 +0200
1800,113,2024-09-21 19:30:00.000 +0300,91,12.8,42,high,0,2026-01-19 16:03:52.576 +0200
1801,113,2024-09-21 19:35:00.000 +0300,93,13.0,43,high,0,2026-01-19 16:03:52.576 +0200
1802,113,2024-09-21 19:40:00.000 +0300,95,13.2,44,high,0,2026-01-19 16:03:52.576 +0200
1803,113,2024-09-21 19:45:00.000 +0300,97,13.4,45,high,0,2026-01-19 16:03:52.576 +0200
1804,113,2024-09-21 19:00:00.000 +0300,71,10.7,32,medium,0,2026-01-19 16:03:52.576 +0200
1805,113,2024-09-21 19:05:00.000 +0300,73,10.9,33,medium,0,2026-01-19 16:03:52.576 +0200
1806,113,2024-09-21 19:10:00.000 +0300,75,11.1,34,medium,0,2026-01-19 16:03:52.576 +0200
1807,113,2024-09-21 19:15:00.000 +0300,77,11.3,35,medium,0,2026-01-19 16:03:52.576 +0200
1808,113,2024-09-21 19:20:00.000 +0300,79,11.5,36,high,0,2026-01-19 16:03:52.576 +0200
1809,114,2024-09-21 19:25:00.000 +0300,81,11.7,37,high,0,2026-01-19 16:03:52.576 +0200
1810,114,2024-09-21 19:30:00.000 +0300,83,11.9,38,high,0,2026-01-19 16:03:52.576 +0200
1811,114,2024-09-21 19:35:00.000 +0300,85,12.1,39,high,0,2026-01-19 16:03:52.576 +0200
1812,114,2024-09-21 19:40:00.000 +0300,87,12.3,40,high,0,2026-01-19 16:03:52.576 +0200
1813,114,2024-09-21 19:45:00.000 +0300,89,12.5,41,high,0,2026-01-19 16:03:52.576 +0200
1814,114,2024-09-21 19:00:00.000 +0300,83,12.0,37,medium,0,2026-01-19 16:03:52.576 +0200
1815,114,2024-09-21 19:05:00.000 +0300,85,12.2,38,medium,0,2026-01-19 16:03:52.576 +0200
1816,114,2024-09-21 19:10:00.000 +0300,87,12.4,39,medium,0,2026-01-19 16:03:52.576 +0200
1817,114,2024-09-21 19:15:00.000 +0300,89,12.6,40,high,0,2026-01-19 16:03:52.576 +0200
1818,114,2024-09-21 19:20:00.000 +0300,91,12.8,41,high,0,2026-01-19 16:03:52.576 +0200
1819,114,2024-09-21 19:25:00.000 +0300,93,13.0,42,high,0,2026-01-19 16:03:52.576 +0200
1820,114,2024-09-21 19:30:00.000 +0300,95,13.2,43,high,0,2026-01-19 16:03:52.576 +0200
1821,114,2024-09-21 19:35:00.000 +0300,97,13.4,44,high,0,2026-01-19 16:03:52.576 +0200
1822,114,2024-09-21 19:40:00.000 +0300,99,13.6,45,high,0,2026-01-19 16:03:52.576 +0200
1823,114,2024-09-21 19:45:00.000 +0300,101,13.8,46,high,0,2026-01-19 16:03:52.576 +0200
1824,114,2024-09-21 19:00:00.000 +0300,74,11.0,34,medium,0,2026-01-19 16:03:52.576 +0200
1825,115,2024-09-21 19:05:00.000 +0300,76,11.2,35,medium,0,2026-01-19 16:03:52.576 +0200
1826,115,2024-09-21 19:10:00.000 +0300,78,11.4,36,medium,0,2026-01-19 16:03:52.576 +0200
1827,115,2024-09-21 19:15:00.000 +0300,80,11.6,37,medium,0,2026-01-19 16:03:52.576 +0200
1828,115,2024-09-21 19:20:00.000 +0300,82,11.8,38,high,0,2026-01-19 16:03:52.576 +0200
1829,115,2024-09-21 19:25:00.000 +0300,84,12.0,39,high,0,2026-01-19 16:03:52.576 +0200
1830,115,2024-09-21 19:30:00.000 +0300,86,12.2,40,high,0,2026-01-19 16:03:52.576 +0200
1831,115,2024-09-21 19:35:00.000 +0300,88,12.4,41,high,0,2026-01-19 16:03:52.576 +0200
1832,115,2024-09-21 19:40:00.000 +0300,90,12.6,42,high,0,2026-01-19 16:03:52.576 +0200
1833,115,2024-09-21 19:45:00.000 +0300,92,12.8,43,high,0,2026-01-19 16:03:52.576 +0200
1834,115,2024-09-21 20:00:00.000 +0300,81,11.9,36,medium,0,2026-01-19 16:03:52.576 +0200
1835,115,2024-09-21 20:05:00.000 +0300,83,12.1,37,medium,0,2026-01-19 16:03:52.576 +0200
1836,115,2024-09-21 20:10:00.000 +0300,85,12.3,38,medium,0,2026-01-19 16:03:52.576 +0200
1837,115,2024-09-21 20:15:00.000 +0300,87,12.5,39,high,0,2026-01-19 16:03:52.576 +0200
1838,115,2024-09-21 20:20:00.000 +0300,89,12.7,40,high,0,2026-01-19 16:03:52.576 +0200
1839,115,2024-09-21 20:25:00.000 +0300,91,12.9,41,high,0,2026-01-19 16:03:52.576 +0200
1840,115,2024-09-21 20:30:00.000 +0300,93,13.1,42,high,0,2026-01-19 16:03:52.576 +0200
1841,116,2024-09-21 20:35:00.000 +0300,95,13.3,43,high,0,2026-01-19 16:03:52.576 +0200
1842,116,2024-09-21 20:40:00.000 +0300,97,13.5,44,high,0,2026-01-19 16:03:52.576 +0200
1843,116,2024-09-21 20:45:00.000 +0300,99,13.7,45,high,0,2026-01-19 16:03:52.576 +0200
1844,116,2024-09-21 20:00:00.000 +0300,73,11.1,33,medium,0,2026-01-19 16:03:52.576 +0200
1845,116,2024-09-21 20:05:00.000 +0300,75,11.3,34,medium,0,2026-01-19 16:03:52.576 +0200
1846,116,2024-09-21 20:10:00.000 +0300,77,11.5,35,medium,0,2026-01-19 16:03:52.576 +0200
1847,116,2024-09-21 20:15:00.000 +0300,79,11.7,36,medium,0,2026-01-19 16:03:52.576 +0200
1848,116,2024-09-21 20:20:00.000 +0300,81,11.9,37,high,0,2026-01-19 16:03:52.576 +0200
1849,116,2024-09-21 20:25:00.000 +0300,83,12.1,38,high,0,2026-01-19 16:03:52.576 +0200
1850,116,2024-09-21 20:30:00.000 +0300,85,12.3,39,high,0,2026-01-19 16:03:52.576 +0200
1851,116,2024-09-21 20:35:00.000 +0300,87,12.5,40,high,0,2026-01-19 16:03:52.576 +0200
1852,116,2024-09-21 20:40:00.000 +0300,89,12.7,41,high,0,2026-01-19 16:03:52.576 +0200
1853,116,2024-09-21 20:45:00.000 +0300,91,12.9,42,high,0,2026-01-19 16:03:52.576 +0200
1854,116,2024-09-21 20:00:00.000 +0300,86,12.6,38,medium,0,2026-01-19 16:03:52.576 +0200
1855,116,2024-09-21 20:05:00.000 +0300,88,12.8,39,medium,0,2026-01-19 16:03:52.576 +0200
1856,116,2024-09-21 20:10:00.000 +0300,90,13.0,40,medium,0,2026-01-19 16:03:52.576 +0200
1857,117,2024-09-21 20:15:00.000 +0300,92,13.2,41,high,0,2026-01-19 16:03:52.576 +0200
1858,117,2024-09-21 20:20:00.000 +0300,94,13.4,42,high,0,2026-01-19 16:03:52.576 +0200
1859,117,2024-09-21 20:25:00.000 +0300,96,13.6,43,high,0,2026-01-19 16:03:52.576 +0200
1860,117,2024-09-21 20:30:00.000 +0300,98,13.8,44,high,0,2026-01-19 16:03:52.576 +0200
1861,117,2024-09-21 20:35:00.000 +0300,100,14.0,45,high,0,2026-01-19 16:03:52.576 +0200
1862,117,2024-09-21 20:40:00.000 +0300,102,14.2,46,high,0,2026-01-19 16:03:52.576 +0200
1863,117,2024-09-21 20:45:00.000 +0300,104,14.4,47,high,0,2026-01-19 16:03:52.576 +0200
1864,117,2024-09-21 20:00:00.000 +0300,71,10.9,32,medium,0,2026-01-19 16:03:52.576 +0200
1865,117,2024-09-21 20:05:00.000 +0300,73,11.1,33,medium,0,2026-01-19 16:03:52.576 +0200
1866,117,2024-09-21 20:10:00.000 +0300,75,11.3,34,medium,0,2026-01-19 16:03:52.576 +0200
1867,117,2024-09-21 20:15:00.000 +0300,77,11.5,35,medium,0,2026-01-19 16:03:52.576 +0200
1868,117,2024-09-21 20:20:00.000 +0300,79,11.7,36,high,0,2026-01-19 16:03:52.576 +0200
1869,117,2024-09-21 20:25:00.000 +0300,81,11.9,37,high,0,2026-01-19 16:03:52.576 +0200
1870,117,2024-09-21 20:30:00.000 +0300,83,12.1,38,high,0,2026-01-19 16:03:52.576 +0200
1871,117,2024-09-21 20:35:00.000 +0300,85,12.3,39,high,0,2026-01-19 16:03:52.576 +0200
1872,117,2024-09-21 20:40:00.000 +0300,87,12.5,40,high,0,2026-01-19 16:03:52.576 +0200
1873,118,2024-09-21 20:45:00.000 +0300,89,12.7,41,high,0,2026-01-19 16:03:52.576 +0200
1874,118,2024-09-21 20:00:00.000 +0300,89,13.0,39,medium,0,2026-01-19 16:03:52.576 +0200
1875,118,2024-09-21 20:05:00.000 +0300,91,13.2,40,medium,0,2026-01-19 16:03:52.576 +0200
1876,118,2024-09-21 20:10:00.000 +0300,93,13.4,41,medium,0,2026-01-19 16:03:52.576 +0200
1877,118,2024-09-21 20:15:00.000 +0300,95,13.6,42,high,0,2026-01-19 16:03:52.576 +0200
1878,118,2024-09-21 20:20:00.000 +0300,97,13.8,43,high,0,2026-01-19 16:03:52.576 +0200
1879,118,2024-09-21 20:25:00.000 +0300,99,14.0,44,high,0,2026-01-19 16:03:52.576 +0200
1880,118,2024-09-21 20:30:00.000 +0300,101,14.2,45,high,0,2026-01-19 16:03:52.576 +0200
1881,118,2024-09-21 20:35:00.000 +0300,103,14.4,46,high,0,2026-01-19 16:03:52.576 +0200
1882,118,2024-09-21 20:40:00.000 +0300,105,14.6,47,high,0,2026-01-19 16:03:52.576 +0200
1883,118,2024-09-21 20:45:00.000 +0300,107,14.8,48,high,0,2026-01-19 16:03:52.576 +0200
1884,118,2024-09-21 20:00:00.000 +0300,75,11.4,34,medium,0,2026-01-19 16:03:52.576 +0200
1885,118,2024-09-21 20:05:00.000 +0300,77,11.6,35,medium,0,2026-01-19 16:03:52.576 +0200
1886,118,2024-09-21 20:10:00.000 +0300,79,11.8,36,medium,0,2026-01-19 16:03:52.576 +0200
1887,118,2024-09-21 20:15:00.000 +0300,81,12.0,37,medium,0,2026-01-19 16:03:52.576 +0200
1888,118,2024-09-21 20:20:00.000 +0300,83,12.2,38,high,0,2026-01-19 16:03:52.576 +0200
1889,119,2024-09-21 20:25:00.000 +0300,85,12.4,39,high,0,2026-01-19 16:03:52.576 +0200
1890,119,2024-09-21 20:30:00.000 +0300,87,12.6,40,high,0,2026-01-19 16:03:52.576 +0200
1891,119,2024-09-21 20:35:00.000 +0300,89,12.8,41,high,0,2026-01-19 16:03:52.576 +0200
1892,119,2024-09-21 20:40:00.000 +0300,91,13.0,42,high,0,2026-01-19 16:03:52.576 +0200
1893,119,2024-09-21 20:45:00.000 +0300,93,13.2,43,high,0,2026-01-19 16:03:52.576 +0200
1894,119,2024-09-21 20:00:00.000 +0300,82,12.3,37,medium,0,2026-01-19 16:03:52.576 +0200
1895,119,2024-09-21 20:05:00.000 +0300,84,12.5,38,medium,0,2026-01-19 16:03:52.576 +0200
1896,119,2024-09-21 20:10:00.000 +0300,86,12.7,39,medium,0,2026-01-19 16:03:52.576 +0200
1897,119,2024-09-21 20:15:00.000 +0300,88,12.9,40,high,0,2026-01-19 16:03:52.576 +0200
1898,119,2024-09-21 20:20:00.000 +0300,90,13.1,41,high,0,2026-01-19 16:03:52.576 +0200
1899,119,2024-09-21 20:25:00.000 +0300,92,13.3,42,high,0,2026-01-19 16:03:52.576 +0200
1900,119,2024-09-21 20:30:00.000 +0300,94,13.5,43,high,0,2026-01-19 16:03:52.576 +0200
1901,119,2024-09-21 20:35:00.000 +0300,96,13.7,44,high,0,2026-01-19 16:03:52.576 +0200
1902,119,2024-09-21 20:40:00.000 +0300,98,13.9,45,high,0,2026-01-19 16:03:52.576 +0200
1903,119,2024-09-21 20:45:00.000 +0300,100,14.1,46,high,0,2026-01-19 16:03:52.576 +0200
1904,119,2024-09-21 20:00:00.000 +0300,74,11.2,33,medium,0,2026-01-19 16:03:52.576 +0200
1905,120,2024-09-21 20:05:00.000 +0300,76,11.4,34,medium,0,2026-01-19 16:03:52.576 +0200
1906,120,2024-09-21 20:10:00.000 +0300,78,11.6,35,medium,0,2026-01-19 16:03:52.576 +0200
1907,120,2024-09-21 20:15:00.000 +0300,80,11.8,36,medium,0,2026-01-19 16:03:52.576 +0200
1908,120,2024-09-21 20:20:00.000 +0300,82,12.0,37,high,0,2026-01-19 16:03:52.576 +0200
1909,120,2024-09-21 20:25:00.000 +0300,84,12.2,38,high,0,2026-01-19 16:03:52.576 +0200
1910,120,2024-09-21 20:30:00.000 +0300,86,12.4,39,high,0,2026-01-19 16:03:52.576 +0200
1911,120,2024-09-21 20:35:00.000 +0300,88,12.6,40,high,0,2026-01-19 16:03:52.576 +0200
1912,120,2024-09-21 20:40:00.000 +0300,90,12.8,41,high,0,2026-01-19 16:03:52.576 +0200
1913,120,2024-09-21 20:45:00.000 +0300,92,13.0,42,high,0,2026-01-19 16:03:52.576 +0200
1914,120,2024-09-21 20:00:00.000 +0300,87,12.8,38,medium,0,2026-01-19 16:03:52.576 +0200
1915,120,2024-09-21 20:05:00.000 +0300,89,13.0,39,medium,0,2026-01-19 16:03:52.576 +0200
1916,120,2024-09-21 20:10:00.000 +0300,91,13.2,40,medium,0,2026-01-19 16:03:52.576 +0200
1917,120,2024-09-21 20:15:00.000 +0300,93,13.4,41,high,0,2026-01-19 16:03:52.576 +0200
1918,120,2024-09-21 20:20:00.000 +0300,95,13.6,42,high,0,2026-01-19 16:03:52.576 +0200
1919,120,2024-09-21 20:25:00.000 +0300,97,13.8,43,high,0,2026-01-19 16:03:52.576 +0200
1920,120,2024-09-21 20:30:00.000 +0300,99,14.0,44,high,0,2026-01-19 16:03:52.576 +0200
1921,121,2024-09-21 20:35:00.000 +0300,101,14.2,45,high,0,2026-01-19 16:03:52.576 +0200
1922,121,2024-09-21 20:40:00.000 +0300,103,14.4,46,high,0,2026-01-19 16:03:52.576 +0200
1923,121,2024-09-21 20:45:00.000 +0300,105,14.6,47,high,0,2026-01-19 16:03:52.576 +0200
1924,121,2024-09-21 20:00:00.000 +0300,76,11.5,34,medium,0,2026-01-19 16:03:52.576 +0200
1925,121,2024-09-21 20:05:00.000 +0300,78,11.7,35,medium,0,2026-01-19 16:03:52.576 +0200
1926,121,2024-09-21 20:10:00.000 +0300,80,11.9,36,medium,0,2026-01-19 16:03:52.576 +0200
1927,121,2024-09-21 20:15:00.000 +0300,82,12.1,37,medium,0,2026-01-19 16:03:52.576 +0200
1928,121,2024-09-21 20:20:00.000 +0300,84,12.3,38,high,0,2026-01-19 16:03:52.576 +0200
1929,121,2024-09-21 20:25:00.000 +0300,86,12.5,39,high,0,2026-01-19 16:03:52.576 +0200
1930,121,2024-09-21 20:30:00.000 +0300,88,12.7,40,high,0,2026-01-19 16:03:52.576 +0200
1931,121,2024-09-21 20:35:00.000 +0300,90,12.9,41,high,0,2026-01-19 16:03:52.576 +0200
1932,121,2024-09-21 20:40:00.000 +0300,92,13.1,42,high,0,2026-01-19 16:03:52.576 +0200
1933,121,2024-09-21 20:45:00.000 +0300,94,13.3,43,high,0,2026-01-19 16:03:52.576 +0200
1934,121,2024-09-21 21:00:00.000 +0300,84,12.4,38,medium,0,2026-01-19 16:03:52.576 +0200
1935,121,2024-09-21 21:05:00.000 +0300,86,12.6,39,medium,0,2026-01-19 16:03:52.576 +0200
1936,121,2024-09-21 21:10:00.000 +0300,88,12.8,40,medium,0,2026-01-19 16:03:52.576 +0200
1937,122,2024-09-21 21:15:00.000 +0300,90,13.0,41,high,0,2026-01-19 16:03:52.576 +0200
1938,122,2024-09-21 21:20:00.000 +0300,92,13.2,42,high,0,2026-01-19 16:03:52.576 +0200
1939,122,2024-09-21 21:25:00.000 +0300,94,13.4,43,high,0,2026-01-19 16:03:52.576 +0200
1940,122,2024-09-21 21:30:00.000 +0300,96,13.6,44,high,0,2026-01-19 16:03:52.576 +0200
1941,122,2024-09-21 21:35:00.000 +0300,98,13.8,45,high,0,2026-01-19 16:03:52.576 +0200
1942,122,2024-09-21 21:40:00.000 +0300,100,14.0,46,high,0,2026-01-19 16:03:52.576 +0200
1943,122,2024-09-21 21:45:00.000 +0300,102,14.2,47,high,0,2026-01-19 16:03:52.576 +0200
1944,122,2024-09-21 21:00:00.000 +0300,76,11.6,34,medium,0,2026-01-19 16:03:52.576 +0200
1945,122,2024-09-21 21:05:00.000 +0300,78,11.8,35,medium,0,2026-01-19 16:03:52.576 +0200
1946,122,2024-09-21 21:10:00.000 +0300,80,12.0,36,medium,0,2026-01-19 16:03:52.576 +0200
1947,122,2024-09-21 21:15:00.000 +0300,82,12.2,37,medium,0,2026-01-19 16:03:52.576 +0200
1948,122,2024-09-21 21:20:00.000 +0300,84,12.4,38,high,0,2026-01-19 16:03:52.576 +0200
1949,122,2024-09-21 21:25:00.000 +0300,86,12.6,39,high,0,2026-01-19 16:03:52.576 +0200
1950,122,2024-09-21 21:30:00.000 +0300,88,12.8,40,high,0,2026-01-19 16:03:52.576 +0200
1951,122,2024-09-21 21:35:00.000 +0300,90,13.0,41,high,0,2026-01-19 16:03:52.576 +0200
1952,122,2024-09-21 21:40:00.000 +0300,92,13.2,42,high,0,2026-01-19 16:03:52.576 +0200
1953,123,2024-09-21 21:45:00.000 +0300,94,13.4,43,high,0,2026-01-19 16:03:52.576 +0200
1954,123,2024-09-21 21:00:00.000 +0300,89,13.0,40,medium,0,2026-01-19 16:03:52.576 +0200
1955,123,2024-09-21 21:05:00.000 +0300,91,13.2,41,medium,0,2026-01-19 16:03:52.576 +0200
1956,123,2024-09-21 21:10:00.000 +0300,93,13.4,42,medium,0,2026-01-19 16:03:52.576 +0200
1957,123,2024-09-21 21:15:00.000 +0300,95,13.6,43,high,0,2026-01-19 16:03:52.576 +0200
1958,123,2024-09-21 21:20:00.000 +0300,97,13.8,44,high,0,2026-01-19 16:03:52.576 +0200
1959,123,2024-09-21 21:25:00.000 +0300,99,14.0,45,high,0,2026-01-19 16:03:52.576 +0200
1960,123,2024-09-21 21:30:00.000 +0300,101,14.2,46,high,0,2026-01-19 16:03:52.576 +0200
1961,123,2024-09-21 21:35:00.000 +0300,103,14.4,47,high,0,2026-01-19 16:03:52.576 +0200
1962,123,2024-09-21 21:40:00.000 +0300,105,14.6,48,high,0,2026-01-19 16:03:52.576 +0200
1963,123,2024-09-21 21:45:00.000 +0300,107,14.8,49,high,0,2026-01-19 16:03:52.576 +0200
1964,123,2024-09-21 21:00:00.000 +0300,74,11.3,33,medium,0,2026-01-19 16:03:52.576 +0200
1965,123,2024-09-21 21:05:00.000 +0300,76,11.5,34,medium,0,2026-01-19 16:03:52.576 +0200
1966,123,2024-09-21 21:10:00.000 +0300,78,11.7,35,medium,0,2026-01-19 16:03:52.576 +0200
1967,123,2024-09-21 21:15:00.000 +0300,80,11.9,36,medium,0,2026-01-19 16:03:52.576 +0200
1968,123,2024-09-21 21:20:00.000 +0300,82,12.1,37,high,0,2026-01-19 16:03:52.576 +0200
1969,124,2024-09-21 21:25:00.000 +0300,84,12.3,38,high,0,2026-01-19 16:03:52.576 +0200
1970,124,2024-09-21 21:30:00.000 +0300,86,12.5,39,high,0,2026-01-19 16:03:52.576 +0200
1971,124,2024-09-21 21:35:00.000 +0300,88,12.7,40,high,0,2026-01-19 16:03:52.576 +0200
1972,124,2024-09-21 21:40:00.000 +0300,90,12.9,41,high,0,2026-01-19 16:03:52.576 +0200
1973,124,2024-09-21 21:45:00.000 +0300,92,13.1,42,high,0,2026-01-19 16:03:52.576 +0200
1974,124,2024-09-21 21:00:00.000 +0300,92,13.4,41,medium,0,2026-01-19 16:03:52.576 +0200
1975,124,2024-09-21 21:05:00.000 +0300,94,13.6,42,medium,0,2026-01-19 16:03:52.576 +0200
1976,124,2024-09-21 21:10:00.000 +0300,96,13.8,43,medium,0,2026-01-19 16:03:52.576 +0200
1977,124,2024-09-21 21:15:00.000 +0300,98,14.0,44,high,0,2026-01-19 16:03:52.576 +0200
1978,124,2024-09-21 21:20:00.000 +0300,100,14.2,45,high,0,2026-01-19 16:03:52.576 +0200
1979,124,2024-09-21 21:25:00.000 +0300,102,14.4,46,high,0,2026-01-19 16:03:52.576 +0200
1980,124,2024-09-21 21:30:00.000 +0300,104,14.6,47,high,0,2026-01-19 16:03:52.576 +0200
1981,124,2024-09-21 21:35:00.000 +0300,106,14.8,48,high,0,2026-01-19 16:03:52.576 +0200
1982,124,2024-09-21 21:40:00.000 +0300,108,15.0,49,high,0,2026-01-19 16:03:52.576 +0200
1983,124,2024-09-21 21:45:00.000 +0300,110,15.2,50,high,0,2026-01-19 16:03:52.576 +0200
1984,124,2024-09-21 21:00:00.000 +0300,78,11.9,35,medium,0,2026-01-19 16:03:52.576 +0200
1985,125,2024-09-21 21:05:00.000 +0300,80,12.1,36,medium,0,2026-01-19 16:03:52.576 +0200
1986,125,2024-09-21 21:10:00.000 +0300,82,12.3,37,medium,0,2026-01-19 16:03:52.576 +0200
1987,125,2024-09-21 21:15:00.000 +0300,84,12.5,38,medium,0,2026-01-19 16:03:52.576 +0200
1988,125,2024-09-21 21:20:00.000 +0300,86,12.7,39,high,0,2026-01-19 16:03:52.576 +0200
1989,125,2024-09-21 21:25:00.000 +0300,88,12.9,40,high,0,2026-01-19 16:03:52.576 +0200
1990,125,2024-09-21 21:30:00.000 +0300,90,13.1,41,high,0,2026-01-19 16:03:52.576 +0200
1991,125,2024-09-21 21:35:00.000 +0300,92,13.3,42,high,0,2026-01-19 16:03:52.576 +0200
1992,125,2024-09-21 21:40:00.000 +0300,94,13.5,43,high,0,2026-01-19 16:03:52.576 +0200
1993,125,2024-09-21 21:45:00.000 +0300,96,13.7,44,high,0,2026-01-19 16:03:52.576 +0200
1994,125,2024-09-21 21:00:00.000 +0300,86,12.7,39,medium,0,2026-01-19 16:03:52.576 +0200
1995,125,2024-09-21 21:05:00.000 +0300,88,12.9,40,medium,0,2026-01-19 16:03:52.576 +0200
1996,125,2024-09-21 21:10:00.000 +0300,90,13.1,41,medium,0,2026-01-19 16:03:52.576 +0200
1997,125,2024-09-21 21:15:00.000 +0300,92,13.3,42,high,0,2026-01-19 16:03:52.576 +0200
1998,125,2024-09-21 21:20:00.000 +0300,94,13.5,43,high,0,2026-01-19 16:03:52.576 +0200
1999,125,2024-09-21 21:25:00.000 +0300,96,13.7,44,high,0,2026-01-19 16:03:52.576 +0200
2000,125,2024-09-21 21:30:00.000 +0300,98,13.9,45,high,0,2026-01-19 16:03:52.576 +0200
2001,126,2024-09-21 21:35:00.000 +0300,100,14.1,46,high,0,2026-01-19 16:03:52.576 +0200
2002,126,2024-09-21 21:40:00.000 +0300,102,14.3,47,high,0,2026-01-19 16:03:52.576 +0200
2003,126,2024-09-21 21:45:00.000 +0300,104,14.5,48,high,0,2026-01-19 16:03:52.576 +0200
2004,126,2024-09-21 21:00:00.000 +0300,77,11.7,34,medium,0,2026-01-19 16:03:52.576 +0200
2005,126,2024-09-21 21:05:00.000 +0300,79,11.9,35,medium,0,2026-01-19 16:03:52.576 +0200
2006,126,2024-09-21 21:10:00.000 +0300,81,12.1,36,medium,0,2026-01-19 16:03:52.576 +0200
2007,126,2024-09-21 21:15:00.000 +0300,83,12.3,37,medium,0,2026-01-19 16:03:52.576 +0200
2008,126,2024-09-21 21:20:00.000 +0300,85,12.5,38,high,0,2026-01-19 16:03:52.576 +0200
2009,126,2024-09-21 21:25:00.000 +0300,87,12.7,39,high,0,2026-01-19 16:03:52.576 +0200
2010,126,2024-09-21 21:30:00.000 +0300,89,12.9,40,high,0,2026-01-19 16:03:52.576 +0200
2011,126,2024-09-21 21:35:00.000 +0300,91,13.1,41,high,0,2026-01-19 16:03:52.576 +0200
2012,126,2024-09-21 21:40:00.000 +0300,93,13.3,42,high,0,2026-01-19 16:03:52.576 +0200
2013,126,2024-09-21 21:45:00.000 +0300,95,13.5,43,high,0,2026-01-19 16:03:52.576 +0200
2014,126,2024-09-21 21:00:00.000 +0300,91,13.3,41,medium,0,2026-01-19 16:03:52.576 +0200
2015,126,2024-09-21 21:05:00.000 +0300,93,13.5,42,medium,0,2026-01-19 16:03:52.576 +0200
2016,126,2024-09-21 21:10:00.000 +0300,95,13.7,43,medium,0,2026-01-19 16:03:52.576 +0200
2017,127,2024-09-21 21:15:00.000 +0300,97,13.9,44,high,0,2026-01-19 16:03:52.576 +0200
2018,127,2024-09-21 21:20:00.000 +0300,99,14.1,45,high,0,2026-01-19 16:03:52.576 +0200
2019,127,2024-09-21 21:25:00.000 +0300,101,14.3,46,high,0,2026-01-19 16:03:52.576 +0200
2020,127,2024-09-21 21:30:00.000 +0300,103,14.5,47,high,0,2026-01-19 16:03:52.576 +0200
2021,127,2024-09-21 21:35:00.000 +0300,105,14.7,48,high,0,2026-01-19 16:03:52.576 +0200
2022,127,2024-09-21 21:40:00.000 +0300,107,14.9,49,high,0,2026-01-19 16:03:52.576 +0200
2023,127,2024-09-21 21:45:00.000 +0300,109,15.1,50,high,0,2026-01-19 16:03:52.576 +0200
2024,127,2024-09-21 21:00:00.000 +0300,80,12.0,36,medium,0,2026-01-19 16:03:52.576 +0200
2025,127,2024-09-21 21:05:00.000 +0300,82,12.2,37,medium,0,2026-01-19 16:03:52.576 +0200
2026,127,2024-09-21 21:10:00.000 +0300,84,12.4,38,medium,0,2026-01-19 16:03:52.576 +0200
2027,127,2024-09-21 21:15:00.000 +0300,86,12.6,39,medium,0,2026-01-19 16:03:52.576 +0200
2028,127,2024-09-21 21:20:00.000 +0300,88,12.8,40,high,0,2026-01-19 16:03:52.576 +0200
2029,127,2024-09-21 21:25:00.000 +0300,90,13.0,41,high,0,2026-01-19 16:03:52.576 +0200
2030,127,2024-09-21 21:30:00.000 +0300,92,13.2,42,high,0,2026-01-19 16:03:52.576 +0200
2031,127,2024-09-21 21:35:00.000 +0300,94,13.4,43,high,0,2026-01-19 16:03:52.576 +0200
2032,127,2024-09-21 21:40:00.000 +0300,96,13.6,44,high,0,2026-01-19 16:03:52.576 +0200
2033,128,2024-09-21 21:45:00.000 +0300,98,13.8,45,high,0,2026-01-19 16:03:52.576 +0200
2034,128,2024-09-21 22:00:00.000 +0300,86,12.6,39,medium,0,2026-01-19 16:03:52.576 +0200
2035,128,2024-09-21 22:05:00.000 +0300,88,12.8,40,medium,0,2026-01-19 16:03:52.576 +0200
2036,128,2024-09-21 22:10:00.000 +0300,90,13.0,41,medium,0,2026-01-19 16:03:52.576 +0200
2037,128,2024-09-21 22:15:00.000 +0300,92,13.2,42,high,0,2026-01-19 16:03:52.576 +0200
2038,128,2024-09-21 22:20:00.000 +0300,94,13.4,43,high,0,2026-01-19 16:03:52.576 +0200
2039,128,2024-09-21 22:25:00.000 +0300,96,13.6,44,high,0,2026-01-19 16:03:52.576 +0200
2040,128,2024-09-21 22:30:00.000 +0300,98,13.8,45,high,0,2026-01-19 16:03:52.576 +0200
2041,128,2024-09-21 22:35:00.000 +0300,100,14.0,46,high,0,2026-01-19 16:03:52.576 +0200
2042,128,2024-09-21 22:40:00.000 +0300,102,14.2,47,high,0,2026-01-19 16:03:52.576 +0200
2043,128,2024-09-21 22:45:00.000 +0300,104,14.4,48,high,0,2026-01-19 16:03:52.576 +0200
2044,128,2024-09-21 22:00:00.000 +0300,78,11.8,35,medium,0,2026-01-19 16:03:52.576 +0200
2045,128,2024-09-21 22:05:00.000 +0300,80,12.0,36,medium,0,2026-01-19 16:03:52.576 +0200
2046,128,2024-09-21 22:10:00.000 +0300,82,12.2,37,medium,0,2026-01-19 16:03:52.576 +0200
2047,128,2024-09-21 22:15:00.000 +0300,84,12.4,38,medium,0,2026-01-19 16:03:52.576 +0200
2048,128,2024-09-21 22:20:00.000 +0300,86,12.6,39,high,0,2026-01-19 16:03:52.576 +0200
2049,129,2024-09-21 22:25:00.000 +0300,88,12.8,40,high,0,2026-01-19 16:03:52.576 +0200
2050,129,2024-09-21 22:30:00.000 +0300,90,13.0,41,high,0,2026-01-19 16:03:52.576 +0200
2051,129,2024-09-21 22:35:00.000 +0300,92,13.2,42,high,0,2026-01-19 16:03:52.576 +0200
2052,129,2024-09-21 22:40:00.000 +0300,94,13.4,43,high,0,2026-01-19 16:03:52.576 +0200
2053,129,2024-09-21 22:45:00.000 +0300,96,13.6,44,high,0,2026-01-19 16:03:52.576 +0200
2054,129,2024-09-21 22:00:00.000 +0300,91,13.2,41,medium,0,2026-01-19 16:03:52.576 +0200
2055,129,2024-09-21 22:05:00.000 +0300,93,13.4,42,medium,0,2026-01-19 16:03:52.576 +0200
2056,129,2024-09-21 22:10:00.000 +0300,95,13.6,43,medium,0,2026-01-19 16:03:52.576 +0200
2057,129,2024-09-21 22:15:00.000 +0300,97,13.8,44,high,0,2026-01-19 16:03:52.576 +0200
2058,129,2024-09-21 22:20:00.000 +0300,99,14.0,45,high,0,2026-01-19 16:03:52.576 +0200
2059,129,2024-09-21 22:25:00.000 +0300,101,14.2,46,high,0,2026-01-19 16:03:52.576 +0200
2060,129,2024-09-21 22:30:00.000 +0300,103,14.4,47,high,0,2026-01-19 16:03:52.576 +0200
2061,129,2024-09-21 22:35:00.000 +0300,105,14.6,48,high,0,2026-01-19 16:03:52.576 +0200
2062,129,2024-09-21 22:40:00.000 +0300,107,14.8,49,high,0,2026-01-19 16:03:52.576 +0200
2063,129,2024-09-21 22:45:00.000 +0300,109,15.0,50,high,0,2026-01-19 16:03:52.576 +0200
2064,129,2024-09-21 22:00:00.000 +0300,76,11.6,34,medium,0,2026-01-19 16:03:52.576 +0200
2065,130,2024-09-21 22:05:00.000 +0300,78,11.8,35,medium,0,2026-01-19 16:03:52.576 +0200
2066,130,2024-09-21 22:10:00.000 +0300,80,12.0,36,medium,0,2026-01-19 16:03:52.576 +0200
2067,130,2024-09-21 22:15:00.000 +0300,82,12.2,37,medium,0,2026-01-19 16:03:52.576 +0200
2068,130,2024-09-21 22:20:00.000 +0300,84,12.4,38,high,0,2026-01-19 16:03:52.576 +0200
2069,130,2024-09-21 22:25:00.000 +0300,86,12.6,39,high,0,2026-01-19 16:03:52.576 +0200
2070,130,2024-09-21 22:30:00.000 +0300,88,12.8,40,high,0,2026-01-19 16:03:52.576 +0200
2071,130,2024-09-21 22:35:00.000 +0300,90,13.0,41,high,0,2026-01-19 16:03:52.576 +0200
2072,130,2024-09-21 22:40:00.000 +0300,92,13.2,42,high,0,2026-01-19 16:03:52.576 +0200
2073,130,2024-09-21 22:45:00.000 +0300,94,13.4,43,high,0,2026-01-19 16:03:52.576 +0200
2074,130,2024-09-21 22:00:00.000 +0300,94,13.6,42,medium,0,2026-01-19 16:03:52.576 +0200
2075,130,2024-09-21 22:05:00.000 +0300,96,13.8,43,medium,0,2026-01-19 16:03:52.576 +0200
2076,130,2024-09-21 22:10:00.000 +0300,98,14.0,44,medium,0,2026-01-19 16:03:52.576 +0200
2077,130,2024-09-21 22:15:00.000 +0300,100,14.2,45,high,0,2026-01-19 16:03:52.576 +0200
2078,130,2024-09-21 22:20:00.000 +0300,102,14.4,46,high,0,2026-01-19 16:03:52.576 +0200
2079,130,2024-09-21 22:25:00.000 +0300,104,14.6,47,high,0,2026-01-19 16:03:52.576 +0200
2080,130,2024-09-21 22:30:00.000 +0300,106,14.8,48,high,0,2026-01-19 16:03:52.576 +0200
2081,131,2024-09-21 22:35:00.000 +0300,108,15.0,49,high,0,2026-01-19 16:03:52.576 +0200
2082,131,2024-09-21 22:40:00.000 +0300,110,15.2,50,high,0,2026-01-19 16:03:52.576 +0200
2083,131,2024-09-21 22:45:00.000 +0300,112,15.4,51,high,0,2026-01-19 16:03:52.576 +0200
2084,131,2024-09-21 22:00:00.000 +0300,80,12.1,36,medium,0,2026-01-19 16:03:52.576 +0200
2085,131,2024-09-21 22:05:00.000 +0300,82,12.3,37,medium,0,2026-01-19 16:03:52.576 +0200
2086,131,2024-09-21 22:10:00.000 +0300,84,12.5,38,medium,0,2026-01-19 16:03:52.576 +0200
2087,131,2024-09-21 22:15:00.000 +0300,86,12.7,39,medium,0,2026-01-19 16:03:52.576 +0200
2088,131,2024-09-21 22:20:00.000 +0300,88,12.9,40,high,0,2026-01-19 16:03:52.576 +0200
2089,131,2024-09-21 22:25:00.000 +0300,90,13.1,41,high,0,2026-01-19 16:03:52.576 +0200
2090,131,2024-09-21 22:30:00.000 +0300,92,13.3,42,high,0,2026-01-19 16:03:52.576 +0200
2091,131,2024-09-21 22:35:00.000 +0300,94,13.5,43,high,0,2026-01-19 16:03:52.576 +0200
2092,131,2024-09-21 22:40:00.000 +0300,96,13.7,44,high,0,2026-01-19 16:03:52.576 +0200
2093,131,2024-09-21 22:45:00.000 +0300,98,13.9,45,high,0,2026-01-19 16:03:52.576 +0200
2094,131,2024-09-21 22:00:00.000 +0300,88,13.0,40,medium,0,2026-01-19 16:03:52.576 +0200
2095,131,2024-09-21 22:05:00.000 +0300,90,13.2,41,medium,0,2026-01-19 16:03:52.576 +0200
2096,131,2024-09-21 22:10:00.000 +0300,92,13.4,42,medium,0,2026-01-19 16:03:52.576 +0200
2097,132,2024-09-21 22:15:00.000 +0300,94,13.6,43,high,0,2026-01-19 16:03:52.576 +0200
2098,132,2024-09-21 22:20:00.000 +0300,96,13.8,44,high,0,2026-01-19 16:03:52.576 +0200
2099,132,2024-09-21 22:25:00.000 +0300,98,14.0,45,high,0,2026-01-19 16:03:52.576 +0200
2100,132,2024-09-21 22:30:00.000 +0300,100,14.2,46,high,0,2026-01-19 16:03:52.576 +0200
2101,132,2024-09-21 22:35:00.000 +0300,102,14.4,47,high,0,2026-01-19 16:03:52.576 +0200
2102,132,2024-09-21 22:40:00.000 +0300,104,14.6,48,high,0,2026-01-19 16:03:52.576 +0200
2103,132,2024-09-21 22:45:00.000 +0300,106,14.8,49,high,0,2026-01-19 16:03:52.576 +0200
2104,132,2024-09-21 22:00:00.000 +0300,79,11.9,35,medium,0,2026-01-19 16:03:52.576 +0200
2105,132,2024-09-21 22:05:00.000 +0300,81,12.1,36,medium,0,2026-01-19 16:03:52.576 +0200
2106,132,2024-09-21 22:10:00.000 +0300,83,12.3,37,medium,0,2026-01-19 16:03:52.576 +0200
2107,132,2024-09-21 22:15:00.000 +0300,85,12.5,38,medium,0,2026-01-19 16:03:52.576 +0200
2108,132,2024-09-21 22:20:00.000 +0300,87,12.7,39,high,0,2026-01-19 16:03:52.576 +0200
2109,132,2024-09-21 22:25:00.000 +0300,89,12.9,40,high,0,2026-01-19 16:03:52.576 +0200
2110,132,2024-09-21 22:30:00.000 +0300,91,13.1,41,high,0,2026-01-19 16:03:52.576 +0200
2111,132,2024-09-21 22:35:00.000 +0300,93,13.3,42,high,0,2026-01-19 16:03:52.576 +0200
2112,132,2024-09-21 22:40:00.000 +0300,95,13.5,43,high,0,2026-01-19 16:03:52.576 +0200
2113,133,2024-09-21 22:45:00.000 +0300,97,13.7,44,high,0,2026-01-19 16:03:52.576 +0200
2114,133,2024-09-21 22:00:00.000 +0300,92,13.5,41,medium,0,2026-01-19 16:03:52.576 +0200
2115,133,2024-09-21 22:05:00.000 +0300,94,13.7,42,medium,0,2026-01-19 16:03:52.576 +0200
2116,133,2024-09-21 22:10:00.000 +0300,96,13.9,43,medium,0,2026-01-19 16:03:52.576 +0200
2117,133,2024-09-21 22:15:00.000 +0300,98,14.1,44,high,0,2026-01-19 16:03:52.576 +0200
2118,133,2024-09-21 22:20:00.000 +0300,100,14.3,45,high,0,2026-01-19 16:03:52.576 +0200
2119,133,2024-09-21 22:25:00.000 +0300,102,14.5,46,high,0,2026-01-19 16:03:52.576 +0200
2120,133,2024-09-21 22:30:00.000 +0300,104,14.7,47,high,0,2026-01-19 16:03:52.576 +0200
2121,133,2024-09-21 22:35:00.000 +0300,106,14.9,48,high,0,2026-01-19 16:03:52.576 +0200
2122,133,2024-09-21 22:40:00.000 +0300,108,15.1,49,high,0,2026-01-19 16:03:52.576 +0200
2123,133,2024-09-21 22:45:00.000 +0300,110,15.3,50,high,0,2026-01-19 16:03:52.576 +0200
2124,133,2024-09-21 22:00:00.000 +0300,82,12.3,37,medium,0,2026-01-19 16:03:52.576 +0200
2125,133,2024-09-21 22:05:00.000 +0300,84,12.5,38,medium,0,2026-01-19 16:03:52.576 +0200
2126,133,2024-09-21 22:10:00.000 +0300,86,12.7,39,medium,0,2026-01-19 16:03:52.576 +0200
2127,133,2024-09-21 22:15:00.000 +0300,88,12.9,40,medium,0,2026-01-19 16:03:52.576 +0200
2128,133,2024-09-21 22:20:00.000 +0300,90,13.1,41,high,0,2026-01-19 16:03:52.576 +0200
2129,134,2024-09-21 22:25:00.000 +0300,92,13.3,42,high,0,2026-01-19 16:03:52.576 +0200
2130,134,2024-09-21 22:30:00.000 +0300,94,13.5,43,high,0,2026-01-19 16:03:52.576 +0200
2131,134,2024-09-21 22:35:00.000 +0300,96,13.7,44,high,0,2026-01-19 16:03:52.576 +0200
2132,134,2024-09-21 22:40:00.000 +0300,98,13.9,45,high,0,2026-01-19 16:03:52.576 +0200
2133,134,2024-09-21 22:45:00.000 +0300,100,14.1,46,high,0,2026-01-19 16:03:52.576 +0200
2134,134,2024-09-21 23:00:00.000 +0300,80,12.1,36,medium,0,2026-01-19 16:03:52.576 +0200
2135,134,2024-09-21 23:05:00.000 +0300,82,12.3,37,medium,0,2026-01-19 16:03:52.576 +0200
2136,134,2024-09-21 23:10:00.000 +0300,84,12.5,38,medium,0,2026-01-19 16:03:52.576 +0200
2137,134,2024-09-21 23:15:00.000 +0300,86,12.7,39,medium,0,2026-01-19 16:03:52.576 +0200
2138,134,2024-09-21 23:20:00.000 +0300,88,12.9,40,high,0,2026-01-19 16:03:52.576 +0200
2139,134,2024-09-21 23:25:00.000 +0300,90,13.1,41,high,0,2026-01-19 16:03:52.576 +0200
2140,134,2024-09-21 23:30:00.000 +0300,92,13.3,42,high,0,2026-01-19 16:03:52.576 +0200
2141,134,2024-09-21 23:35:00.000 +0300,94,13.5,43,high,0,2026-01-19 16:03:52.576 +0200
2142,134,2024-09-21 23:40:00.000 +0300,96,13.7,44,high,0,2026-01-19 16:03:52.576 +0200
2143,134,2024-09-21 23:45:00.000 +0300,98,13.9,45,high,0,2026-01-19 16:03:52.576 +0200
2144,134,2024-09-21 23:00:00.000 +0300,74,11.4,33,medium,0,2026-01-19 16:03:52.576 +0200
2145,135,2024-09-21 23:05:00.000 +0300,76,11.6,34,medium,0,2026-01-19 16:03:52.576 +0200
2146,135,2024-09-21 23:10:00.000 +0300,78,11.8,35,medium,0,2026-01-19 16:03:52.576 +0200
2147,135,2024-09-21 23:15:00.000 +0300,80,12.0,36,medium,0,2026-01-19 16:03:52.576 +0200
2148,135,2024-09-21 23:20:00.000 +0300,82,12.2,37,high,0,2026-01-19 16:03:52.576 +0200
2149,135,2024-09-21 23:25:00.000 +0300,84,12.4,38,high,0,2026-01-19 16:03:52.576 +0200
2150,135,2024-09-21 23:30:00.000 +0300,86,12.6,39,high,0,2026-01-19 16:03:52.576 +0200
2151,135,2024-09-21 23:35:00.000 +0300,88,12.8,40,high,0,2026-01-19 16:03:52.576 +0200
2152,135,2024-09-21 23:40:00.000 +0300,90,13.0,41,high,0,2026-01-19 16:03:52.576 +0200
2153,135,2024-09-21 23:45:00.000 +0300,92,13.2,42,high,0,2026-01-19 16:03:52.576 +0200
2154,135,2024-09-21 23:00:00.000 +0300,86,12.9,39,medium,0,2026-01-19 16:03:52.576 +0200
2155,135,2024-09-21 23:05:00.000 +0300,88,13.1,40,medium,0,2026-01-19 16:03:52.576 +0200
2156,135,2024-09-21 23:10:00.000 +0300,90,13.3,41,medium,0,2026-01-19 16:03:52.576 +0200
2157,135,2024-09-21 23:15:00.000 +0300,92,13.5,42,high,0,2026-01-19 16:03:52.576 +0200
2158,135,2024-09-21 23:20:00.000 +0300,94,13.7,43,high,0,2026-01-19 16:03:52.576 +0200
2159,135,2024-09-21 23:25:00.000 +0300,96,13.9,44,high,0,2026-01-19 16:03:52.576 +0200
2160,135,2024-09-21 23:30:00.000 +0300,98,14.1,45,high,0,2026-01-19 16:03:52.576 +0200
2161,136,2024-09-21 23:35:00.000 +0300,100,14.3,46,high,0,2026-01-19 16:03:52.576 +0200
2162,136,2024-09-21 23:40:00.000 +0300,102,14.5,47,high,0,2026-01-19 16:03:52.576 +0200
2163,136,2024-09-21 23:45:00.000 +0300,104,14.7,48,high,0,2026-01-19 16:03:52.576 +0200
2164,136,2024-09-21 23:00:00.000 +0300,72,11.2,32,medium,0,2026-01-19 16:03:52.576 +0200
2165,136,2024-09-21 23:05:00.000 +0300,74,11.4,33,medium,0,2026-01-19 16:03:52.576 +0200
2166,136,2024-09-21 23:10:00.000 +0300,76,11.6,34,medium,0,2026-01-19 16:03:52.576 +0200
2167,136,2024-09-21 23:15:00.000 +0300,78,11.8,35,medium,0,2026-01-19 16:03:52.576 +0200
2168,136,2024-09-21 23:20:00.000 +0300,80,12.0,36,high,0,2026-01-19 16:03:52.576 +0200
2169,136,2024-09-21 23:25:00.000 +0300,82,12.2,37,high,0,2026-01-19 16:03:52.576 +0200
2170,136,2024-09-21 23:30:00.000 +0300,84,12.4,38,high,0,2026-01-19 16:03:52.576 +0200
2171,136,2024-09-21 23:35:00.000 +0300,86,12.6,39,high,0,2026-01-19 16:03:52.576 +0200
2172,136,2024-09-21 23:40:00.000 +0300,88,12.8,40,high,0,2026-01-19 16:03:52.576 +0200
2173,136,2024-09-21 23:45:00.000 +0300,90,13.0,41,high,0,2026-01-19 16:03:52.576 +0200
2174,136,2024-09-21 23:00:00.000 +0300,90,13.3,41,medium,0,2026-01-19 16:03:52.576 +0200
2175,136,2024-09-21 23:05:00.000 +0300,92,13.5,42,medium,0,2026-01-19 16:03:52.576 +0200
2176,136,2024-09-21 23:10:00.000 +0300,94,13.7,43,medium,0,2026-01-19 16:03:52.576 +0200
2177,137,2024-09-21 23:15:00.000 +0300,96,13.9,44,high,0,2026-01-19 16:03:52.576 +0200
2178,137,2024-09-21 23:20:00.000 +0300,98,14.1,45,high,0,2026-01-19 16:03:52.576 +0200
2179,137,2024-09-21 23:25:00.000 +0300,100,14.3,46,high,0,2026-01-19 16:03:52.576 +0200
2180,137,2024-09-21 23:30:00.000 +0300,102,14.5,47,high,0,2026-01-19 16:03:52.576 +0200
2181,137,2024-09-21 23:35:00.000 +0300,104,14.7,48,high,0,2026-01-19 16:03:52.576 +0200
2182,137,2024-09-21 23:40:00.000 +0300,106,14.9,49,high,0,2026-01-19 16:03:52.576 +0200
2183,137,2024-09-21 23:45:00.000 +0300,108,15.1,50,high,0,2026-01-19 16:03:52.576 +0200
2184,137,2024-09-21 23:00:00.000 +0300,77,11.7,34,medium,0,2026-01-19 16:03:52.576 +0200
2185,137,2024-09-21 23:05:00.000 +0300,79,11.9,35,medium,0,2026-01-19 16:03:52.576 +0200
2186,137,2024-09-21 23:10:00.000 +0300,81,12.1,36,medium,0,2026-01-19 16:03:52.576 +0200
2187,137,2024-09-21 23:15:00.000 +0300,83,12.3,37,medium,0,2026-01-19 16:03:52.576 +0200
2188,137,2024-09-21 23:20:00.000 +0300,85,12.5,38,high,0,2026-01-19 16:03:52.576 +0200
2189,137,2024-09-21 23:25:00.000 +0300,87,12.7,39,high,0,2026-01-19 16:03:52.576 +0200
2190,137,2024-09-21 23:30:00.000 +0300,89,12.9,40,high,0,2026-01-19 16:03:52.576 +0200
2191,137,2024-09-21 23:35:00.000 +0300,91,13.1,41,high,0,2026-01-19 16:03:52.576 +0200
2192,137,2024-09-21 23:40:00.000 +0300,93,13.3,42,high,0,2026-01-19 16:03:52.576 +0200
2193,138,2024-09-21 23:45:00.000 +0300,95,13.5,43,high,0,2026-01-19 16:03:52.576 +0200
2194,138,2024-09-21 23:00:00.000 +0300,84,12.6,38,medium,0,2026-01-19 16:03:52.576 +0200
2195,138,2024-09-21 23:05:00.000 +0300,86,12.8,39,medium,0,2026-01-19 16:03:52.576 +0200
2196,138,2024-09-21 23:10:00.000 +0300,88,13.0,40,medium,0,2026-01-19 16:03:52.576 +0200
2197,138,2024-09-21 23:15:00.000 +0300,90,13.2,41,high,0,2026-01-19 16:03:52.576 +0200
2198,138,2024-09-21 23:20:00.000 +0300,92,13.4,42,high,0,2026-01-19 16:03:52.576 +0200
2199,138,2024-09-21 23:25:00.000 +0300,94,13.6,43,high,0,2026-01-19 16:03:52.576 +0200
2200,138,2024-09-21 23:30:00.000 +0300,96,13.8,44,high,0,2026-01-19 16:03:52.576 +0200
2201,138,2024-09-21 23:35:00.000 +0300,98,14.0,45,high,0,2026-01-19 16:03:52.576 +0200
2202,138,2024-09-21 23:40:00.000 +0300,100,14.2,46,high,0,2026-01-19 16:03:52.576 +0200
2203,138,2024-09-21 23:45:00.000 +0300,102,14.4,47,high,0,2026-01-19 16:03:52.576 +0200
2204,138,2024-09-21 23:00:00.000 +0300,75,11.5,33,medium,0,2026-01-19 16:03:52.576 +0200
2205,138,2024-09-21 23:05:00.000 +0300,77,11.7,34,medium,0,2026-01-19 16:03:52.576 +0200
2206,138,2024-09-21 23:10:00.000 +0300,79,11.9,35,medium,0,2026-01-19 16:03:52.576 +0200
2207,138,2024-09-21 23:15:00.000 +0300,81,12.1,36,medium,0,2026-01-19 16:03:52.576 +0200
2208,138,2024-09-21 23:20:00.000 +0300,83,12.3,37,high,0,2026-01-19 16:03:52.576 +0200
2209,139,2024-09-21 23:25:00.000 +0300,85,12.5,38,high,0,2026-01-19 16:03:52.576 +0200
2210,139,2024-09-21 23:30:00.000 +0300,87,12.7,39,high,0,2026-01-19 16:03:52.576 +0200
2211,139,2024-09-21 23:35:00.000 +0300,89,12.9,40,high,0,2026-01-19 16:03:52.576 +0200
2212,139,2024-09-21 23:40:00.000 +0300,91,13.1,41,high,0,2026-01-19 16:03:52.576 +0200
2213,139,2024-09-21 23:45:00.000 +0300,93,13.3,42,high,0,2026-01-19 16:03:52.576 +0200
2214,139,2024-09-21 23:00:00.000 +0300,88,13.1,40,medium,0,2026-01-19 16:03:52.576 +0200
2215,139,2024-09-21 23:05:00.000 +0300,90,13.3,41,medium,0,2026-01-19 16:03:52.576 +0200
2216,139,2024-09-21 23:10:00.000 +0300,92,13.5,42,medium,0,2026-01-19 16:03:52.576 +0200
2217,139,2024-09-21 23:15:00.000 +0300,94,13.7,43,high,0,2026-01-19 16:03:52.576 +0200
2218,139,2024-09-21 23:20:00.000 +0300,96,13.9,44,high,0,2026-01-19 16:03:52.576 +0200
2219,139,2024-09-21 23:25:00.000 +0300,98,14.1,45,high,0,2026-01-19 16:03:52.576 +0200
2220,139,2024-09-21 23:30:00.000 +0300,100,14.3,46,high,0,2026-01-19 16:03:52.576 +0200
2221,139,2024-09-21 23:35:00.000 +0300,102,14.5,47,high,0,2026-01-19 16:03:52.576 +0200
2222,139,2024-09-21 23:40:00.000 +0300,104,14.7,48,high,0,2026-01-19 16:03:52.576 +0200
2223,139,2024-09-21 23:45:00.000 +0300,106,14.9,49,high,0,2026-01-19 16:03:52.576 +0200
2224,139,2024-09-21 23:00:00.000 +0300,78,11.9,35,medium,0,2026-01-19 16:03:52.576 +0200
2225,140,2024-09-21 23:05:00.000 +0300,80,12.1,36,medium,0,2026-01-19 16:03:52.576 +0200
2226,140,2024-09-21 23:10:00.000 +0300,82,12.3,37,medium,0,2026-01-19 16:03:52.576 +0200
2227,140,2024-09-21 23:15:00.000 +0300,84,12.5,38,medium,0,2026-01-19 16:03:52.576 +0200
2228,140,2024-09-21 23:20:00.000 +0300,86,12.7,39,high,0,2026-01-19 16:03:52.576 +0200
2229,140,2024-09-21 23:25:00.000 +0300,88,12.9,40,high,0,2026-01-19 16:03:52.576 +0200
2230,140,2024-09-21 23:30:00.000 +0300,90,13.1,41,high,0,2026-01-19 16:03:52.576 +0200
2231,140,2024-09-21 23:35:00.000 +0300,92,13.3,42,high,0,2026-01-19 16:03:52.576 +0200
2232,140,2024-09-21 23:40:00.000 +0300,94,13.5,43,high,0,2026-01-19 16:03:52.576 +0200
2233,140,2024-09-21 23:45:00.000 +0300,96,13.7,44,high,0,2026-01-19 16:03:52.576 +0200
2234,140,2024-09-22 00:00:00.000 +0300,68,10.6,30,medium,0,2026-01-19 16:03:52.576 +0200
2235,140,2024-09-22 00:05:00.000 +0300,70,10.8,31,medium,0,2026-01-19 16:03:52.576 +0200
2236,140,2024-09-22 00:10:00.000 +0300,72,11.0,32,medium,0,2026-01-19 16:03:52.576 +0200
2237,140,2024-09-22 00:15:00.000 +0300,74,11.2,33,medium,0,2026-01-19 16:03:52.576 +0200
2238,140,2024-09-22 00:20:00.000 +0300,76,11.4,34,high,0,2026-01-19 16:03:52.576 +0200
2239,140,2024-09-22 00:25:00.000 +0300,78,11.6,35,high,0,2026-01-19 16:03:52.576 +0200
2240,140,2024-09-22 00:30:00.000 +0300,80,11.8,36,high,0,2026-01-19 16:03:52.576 +0200
2241,141,2024-09-22 00:35:00.000 +0300,82,12.0,37,high,0,2026-01-19 16:03:52.576 +0200
2242,141,2024-09-22 00:40:00.000 +0300,84,12.2,38,high,0,2026-01-19 16:03:52.576 +0200
2243,141,2024-09-22 00:45:00.000 +0300,86,12.4,39,high,0,2026-01-19 16:03:52.576 +0200
2244,141,2024-09-22 00:00:00.000 +0300,61,9.8,27,medium,0,2026-01-19 16:03:52.576 +0200
2245,141,2024-09-22 00:05:00.000 +0300,63,10.0,28,medium,0,2026-01-19 16:03:52.576 +0200
2246,141,2024-09-22 00:10:00.000 +0300,65,10.2,29,medium,0,2026-01-19 16:03:52.576 +0200
2247,141,2024-09-22 00:15:00.000 +0300,67,10.4,30,medium,0,2026-01-19 16:03:52.576 +0200
2248,141,2024-09-22 00:20:00.000 +0300,69,10.6,31,high,0,2026-01-19 16:03:52.576 +0200
2249,141,2024-09-22 00:25:00.000 +0300,71,10.8,32,high,0,2026-01-19 16:03:52.576 +0200
2250,141,2024-09-22 00:30:00.000 +0300,73,11.0,33,high,0,2026-01-19 16:03:52.576 +0200
2251,141,2024-09-22 00:35:00.000 +0300,75,11.2,34,high,0,2026-01-19 16:03:52.576 +0200
2252,141,2024-09-22 00:40:00.000 +0300,77,11.4,35,high,0,2026-01-19 16:03:52.576 +0200
2253,141,2024-09-22 00:45:00.000 +0300,79,11.6,36,high,0,2026-01-19 16:03:52.576 +0200
2254,141,2024-09-22 00:00:00.000 +0300,72,11.2,32,medium,0,2026-01-19 16:03:52.576 +0200
2255,141,2024-09-22 00:05:00.000 +0300,74,11.4,33,medium,0,2026-01-19 16:03:52.576 +0200
2256,141,2024-09-22 00:10:00.000 +0300,76,11.6,34,medium,0,2026-01-19 16:03:52.576 +0200
2257,142,2024-09-22 00:15:00.000 +0300,78,11.8,35,medium,0,2026-01-19 16:03:52.576 +0200
2258,142,2024-09-22 00:20:00.000 +0300,80,12.0,36,high,0,2026-01-19 16:03:52.576 +0200
2259,142,2024-09-22 00:25:00.000 +0300,82,12.2,37,high,0,2026-01-19 16:03:52.576 +0200
2260,142,2024-09-22 00:30:00.000 +0300,84,12.4,38,high,0,2026-01-19 16:03:52.576 +0200
2261,142,2024-09-22 00:35:00.000 +0300,86,12.6,39,high,0,2026-01-19 16:03:52.576 +0200
2262,142,2024-09-22 00:40:00.000 +0300,88,12.8,40,high,0,2026-01-19 16:03:52.576 +0200
2263,142,2024-09-22 00:45:00.000 +0300,90,13.0,41,high,0,2026-01-19 16:03:52.576 +0200
2264,142,2024-09-22 00:00:00.000 +0300,58,9.4,26,medium,0,2026-01-19 16:03:52.576 +0200
2265,142,2024-09-22 00:05:00.000 +0300,60,9.6,27,medium,0,2026-01-19 16:03:52.576 +0200
2266,142,2024-09-22 00:10:00.000 +0300,62,9.8,28,medium,0,2026-01-19 16:03:52.576 +0200
2267,142,2024-09-22 00:15:00.000 +0300,64,10.0,29,medium,0,2026-01-19 16:03:52.576 +0200
2268,142,2024-09-22 00:20:00.000 +0300,66,10.2,30,high,0,2026-01-19 16:03:52.576 +0200
2269,142,2024-09-22 00:25:00.000 +0300,68,10.4,31,high,0,2026-01-19 16:03:52.576 +0200
2270,142,2024-09-22 00:30:00.000 +0300,70,10.6,32,high,0,2026-01-19 16:03:52.576 +0200
2271,142,2024-09-22 00:35:00.000 +0300,72,10.8,33,high,0,2026-01-19 16:03:52.576 +0200
2272,142,2024-09-22 00:40:00.000 +0300,74,11.0,34,high,0,2026-01-19 16:03:52.576 +0200
2273,143,2024-09-22 00:45:00.000 +0300,76,11.2,35,high,0,2026-01-19 16:03:52.576 +0200
2274,143,2024-09-22 00:00:00.000 +0300,75,11.8,34,medium,0,2026-01-19 16:03:52.576 +0200
2275,143,2024-09-22 00:05:00.000 +0300,77,12.0,35,medium,0,2026-01-19 16:03:52.576 +0200
2276,143,2024-09-22 00:10:00.000 +0300,79,12.2,36,medium,0,2026-01-19 16:03:52.576 +0200
2277,143,2024-09-22 00:15:00.000 +0300,81,12.4,37,medium,0,2026-01-19 16:03:52.576 +0200
2278,143,2024-09-22 00:20:00.000 +0300,83,12.6,38,high,0,2026-01-19 16:03:52.576 +0200
2279,143,2024-09-22 00:25:00.000 +0300,85,12.8,39,high,0,2026-01-19 16:03:52.576 +0200
2280,143,2024-09-22 00:30:00.000 +0300,87,13.0,40,high,0,2026-01-19 16:03:52.576 +0200
2281,143,2024-09-22 00:35:00.000 +0300,89,13.2,41,high,0,2026-01-19 16:03:52.576 +0200
2282,143,2024-09-22 00:40:00.000 +0300,91,13.4,42,high,0,2026-01-19 16:03:52.576 +0200
2283,143,2024-09-22 00:45:00.000 +0300,93,13.6,43,high,0,2026-01-19 16:03:52.576 +0200
2284,143,2024-09-22 00:00:00.000 +0300,63,10.1,28,medium,0,2026-01-19 16:03:52.576 +0200
2285,143,2024-09-22 00:05:00.000 +0300,65,10.3,29,medium,0,2026-01-19 16:03:52.576 +0200
2286,143,2024-09-22 00:10:00.000 +0300,67,10.5,30,medium,0,2026-01-19 16:03:52.576 +0200
2287,143,2024-09-22 00:15:00.000 +0300,69,10.7,31,medium,0,2026-01-19 16:03:52.576 +0200
2288,143,2024-09-22 00:20:00.000 +0300,71,10.9,32,high,0,2026-01-19 16:03:52.576 +0200
2289,144,2024-09-22 00:25:00.000 +0300,73,11.1,33,high,0,2026-01-19 16:03:52.576 +0200
2290,144,2024-09-22 00:30:00.000 +0300,75,11.3,34,high,0,2026-01-19 16:03:52.576 +0200
2291,144,2024-09-22 00:35:00.000 +0300,77,11.5,35,high,0,2026-01-19 16:03:52.576 +0200
2292,144,2024-09-22 00:40:00.000 +0300,79,11.7,36,high,0,2026-01-19 16:03:52.576 +0200
2293,144,2024-09-22 00:45:00.000 +0300,81,11.9,37,high,0,2026-01-19 16:03:52.576 +0200
2294,144,2024-09-22 00:00:00.000 +0300,70,11.0,31,medium,0,2026-01-19 16:03:52.576 +0200
2295,144,2024-09-22 00:05:00.000 +0300,72,11.2,32,medium,0,2026-01-19 16:03:52.576 +0200
2296,144,2024-09-22 00:10:00.000 +0300,74,11.4,33,medium,0,2026-01-19 16:03:52.576 +0200
2297,144,2024-09-22 00:15:00.000 +0300,76,11.6,34,medium,0,2026-01-19 16:03:52.576 +0200
2298,144,2024-09-22 00:20:00.000 +0300,78,11.8,35,high,0,2026-01-19 16:03:52.576 +0200
2299,144,2024-09-22 00:25:00.000 +0300,80,12.0,36,high,0,2026-01-19 16:03:52.576 +0200
2300,144,2024-09-22 00:30:00.000 +0300,82,12.2,37,high,0,2026-01-19 16:03:52.576 +0200
2301,144,2024-09-22 00:35:00.000 +0300,84,12.4,38,high,0,2026-01-19 16:03:52.576 +0200
2302,144,2024-09-22 00:40:00.000 +0300,86,12.6,39,high,0,2026-01-19 16:03:52.576 +0200
2303,144,2024-09-22 00:45:00.000 +0300,88,12.8,40,high,0,2026-01-19 16:03:52.576 +0200
2304,144,2024-09-22 00:00:00.000 +0300,60,9.7,27,medium,0,2026-01-19 16:03:52.576 +0200
2305,145,2024-09-22 00:05:00.000 +0300,62,9.9,28,medium,0,2026-01-19 16:03:52.576 +0200
2306,145,2024-09-22 00:10:00.000 +0300,64,10.1,29,medium,0,2026-01-19 16:03:52.576 +0200
2307,145,2024-09-22 00:15:00.000 +0300,66,10.3,30,medium,0,2026-01-19 16:03:52.576 +0200
2308,145,2024-09-22 00:20:00.000 +0300,68,10.5,31,high,0,2026-01-19 16:03:52.576 +0200
2309,145,2024-09-22 00:25:00.000 +0300,70,10.7,32,high,0,2026-01-19 16:03:52.576 +0200
2310,145,2024-09-22 00:30:00.000 +0300,72,10.9,33,high,0,2026-01-19 16:03:52.576 +0200
2311,145,2024-09-22 00:35:00.000 +0300,74,11.1,34,high,0,2026-01-19 16:03:52.576 +0200
2312,145,2024-09-22 00:40:00.000 +0300,76,11.3,35,high,0,2026-01-19 16:03:52.576 +0200
2313,145,2024-09-22 00:45:00.000 +0300,78,11.5,36,high,0,2026-01-19 16:03:52.576 +0200
2314,145,2024-09-22 00:00:00.000 +0300,73,11.6,33,medium,0,2026-01-19 16:03:52.576 +0200
2315,145,2024-09-22 00:05:00.000 +0300,75,11.8,34,medium,0,2026-01-19 16:03:52.576 +0200
2316,145,2024-09-22 00:10:00.000 +0300,77,12.0,35,medium,0,2026-01-19 16:03:52.576 +0200
2317,145,2024-09-22 00:15:00.000 +0300,79,12.2,36,medium,0,2026-01-19 16:03:52.576 +0200
2318,145,2024-09-22 00:20:00.000 +0300,81,12.4,37,high,0,2026-01-19 16:03:52.576 +0200
2319,145,2024-09-22 00:25:00.000 +0300,83,12.6,38,high,0,2026-01-19 16:03:52.576 +0200
2320,145,2024-09-22 00:30:00.000 +0300,85,12.8,39,high,0,2026-01-19 16:03:52.576 +0200
2321,146,2024-09-22 00:35:00.000 +0300,87,13.0,40,high,0,2026-01-19 16:03:52.576 +0200
2322,146,2024-09-22 00:40:00.000 +0300,89,13.2,41,high,0,2026-01-19 16:03:52.576 +0200
2323,146,2024-09-22 00:45:00.000 +0300,91,13.4,42,high,0,2026-01-19 16:03:52.576 +0200
2324,146,2024-09-22 00:00:00.000 +0300,65,10.4,29,medium,0,2026-01-19 16:03:52.576 +0200
2325,146,2024-09-22 00:05:00.000 +0300,67,10.6,30,medium,0,2026-01-19 16:03:52.576 +0200
2326,146,2024-09-22 00:10:00.000 +0300,69,10.8,31,medium,0,2026-01-19 16:03:52.576 +0200
2327,146,2024-09-22 00:15:00.000 +0300,71,11.0,32,medium,0,2026-01-19 16:03:52.576 +0200
2328,146,2024-09-22 00:20:00.000 +0300,73,11.2,33,high,0,2026-01-19 16:03:52.576 +0200
2329,146,2024-09-22 00:25:00.000 +0300,75,11.4,34,high,0,2026-01-19 16:03:52.576 +0200
2330,146,2024-09-22 00:30:00.000 +0300,77,11.6,35,high,0,2026-01-19 16:03:52.576 +0200
2331,146,2024-09-22 00:35:00.000 +0300,79,11.8,36,high,0,2026-01-19 16:03:52.576 +0200
2332,146,2024-09-22 00:40:00.000 +0300,81,12.0,37,high,0,2026-01-19 16:03:52.576 +0200
2333,146,2024-09-22 00:45:00.000 +0300,83,12.2,38,high,0,2026-01-19 16:03:52.576 +0200
2334,146,2024-09-22 01:00:00.000 +0300,56,9.1,24,low,0,2026-01-19 16:03:52.576 +0200
2335,146,2024-09-22 01:05:00.000 +0300,58,9.3,25,low,0,2026-01-19 16:03:52.576 +0200
2336,146,2024-09-22 01:10:00.000 +0300,60,9.5,26,medium,0,2026-01-19 16:03:52.576 +0200
2337,147,2024-09-22 01:15:00.000 +0300,62,9.7,27,medium,0,2026-01-19 16:03:52.576 +0200
2338,147,2024-09-22 01:20:00.000 +0300,64,9.9,28,medium,0,2026-01-19 16:03:52.576 +0200
2339,147,2024-09-22 01:25:00.000 +0300,66,10.1,29,medium,0,2026-01-19 16:03:52.576 +0200
2340,147,2024-09-22 01:30:00.000 +0300,68,10.3,30,medium,0,2026-01-19 16:03:52.576 +0200
2341,147,2024-09-22 01:35:00.000 +0300,70,10.5,31,medium,0,2026-01-19 16:03:52.576 +0200
2342,147,2024-09-22 01:40:00.000 +0300,72,10.7,32,medium,0,2026-01-19 16:03:52.576 +0200
2343,147,2024-09-22 01:45:00.000 +0300,74,10.9,33,high,0,2026-01-19 16:03:52.576 +0200
2344,147,2024-09-22 01:00:00.000 +0300,52,8.7,23,low,0,2026-01-19 16:03:52.576 +0200
2345,147,2024-09-22 01:05:00.000 +0300,54,8.9,24,low,0,2026-01-19 16:03:52.576 +0200
2346,147,2024-09-22 01:10:00.000 +0300,56,9.1,25,medium,0,2026-01-19 16:03:52.576 +0200
2347,147,2024-09-22 01:15:00.000 +0300,58,9.3,26,medium,0,2026-01-19 16:03:52.576 +0200
2348,147,2024-09-22 01:20:00.000 +0300,60,9.5,27,medium,0,2026-01-19 16:03:52.576 +0200
2349,147,2024-09-22 01:25:00.000 +0300,62,9.7,28,medium,0,2026-01-19 16:03:52.576 +0200
2350,147,2024-09-22 01:30:00.000 +0300,64,9.9,29,medium,0,2026-01-19 16:03:52.576 +0200
2351,147,2024-09-22 01:35:00.000 +0300,66,10.1,30,medium,0,2026-01-19 16:03:52.576 +0200
2352,147,2024-09-22 01:40:00.000 +0300,68,10.3,31,medium,0,2026-01-19 16:03:52.576 +0200
2353,148,2024-09-22 01:45:00.000 +0300,70,10.5,32,high,0,2026-01-19 16:03:52.576 +0200
2354,148,2024-09-22 01:00:00.000 +0300,60,9.8,26,low,0,2026-01-19 16:03:52.576 +0200
2355,148,2024-09-22 01:05:00.000 +0300,62,10.0,27,low,0,2026-01-19 16:03:52.576 +0200
2356,148,2024-09-22 01:10:00.000 +0300,64,10.2,28,medium,0,2026-01-19 16:03:52.576 +0200
2357,148,2024-09-22 01:15:00.000 +0300,66,10.4,29,medium,0,2026-01-19 16:03:52.576 +0200
2358,148,2024-09-22 01:20:00.000 +0300,68,10.6,30,medium,0,2026-01-19 16:03:52.576 +0200
2359,148,2024-09-22 01:25:00.000 +0300,70,10.8,31,medium,0,2026-01-19 16:03:52.576 +0200
2360,148,2024-09-22 01:30:00.000 +0300,72,11.0,32,medium,0,2026-01-19 16:03:52.576 +0200
2361,148,2024-09-22 01:35:00.000 +0300,74,11.2,33,medium,0,2026-01-19 16:03:52.576 +0200
2362,148,2024-09-22 01:40:00.000 +0300,76,11.4,34,medium,0,2026-01-19 16:03:52.576 +0200
2363,148,2024-09-22 01:45:00.000 +0300,78,11.6,35,high,0,2026-01-19 16:03:52.576 +0200
2364,148,2024-09-22 01:00:00.000 +0300,49,8.3,22,low,0,2026-01-19 16:03:52.576 +0200
2365,148,2024-09-22 01:05:00.000 +0300,51,8.5,23,low,0,2026-01-19 16:03:52.576 +0200
2366,148,2024-09-22 01:10:00.000 +0300,53,8.7,24,medium,0,2026-01-19 16:03:52.576 +0200
2367,148,2024-09-22 01:15:00.000 +0300,55,8.9,25,medium,0,2026-01-19 16:03:52.576 +0200
2368,148,2024-09-22 01:20:00.000 +0300,57,9.1,26,medium,0,2026-01-19 16:03:52.576 +0200
2369,149,2024-09-22 01:25:00.000 +0300,59,9.3,27,medium,0,2026-01-19 16:03:52.576 +0200
2370,149,2024-09-22 01:30:00.000 +0300,61,9.5,28,medium,0,2026-01-19 16:03:52.576 +0200
2371,149,2024-09-22 01:35:00.000 +0300,63,9.7,29,medium,0,2026-01-19 16:03:52.576 +0200
2372,149,2024-09-22 01:40:00.000 +0300,65,9.9,30,medium,0,2026-01-19 16:03:52.576 +0200
2373,149,2024-09-22 01:45:00.000 +0300,67,10.1,31,high,0,2026-01-19 16:03:52.576 +0200
2374,149,2024-09-22 01:00:00.000 +0300,64,10.2,28,low,0,2026-01-19 16:03:52.576 +0200
2375,149,2024-09-22 01:05:00.000 +0300,66,10.4,29,low,0,2026-01-19 16:03:52.576 +0200
2376,149,2024-09-22 01:10:00.000 +0300,68,10.6,30,medium,0,2026-01-19 16:03:52.576 +0200
2377,149,2024-09-22 01:15:00.000 +0300,70,10.8,31,medium,0,2026-01-19 16:03:52.576 +0200
2378,149,2024-09-22 01:20:00.000 +0300,72,11.0,32,medium,0,2026-01-19 16:03:52.576 +0200
2379,149,2024-09-22 01:25:00.000 +0300,74,11.2,33,medium,0,2026-01-19 16:03:52.576 +0200
2380,149,2024-09-22 01:30:00.000 +0300,76,11.4,34,medium,0,2026-01-19 16:03:52.576 +0200
2381,149,2024-09-22 01:35:00.000 +0300,78,11.6,35,medium,0,2026-01-19 16:03:52.576 +0200
2382,149,2024-09-22 01:40:00.000 +0300,80,11.8,36,medium,0,2026-01-19 16:03:52.576 +0200
2383,149,2024-09-22 01:45:00.000 +0300,82,12.0,37,high,0,2026-01-19 16:03:52.576 +0200
2384,149,2024-09-22 01:00:00.000 +0300,55,9.0,24,low,0,2026-01-19 16:03:52.576 +0200
2385,150,2024-09-22 01:05:00.000 +0300,57,9.2,25,low,0,2026-01-19 16:03:52.576 +0200
2386,150,2024-09-22 01:10:00.000 +0300,59,9.4,26,medium,0,2026-01-19 16:03:52.576 +0200
2387,150,2024-09-22 01:15:00.000 +0300,61,9.6,27,medium,0,2026-01-19 16:03:52.576 +0200
2388,150,2024-09-22 01:20:00.000 +0300,63,9.8,28,medium,0,2026-01-19 16:03:52.576 +0200
2389,150,2024-09-22 01:25:00.000 +0300,65,10.0,29,medium,0,2026-01-19 16:03:52.576 +0200
2390,150,2024-09-22 01:30:00.000 +0300,67,10.2,30,medium,0,2026-01-19 16:03:52.576 +0200
2391,150,2024-09-22 01:35:00.000 +0300,69,10.4,31,medium,0,2026-01-19 16:03:52.576 +0200
2392,150,2024-09-22 01:40:00.000 +0300,71,10.6,32,medium,0,2026-01-19 16:03:52.576 +0200
2393,150,2024-09-22 01:45:00.000 +0300,73,10.8,33,high,0,2026-01-19 16:03:52.576 +0200
2394,150,2024-09-22 01:00:00.000 +0300,61,9.9,27,low,0,2026-01-19 16:03:52.576 +0200
2395,150,2024-09-22 01:05:00.000 +0300,63,10.1,28,low,0,2026-01-19 16:03:52.576 +0200
2396,150,2024-09-22 01:10:00.000 +0300,65,10.3,29,medium,0,2026-01-19 16:03:52.576 +0200
2397,150,2024-09-22 01:15:00.000 +0300,67,10.5,30,medium,0,2026-01-19 16:03:52.576 +0200
2398,150,2024-09-22 01:20:00.000 +0300,69,10.7,31,medium,0,2026-01-19 16:03:52.576 +0200
2399,150,2024-09-22 01:25:00.000 +0300,71,10.9,32,medium,0,2026-01-19 16:03:52.576 +0200
2400,150,2024-09-22 01:30:00.000 +0300,73,11.1,33,medium,0,2026-01-19 16:03:52.576 +0200
2401,151,2024-09-22 01:35:00.000 +0300,75,11.3,34,medium,0,2026-01-19 16:03:52.576 +0200
2402,151,2024-09-22 01:40:00.000 +0300,77,11.5,35,medium,0,2026-01-19 16:03:52.576 +0200
2403,151,2024-09-22 01:45:00.000 +0300,79,11.7,36,high,0,2026-01-19 16:03:52.576 +0200
2404,151,2024-09-22 01:00:00.000 +0300,50,8.5,23,low,0,2026-01-19 16:03:52.576 +0200
2405,151,2024-09-22 01:05:00.000 +0300,52,8.7,24,low,0,2026-01-19 16:03:52.576 +0200
2406,151,2024-09-22 01:10:00.000 +0300,54,8.9,25,medium,0,2026-01-19 16:03:52.576 +0200
2407,151,2024-09-22 01:15:00.000 +0300,56,9.1,26,medium,0,2026-01-19 16:03:52.576 +0200
2408,151,2024-09-22 01:20:00.000 +0300,58,9.3,27,medium,0,2026-01-19 16:03:52.576 +0200
2409,151,2024-09-22 01:25:00.000 +0300,60,9.5,28,medium,0,2026-01-19 16:03:52.576 +0200
2410,151,2024-09-22 01:30:00.000 +0300,62,9.7,29,medium,0,2026-01-19 16:03:52.576 +0200
2411,151,2024-09-22 01:35:00.000 +0300,64,9.9,30,medium,0,2026-01-19 16:03:52.576 +0200
2412,151,2024-09-22 01:40:00.000 +0300,66,10.1,31,medium,0,2026-01-19 16:03:52.576 +0200
2413,151,2024-09-22 01:45:00.000 +0300,68,10.3,32,high,0,2026-01-19 16:03:52.576 +0200
2414,151,2024-09-22 01:00:00.000 +0300,63,10.0,28,low,0,2026-01-19 16:03:52.576 +0200
2415,151,2024-09-22 01:05:00.000 +0300,65,10.2,29,low,0,2026-01-19 16:03:52.576 +0200
2416,151,2024-09-22 01:10:00.000 +0300,67,10.4,30,medium,0,2026-01-19 16:03:52.576 +0200
2417,152,2024-09-22 01:15:00.000 +0300,69,10.6,31,medium,0,2026-01-19 16:03:52.576 +0200
2418,152,2024-09-22 01:20:00.000 +0300,71,10.8,32,medium,0,2026-01-19 16:03:52.576 +0200
2419,152,2024-09-22 01:25:00.000 +0300,73,11.0,33,medium,0,2026-01-19 16:03:52.576 +0200
2420,152,2024-09-22 01:30:00.000 +0300,75,11.2,34,medium,0,2026-01-19 16:03:52.576 +0200
2421,152,2024-09-22 01:35:00.000 +0300,77,11.4,35,medium,0,2026-01-19 16:03:52.576 +0200
2422,152,2024-09-22 01:40:00.000 +0300,79,11.6,36,medium,0,2026-01-19 16:03:52.576 +0200
2423,152,2024-09-22 01:45:00.000 +0300,81,11.8,37,high,0,2026-01-19 16:03:52.576 +0200
2424,152,2024-09-22 01:00:00.000 +0300,57,9.3,25,low,0,2026-01-19 16:03:52.576 +0200
2425,152,2024-09-22 01:05:00.000 +0300,59,9.5,26,low,0,2026-01-19 16:03:52.576 +0200
2426,152,2024-09-22 01:10:00.000 +0300,61,9.7,27,medium,0,2026-01-19 16:03:52.576 +0200
2427,152,2024-09-22 01:15:00.000 +0300,63,9.9,28,medium,0,2026-01-19 16:03:52.576 +0200
2428,152,2024-09-22 01:20:00.000 +0300,65,10.1,29,medium,0,2026-01-19 16:03:52.576 +0200
2429,152,2024-09-22 01:25:00.000 +0300,67,10.3,30,medium,0,2026-01-19 16:03:52.576 +0200
2430,152,2024-09-22 01:30:00.000 +0300,69,10.5,31,medium,0,2026-01-19 16:03:52.576 +0200
2431,152,2024-09-22 01:35:00.000 +0300,71,10.7,32,medium,0,2026-01-19 16:03:52.576 +0200
2432,152,2024-09-22 01:40:00.000 +0300,73,10.9,33,medium,0,2026-01-19 16:03:52.576 +0200
2433,153,2024-09-22 01:45:00.000 +0300,75,11.1,34,high,0,2026-01-19 16:03:52.576 +0200
2434,153,2024-09-22 02:00:00.000 +0300,54,8.8,23,low,0,2026-01-19 16:03:52.576 +0200
2435,153,2024-09-22 02:05:00.000 +0300,56,9.0,24,low,0,2026-01-19 16:03:52.576 +0200
2436,153,2024-09-22 02:10:00.000 +0300,58,9.2,25,low,0,2026-01-19 16:03:52.576 +0200
2437,153,2024-09-22 02:15:00.000 +0300,60,9.4,26,medium,0,2026-01-19 16:03:52.576 +0200
2438,153,2024-09-22 02:20:00.000 +0300,62,9.6,27,medium,0,2026-01-19 16:03:52.576 +0200
2439,153,2024-09-22 02:25:00.000 +0300,64,9.8,28,medium,0,2026-01-19 16:03:52.576 +0200
2440,153,2024-09-22 02:30:00.000 +0300,66,10.0,29,medium,0,2026-01-19 16:03:52.576 +0200
2441,153,2024-09-22 02:35:00.000 +0300,68,10.2,30,medium,0,2026-01-19 16:03:52.576 +0200
2442,153,2024-09-22 02:40:00.000 +0300,70,10.4,31,medium,0,2026-01-19 16:03:52.576 +0200
2443,153,2024-09-22 02:45:00.000 +0300,72,10.6,32,high,0,2026-01-19 16:03:52.576 +0200
2444,153,2024-09-22 02:00:00.000 +0300,49,8.3,22,low,0,2026-01-19 16:03:52.576 +0200
2445,153,2024-09-22 02:05:00.000 +0300,51,8.5,23,low,0,2026-01-19 16:03:52.576 +0200
2446,153,2024-09-22 02:10:00.000 +0300,53,8.7,24,low,0,2026-01-19 16:03:52.576 +0200
2447,153,2024-09-22 02:15:00.000 +0300,55,8.9,25,medium,0,2026-01-19 16:03:52.576 +0200
2448,153,2024-09-22 02:20:00.000 +0300,57,9.1,26,medium,0,2026-01-19 16:03:52.576 +0200
2449,154,2024-09-22 02:25:00.000 +0300,59,9.3,27,medium,0,2026-01-19 16:03:52.576 +0200
2450,154,2024-09-22 02:30:00.000 +0300,61,9.5,28,medium,0,2026-01-19 16:03:52.576 +0200
2451,154,2024-09-22 02:35:00.000 +0300,63,9.7,29,medium,0,2026-01-19 16:03:52.576 +0200
2452,154,2024-09-22 02:40:00.000 +0300,65,9.9,30,medium,0,2026-01-19 16:03:52.576 +0200
2453,154,2024-09-22 02:45:00.000 +0300,67,10.1,31,high,0,2026-01-19 16:03:52.576 +0200
2454,154,2024-09-22 02:00:00.000 +0300,58,9.4,25,low,0,2026-01-19 16:03:52.576 +0200
2455,154,2024-09-22 02:05:00.000 +0300,60,9.6,26,low,0,2026-01-19 16:03:52.576 +0200
2456,154,2024-09-22 02:10:00.000 +0300,62,9.8,27,low,0,2026-01-19 16:03:52.576 +0200
2457,154,2024-09-22 02:15:00.000 +0300,64,10.0,28,medium,0,2026-01-19 16:03:52.576 +0200
2458,154,2024-09-22 02:20:00.000 +0300,66,10.2,29,medium,0,2026-01-19 16:03:52.576 +0200
2459,154,2024-09-22 02:25:00.000 +0300,68,10.4,30,medium,0,2026-01-19 16:03:52.576 +0200
2460,154,2024-09-22 02:30:00.000 +0300,70,10.6,31,medium,0,2026-01-19 16:03:52.576 +0200
2461,154,2024-09-22 02:35:00.000 +0300,72,10.8,32,medium,0,2026-01-19 16:03:52.576 +0200
2462,154,2024-09-22 02:40:00.000 +0300,74,11.0,33,medium,0,2026-01-19 16:03:52.576 +0200
2463,154,2024-09-22 02:45:00.000 +0300,76,11.2,34,high,0,2026-01-19 16:03:52.576 +0200
2464,154,2024-09-22 02:00:00.000 +0300,46,7.9,21,low,0,2026-01-19 16:03:52.576 +0200
2465,155,2024-09-22 02:05:00.000 +0300,48,8.1,22,low,0,2026-01-19 16:03:52.576 +0200
2466,155,2024-09-22 02:10:00.000 +0300,50,8.3,23,low,0,2026-01-19 16:03:52.576 +0200
2467,155,2024-09-22 02:15:00.000 +0300,52,8.5,24,medium,0,2026-01-19 16:03:52.576 +0200
2468,155,2024-09-22 02:20:00.000 +0300,54,8.7,25,medium,0,2026-01-19 16:03:52.576 +0200
2469,155,2024-09-22 02:25:00.000 +0300,56,8.9,26,medium,0,2026-01-19 16:03:52.576 +0200
2470,155,2024-09-22 02:30:00.000 +0300,58,9.1,27,medium,0,2026-01-19 16:03:52.576 +0200
2471,155,2024-09-22 02:35:00.000 +0300,60,9.3,28,medium,0,2026-01-19 16:03:52.576 +0200
2472,155,2024-09-22 02:40:00.000 +0300,62,9.5,29,medium,0,2026-01-19 16:03:52.576 +0200
2473,155,2024-09-22 02:45:00.000 +0300,64,9.7,30,high,0,2026-01-19 16:03:52.576 +0200
2474,155,2024-09-22 02:00:00.000 +0300,62,10.1,27,low,0,2026-01-19 16:03:52.576 +0200
2475,155,2024-09-22 02:05:00.000 +0300,64,10.3,28,low,0,2026-01-19 16:03:52.576 +0200
2476,155,2024-09-22 02:10:00.000 +0300,66,10.5,29,low,0,2026-01-19 16:03:52.576 +0200
2477,155,2024-09-22 02:15:00.000 +0300,68,10.7,30,medium,0,2026-01-19 16:03:52.576 +0200
2478,155,2024-09-22 02:20:00.000 +0300,70,10.9,31,medium,0,2026-01-19 16:03:52.576 +0200
2479,155,2024-09-22 02:25:00.000 +0300,72,11.1,32,medium,0,2026-01-19 16:03:52.576 +0200
2480,155,2024-09-22 02:30:00.000 +0300,74,11.3,33,medium,0,2026-01-19 16:03:52.576 +0200
2481,156,2024-09-22 02:35:00.000 +0300,76,11.5,34,medium,0,2026-01-19 16:03:52.576 +0200
2482,156,2024-09-22 02:40:00.000 +0300,78,11.7,35,medium,0,2026-01-19 16:03:52.576 +0200
2483,156,2024-09-22 02:45:00.000 +0300,80,11.9,36,high,0,2026-01-19 16:03:52.576 +0200
2484,156,2024-09-22 02:00:00.000 +0300,51,8.6,23,low,0,2026-01-19 16:03:52.576 +0200
2485,156,2024-09-22 02:05:00.000 +0300,53,8.8,24,low,0,2026-01-19 16:03:52.576 +0200
2486,156,2024-09-22 02:10:00.000 +0300,55,9.0,25,low,0,2026-01-19 16:03:52.576 +0200
2487,156,2024-09-22 02:15:00.000 +0300,57,9.2,26,medium,0,2026-01-19 16:03:52.576 +0200
2488,156,2024-09-22 02:20:00.000 +0300,59,9.4,27,medium,0,2026-01-19 16:03:52.576 +0200
2489,156,2024-09-22 02:25:00.000 +0300,61,9.6,28,medium,0,2026-01-19 16:03:52.576 +0200
2490,156,2024-09-22 02:30:00.000 +0300,63,9.8,29,medium,0,2026-01-19 16:03:52.576 +0200
2491,156,2024-09-22 02:35:00.000 +0300,65,10.0,30,medium,0,2026-01-19 16:03:52.576 +0200
2492,156,2024-09-22 02:40:00.000 +0300,67,10.2,31,medium,0,2026-01-19 16:03:52.576 +0200
2493,156,2024-09-22 02:45:00.000 +0300,69,10.4,32,high,0,2026-01-19 16:03:52.576 +0200
2494,156,2024-09-22 02:00:00.000 +0300,59,9.6,26,low,0,2026-01-19 16:03:52.576 +0200
2495,156,2024-09-22 02:05:00.000 +0300,61,9.8,27,low,0,2026-01-19 16:03:52.576 +0200
2496,156,2024-09-22 02:10:00.000 +0300,63,10.0,28,low,0,2026-01-19 16:03:52.576 +0200
2497,157,2024-09-22 02:15:00.000 +0300,65,10.2,29,medium,0,2026-01-19 16:03:52.576 +0200
2498,157,2024-09-22 02:20:00.000 +0300,67,10.4,30,medium,0,2026-01-19 16:03:52.576 +0200
2499,157,2024-09-22 02:25:00.000 +0300,69,10.6,31,medium,0,2026-01-19 16:03:52.576 +0200
2500,157,2024-09-22 02:30:00.000 +0300,71,10.8,32,medium,0,2026-01-19 16:03:52.576 +0200
2501,157,2024-09-22 02:35:00.000 +0300,73,11.0,33,medium,0,2026-01-19 16:03:52.576 +0200
2502,157,2024-09-22 02:40:00.000 +0300,75,11.2,34,medium,0,2026-01-19 16:03:52.576 +0200
2503,157,2024-09-22 02:45:00.000 +0300,77,11.4,35,high,0,2026-01-19 16:03:52.576 +0200
2504,157,2024-09-22 02:00:00.000 +0300,47,8.1,22,low,0,2026-01-19 16:03:52.576 +0200
2505,157,2024-09-22 02:05:00.000 +0300,49,8.3,23,low,0,2026-01-19 16:03:52.576 +0200
2506,157,2024-09-22 02:10:00.000 +0300,51,8.5,24,low,0,2026-01-19 16:03:52.576 +0200
2507,157,2024-09-22 02:15:00.000 +0300,53,8.7,25,medium,0,2026-01-19 16:03:52.576 +0200
2508,157,2024-09-22 02:20:00.000 +0300,55,8.9,26,medium,0,2026-01-19 16:03:52.576 +0200
2509,157,2024-09-22 02:25:00.000 +0300,57,9.1,27,medium,0,2026-01-19 16:03:52.576 +0200
2510,157,2024-09-22 02:30:00.000 +0300,59,9.3,28,medium,0,2026-01-19 16:03:52.576 +0200
2511,157,2024-09-22 02:35:00.000 +0300,61,9.5,29,medium,0,2026-01-19 16:03:52.576 +0200
2512,157,2024-09-22 02:40:00.000 +0300,63,9.7,30,medium,0,2026-01-19 16:03:52.576 +0200
2513,158,2024-09-22 02:45:00.000 +0300,65,9.9,31,high,0,2026-01-19 16:03:52.576 +0200
2514,158,2024-09-22 02:00:00.000 +0300,61,10.0,27,low,0,2026-01-19 16:03:52.576 +0200
2515,158,2024-09-22 02:05:00.000 +0300,63,10.2,28,low,0,2026-01-19 16:03:52.576 +0200
2516,158,2024-09-22 02:10:00.000 +0300,65,10.4,29,low,0,2026-01-19 16:03:52.576 +0200
2517,158,2024-09-22 02:15:00.000 +0300,67,10.6,30,medium,0,2026-01-19 16:03:52.576 +0200
2518,158,2024-09-22 02:20:00.000 +0300,69,10.8,31,medium,0,2026-01-19 16:03:52.576 +0200
2519,158,2024-09-22 02:25:00.000 +0300,71,11.0,32,medium,0,2026-01-19 16:03:52.576 +0200
2520,158,2024-09-22 02:30:00.000 +0300,73,11.2,33,medium,0,2026-01-19 16:03:52.576 +0200
2521,158,2024-09-22 02:35:00.000 +0300,75,11.4,34,medium,0,2026-01-19 16:03:52.576 +0200
2522,158,2024-09-22 02:40:00.000 +0300,77,11.6,35,medium,0,2026-01-19 16:03:52.576 +0200
2523,158,2024-09-22 02:45:00.000 +0300,79,11.8,36,high,0,2026-01-19 16:03:52.576 +0200
2524,158,2024-09-22 02:00:00.000 +0300,55,9.1,24,low,0,2026-01-19 16:03:52.576 +0200
2525,158,2024-09-22 02:05:00.000 +0300,57,9.3,25,low,0,2026-01-19 16:03:52.576 +0200
2526,158,2024-09-22 02:10:00.000 +0300,59,9.5,26,low,0,2026-01-19 16:03:52.576 +0200
2527,158,2024-09-22 02:15:00.000 +0300,61,9.7,27,medium,0,2026-01-19 16:03:52.576 +0200
2528,158,2024-09-22 02:20:00.000 +0300,63,9.9,28,medium,0,2026-01-19 16:03:52.576 +0200
2529,159,2024-09-22 02:25:00.000 +0300,65,10.1,29,medium,0,2026-01-19 16:03:52.576 +0200
2530,159,2024-09-22 02:30:00.000 +0300,67,10.3,30,medium,0,2026-01-19 16:03:52.576 +0200
2531,159,2024-09-22 02:35:00.000 +0300,69,10.5,31,medium,0,2026-01-19 16:03:52.576 +0200
2532,159,2024-09-22 02:40:00.000 +0300,71,10.7,32,medium,0,2026-01-19 16:03:52.576 +0200
2533,159,2024-09-22 02:45:00.000 +0300,73,10.9,33,high,0,2026-01-19 16:03:52.576 +0200
2534,159,2024-09-22 03:00:00.000 +0300,50,8.4,22,low,0,2026-01-19 16:03:52.576 +0200
2535,159,2024-09-22 03:05:00.000 +0300,52,8.6,23,low,0,2026-01-19 16:03:52.576 +0200
2536,159,2024-09-22 03:10:00.000 +0300,54,8.8,24,low,0,2026-01-19 16:03:52.576 +0200
2537,159,2024-09-22 03:15:00.000 +0300,56,9.0,25,medium,0,2026-01-19 16:03:52.576 +0200
2538,159,2024-09-22 03:20:00.000 +0300,58,9.2,26,medium,0,2026-01-19 16:03:52.576 +0200
2539,159,2024-09-22 03:25:00.000 +0300,60,9.4,27,medium,0,2026-01-19 16:03:52.576 +0200
2540,159,2024-09-22 03:30:00.000 +0300,62,9.6,28,medium,0,2026-01-19 16:03:52.576 +0200
2541,159,2024-09-22 03:35:00.000 +0300,64,9.8,29,medium,0,2026-01-19 16:03:52.576 +0200
2542,159,2024-09-22 03:40:00.000 +0300,66,10.0,30,medium,0,2026-01-19 16:03:52.576 +0200
2543,159,2024-09-22 03:45:00.000 +0300,68,10.2,31,high,0,2026-01-19 16:03:52.576 +0200
2544,159,2024-09-22 03:00:00.000 +0300,46,7.9,21,low,0,2026-01-19 16:03:52.576 +0200
2545,160,2024-09-22 03:05:00.000 +0300,48,8.1,22,low,0,2026-01-19 16:03:52.576 +0200
2546,160,2024-09-22 03:10:00.000 +0300,50,8.3,23,low,0,2026-01-19 16:03:52.576 +0200
2547,160,2024-09-22 03:15:00.000 +0300,52,8.5,24,medium,0,2026-01-19 16:03:52.576 +0200
2548,160,2024-09-22 03:20:00.000 +0300,54,8.7,25,medium,0,2026-01-19 16:03:52.576 +0200
2549,160,2024-09-22 03:25:00.000 +0300,56,8.9,26,medium,0,2026-01-19 16:03:52.576 +0200
2550,160,2024-09-22 03:30:00.000 +0300,58,9.1,27,medium,0,2026-01-19 16:03:52.576 +0200
2551,160,2024-09-22 03:35:00.000 +0300,60,9.3,28,medium,0,2026-01-19 16:03:52.576 +0200
2552,160,2024-09-22 03:40:00.000 +0300,62,9.5,29,medium,0,2026-01-19 16:03:52.576 +0200
2553,160,2024-09-22 03:45:00.000 +0300,64,9.7,30,high,0,2026-01-19 16:03:52.576 +0200
2554,160,2024-09-22 03:00:00.000 +0300,55,9.2,25,low,0,2026-01-19 16:03:52.576 +0200
2555,160,2024-09-22 03:05:00.000 +0300,57,9.4,26,low,0,2026-01-19 16:03:52.576 +0200
2556,160,2024-09-22 03:10:00.000 +0300,59,9.6,27,low,0,2026-01-19 16:03:52.576 +0200
2557,160,2024-09-22 03:15:00.000 +0300,61,9.8,28,medium,0,2026-01-19 16:03:52.576 +0200
2558,160,2024-09-22 03:20:00.000 +0300,63,10.0,29,medium,0,2026-01-19 16:03:52.576 +0200
2559,160,2024-09-22 03:25:00.000 +0300,65,10.2,30,medium,0,2026-01-19 16:03:52.576 +0200
2560,160,2024-09-22 03:30:00.000 +0300,67,10.4,31,medium,0,2026-01-19 16:03:52.576 +0200
2561,161,2024-09-22 03:35:00.000 +0300,69,10.6,32,medium,0,2026-01-19 16:03:52.576 +0200
2562,161,2024-09-22 03:40:00.000 +0300,71,10.8,33,medium,0,2026-01-19 16:03:52.576 +0200
2563,161,2024-09-22 03:45:00.000 +0300,73,11.0,34,high,0,2026-01-19 16:03:52.576 +0200
2564,161,2024-09-22 03:00:00.000 +0300,44,7.6,20,low,0,2026-01-19 16:03:52.576 +0200
2565,161,2024-09-22 03:05:00.000 +0300,46,7.8,21,low,0,2026-01-19 16:03:52.576 +0200
2566,161,2024-09-22 03:10:00.000 +0300,48,8.0,22,low,0,2026-01-19 16:03:52.576 +0200
2567,161,2024-09-22 03:15:00.000 +0300,50,8.2,23,medium,0,2026-01-19 16:03:52.576 +0200
2568,161,2024-09-22 03:20:00.000 +0300,52,8.4,24,medium,0,2026-01-19 16:03:52.576 +0200
2569,161,2024-09-22 03:25:00.000 +0300,54,8.6,25,medium,0,2026-01-19 16:03:52.576 +0200
2570,161,2024-09-22 03:30:00.000 +0300,56,8.8,26,medium,0,2026-01-19 16:03:52.576 +0200
2571,161,2024-09-22 03:35:00.000 +0300,58,9.0,27,medium,0,2026-01-19 16:03:52.576 +0200
2572,161,2024-09-22 03:40:00.000 +0300,60,9.2,28,medium,0,2026-01-19 16:03:52.576 +0200
2573,161,2024-09-22 03:45:00.000 +0300,62,9.4,29,high,0,2026-01-19 16:03:52.576 +0200
2574,161,2024-09-22 03:00:00.000 +0300,59,9.9,26,low,0,2026-01-19 16:03:52.576 +0200
2575,161,2024-09-22 03:05:00.000 +0300,61,10.1,27,low,0,2026-01-19 16:03:52.576 +0200
2576,161,2024-09-22 03:10:00.000 +0300,63,10.3,28,low,0,2026-01-19 16:03:52.576 +0200
2577,162,2024-09-22 03:15:00.000 +0300,65,10.5,29,medium,0,2026-01-19 16:03:52.576 +0200
2578,162,2024-09-22 03:20:00.000 +0300,67,10.7,30,medium,0,2026-01-19 16:03:52.576 +0200
2579,162,2024-09-22 03:25:00.000 +0300,69,10.9,31,medium,0,2026-01-19 16:03:52.576 +0200
2580,162,2024-09-22 03:30:00.000 +0300,71,11.1,32,medium,0,2026-01-19 16:03:52.576 +0200
2581,162,2024-09-22 03:35:00.000 +0300,73,11.3,33,medium,0,2026-01-19 16:03:52.576 +0200
2582,162,2024-09-22 03:40:00.000 +0300,75,11.5,34,medium,0,2026-01-19 16:03:52.576 +0200
2583,162,2024-09-22 03:45:00.000 +0300,77,11.7,35,high,0,2026-01-19 16:03:52.576 +0200
2584,162,2024-09-22 03:00:00.000 +0300,48,8.2,22,low,0,2026-01-19 16:03:52.576 +0200
2585,162,2024-09-22 03:05:00.000 +0300,50,8.4,23,low,0,2026-01-19 16:03:52.576 +0200
2586,162,2024-09-22 03:10:00.000 +0300,52,8.6,24,low,0,2026-01-19 16:03:52.576 +0200
2587,162,2024-09-22 03:15:00.000 +0300,54,8.8,25,medium,0,2026-01-19 16:03:52.576 +0200
2588,162,2024-09-22 03:20:00.000 +0300,56,9.0,26,medium,0,2026-01-19 16:03:52.576 +0200
2589,162,2024-09-22 03:25:00.000 +0300,58,9.2,27,medium,0,2026-01-19 16:03:52.576 +0200
2590,162,2024-09-22 03:30:00.000 +0300,60,9.4,28,medium,0,2026-01-19 16:03:52.576 +0200
2591,162,2024-09-22 03:35:00.000 +0300,62,9.6,29,medium,0,2026-01-19 16:03:52.576 +0200
2592,162,2024-09-22 03:40:00.000 +0300,64,9.8,30,medium,0,2026-01-19 16:03:52.576 +0200
2593,163,2024-09-22 03:45:00.000 +0300,66,10.0,31,high,0,2026-01-19 16:03:52.576 +0200
2594,163,2024-09-22 03:00:00.000 +0300,56,9.3,25,low,0,2026-01-19 16:03:52.576 +0200
2595,163,2024-09-22 03:05:00.000 +0300,58,9.5,26,low,0,2026-01-19 16:03:52.576 +0200
2596,163,2024-09-22 03:10:00.000 +0300,60,9.7,27,low,0,2026-01-19 16:03:52.576 +0200
2597,163,2024-09-22 03:15:00.000 +0300,62,9.9,28,medium,0,2026-01-19 16:03:52.576 +0200
2598,163,2024-09-22 03:20:00.000 +0300,64,10.1,29,medium,0,2026-01-19 16:03:52.576 +0200
2599,163,2024-09-22 03:25:00.000 +0300,66,10.3,30,medium,0,2026-01-19 16:03:52.576 +0200
2600,163,2024-09-22 03:30:00.000 +0300,68,10.5,31,medium,0,2026-01-19 16:03:52.576 +0200
2601,163,2024-09-22 03:35:00.000 +0300,70,10.7,32,medium,0,2026-01-19 16:03:52.576 +0200
2602,163,2024-09-22 03:40:00.000 +0300,72,10.9,33,medium,0,2026-01-19 16:03:52.576 +0200
2603,163,2024-09-22 03:45:00.000 +0300,74,11.1,34,high,0,2026-01-19 16:03:52.576 +0200
2604,163,2024-09-22 03:00:00.000 +0300,45,7.8,21,low,0,2026-01-19 16:03:52.576 +0200
2605,163,2024-09-22 03:05:00.000 +0300,47,8.0,22,low,0,2026-01-19 16:03:52.576 +0200
2606,163,2024-09-22 03:10:00.000 +0300,49,8.2,23,low,0,2026-01-19 16:03:52.576 +0200
2607,163,2024-09-22 03:15:00.000 +0300,51,8.4,24,medium,0,2026-01-19 16:03:52.576 +0200
2608,163,2024-09-22 03:20:00.000 +0300,53,8.6,25,medium,0,2026-01-19 16:03:52.576 +0200
2609,164,2024-09-22 03:25:00.000 +0300,55,8.8,26,medium,0,2026-01-19 16:03:52.576 +0200
2610,164,2024-09-22 03:30:00.000 +0300,57,9.0,27,medium,0,2026-01-19 16:03:52.576 +0200
2611,164,2024-09-22 03:35:00.000 +0300,59,9.2,28,medium,0,2026-01-19 16:03:52.576 +0200
2612,164,2024-09-22 03:40:00.000 +0300,61,9.4,29,medium,0,2026-01-19 16:03:52.576 +0200
2613,164,2024-09-22 03:45:00.000 +0300,63,9.6,30,high,0,2026-01-19 16:03:52.576 +0200
2614,164,2024-09-22 03:00:00.000 +0300,57,9.6,26,low,0,2026-01-19 16:03:52.576 +0200
2615,164,2024-09-22 03:05:00.000 +0300,59,9.8,27,low,0,2026-01-19 16:03:52.576 +0200
2616,164,2024-09-22 03:10:00.000 +0300,61,10.0,28,low,0,2026-01-19 16:03:52.576 +0200
2617,164,2024-09-22 03:15:00.000 +0300,63,10.2,29,medium,0,2026-01-19 16:03:52.576 +0200
2618,164,2024-09-22 03:20:00.000 +0300,65,10.4,30,medium,0,2026-01-19 16:03:52.576 +0200
2619,164,2024-09-22 03:25:00.000 +0300,67,10.6,31,medium,0,2026-01-19 16:03:52.576 +0200
2620,164,2024-09-22 03:30:00.000 +0300,69,10.8,32,medium,0,2026-01-19 16:03:52.576 +0200
2621,164,2024-09-22 03:35:00.000 +0300,71,11.0,33,medium,0,2026-01-19 16:03:52.576 +0200
2622,164,2024-09-22 03:40:00.000 +0300,73,11.2,34,medium,0,2026-01-19 16:03:52.576 +0200
2623,164,2024-09-22 03:45:00.000 +0300,75,11.4,35,high,0,2026-01-19 16:03:52.576 +0200
2624,164,2024-09-22 03:00:00.000 +0300,52,8.8,23,low,0,2026-01-19 16:03:52.576 +0200
2625,165,2024-09-22 03:05:00.000 +0300,54,9.0,24,low,0,2026-01-19 16:03:52.576 +0200
2626,165,2024-09-22 03:10:00.000 +0300,56,9.2,25,low,0,2026-01-19 16:03:52.576 +0200
2627,165,2024-09-22 03:15:00.000 +0300,58,9.4,26,medium,0,2026-01-19 16:03:52.576 +0200
2628,165,2024-09-22 03:20:00.000 +0300,60,9.6,27,medium,0,2026-01-19 16:03:52.576 +0200
2629,165,2024-09-22 03:25:00.000 +0300,62,9.8,28,medium,0,2026-01-19 16:03:52.576 +0200
2630,165,2024-09-22 03:30:00.000 +0300,64,10.0,29,medium,0,2026-01-19 16:03:52.576 +0200
2631,165,2024-09-22 03:35:00.000 +0300,66,10.2,30,medium,0,2026-01-19 16:03:52.576 +0200
2632,165,2024-09-22 03:40:00.000 +0300,68,10.4,31,medium,0,2026-01-19 16:03:52.576 +0200
2633,165,2024-09-22 03:45:00.000 +0300,70,10.6,32,high,0,2026-01-19 16:03:52.576 +0200
2634,165,2024-09-22 04:00:00.000 +0300,48,8.2,22,low,0,2026-01-19 16:03:52.576 +0200
2635,165,2024-09-22 04:05:00.000 +0300,50,8.4,23,low,0,2026-01-19 16:03:52.576 +0200
2636,165,2024-09-22 04:10:00.000 +0300,52,8.6,24,low,0,2026-01-19 16:03:52.576 +0200
2637,165,2024-09-22 04:15:00.000 +0300,54,8.8,25,medium,0,2026-01-19 16:03:52.576 +0200
2638,165,2024-09-22 04:20:00.000 +0300,56,9.0,26,medium,0,2026-01-19 16:03:52.576 +0200
2639,165,2024-09-22 04:25:00.000 +0300,58,9.2,27,medium,0,2026-01-19 16:03:52.576 +0200
2640,165,2024-09-22 04:30:00.000 +0300,60,9.4,28,medium,0,2026-01-19 16:03:52.576 +0200
2641,166,2024-09-22 04:35:00.000 +0300,62,9.6,29,medium,0,2026-01-19 16:03:52.576 +0200
2642,166,2024-09-22 04:40:00.000 +0300,64,9.8,30,medium,0,2026-01-19 16:03:52.576 +0200
2643,166,2024-09-22 04:45:00.000 +0300,66,10.0,31,high,0,2026-01-19 16:03:52.576 +0200
2644,166,2024-09-22 04:00:00.000 +0300,44,7.7,21,low,0,2026-01-19 16:03:52.576 +0200
2645,166,2024-09-22 04:05:00.000 +0300,46,7.9,22,low,0,2026-01-19 16:03:52.576 +0200
2646,166,2024-09-22 04:10:00.000 +0300,48,8.1,23,low,0,2026-01-19 16:03:52.576 +0200
2647,166,2024-09-22 04:15:00.000 +0300,50,8.3,24,medium,0,2026-01-19 16:03:52.576 +0200
2648,166,2024-09-22 04:20:00.000 +0300,52,8.5,25,medium,0,2026-01-19 16:03:52.576 +0200
2649,166,2024-09-22 04:25:00.000 +0300,54,8.7,26,medium,0,2026-01-19 16:03:52.576 +0200
2650,166,2024-09-22 04:30:00.000 +0300,56,8.9,27,medium,0,2026-01-19 16:03:52.576 +0200
2651,166,2024-09-22 04:35:00.000 +0300,58,9.1,28,medium,0,2026-01-19 16:03:52.576 +0200
2652,166,2024-09-22 04:40:00.000 +0300,60,9.3,29,medium,0,2026-01-19 16:03:52.576 +0200
2653,166,2024-09-22 04:45:00.000 +0300,62,9.5,30,high,0,2026-01-19 16:03:52.576 +0200
2654,166,2024-09-22 04:00:00.000 +0300,53,8.9,24,low,0,2026-01-19 16:03:52.576 +0200
2655,166,2024-09-22 04:05:00.000 +0300,55,9.1,25,low,0,2026-01-19 16:03:52.576 +0200
2656,166,2024-09-22 04:10:00.000 +0300,57,9.3,26,low,0,2026-01-19 16:03:52.576 +0200
2657,167,2024-09-22 04:15:00.000 +0300,59,9.5,27,medium,0,2026-01-19 16:03:52.576 +0200
2658,167,2024-09-22 04:20:00.000 +0300,61,9.7,28,medium,0,2026-01-19 16:03:52.576 +0200
2659,167,2024-09-22 04:25:00.000 +0300,63,9.9,29,medium,0,2026-01-19 16:03:52.576 +0200
2660,167,2024-09-22 04:30:00.000 +0300,65,10.1,30,medium,0,2026-01-19 16:03:52.576 +0200
2661,167,2024-09-22 04:35:00.000 +0300,67,10.3,31,medium,0,2026-01-19 16:03:52.576 +0200
2662,167,2024-09-22 04:40:00.000 +0300,69,10.5,32,medium,0,2026-01-19 16:03:52.576 +0200
2663,167,2024-09-22 04:45:00.000 +0300,71,10.7,33,high,0,2026-01-19 16:03:52.576 +0200
2664,167,2024-09-22 04:00:00.000 +0300,41,7.2,20,low,0,2026-01-19 16:03:52.576 +0200
2665,167,2024-09-22 04:05:00.000 +0300,43,7.4,21,low,0,2026-01-19 16:03:52.576 +0200
2666,167,2024-09-22 04:10:00.000 +0300,45,7.6,22,low,0,2026-01-19 16:03:52.576 +0200
2667,167,2024-09-22 04:15:00.000 +0300,47,7.8,23,medium,0,2026-01-19 16:03:52.576 +0200
2668,167,2024-09-22 04:20:00.000 +0300,49,8.0,24,medium,0,2026-01-19 16:03:52.576 +0200
2669,167,2024-09-22 04:25:00.000 +0300,51,8.2,25,medium,0,2026-01-19 16:03:52.576 +0200
2670,167,2024-09-22 04:30:00.000 +0300,53,8.4,26,medium,0,2026-01-19 16:03:52.576 +0200
2671,167,2024-09-22 04:35:00.000 +0300,55,8.6,27,medium,0,2026-01-19 16:03:52.576 +0200
2672,167,2024-09-22 04:40:00.000 +0300,57,8.8,28,medium,0,2026-01-19 16:03:52.576 +0200
2673,168,2024-09-22 04:45:00.000 +0300,59,9.0,29,high,0,2026-01-19 16:03:52.576 +0200
2674,168,2024-09-22 04:00:00.000 +0300,57,9.6,26,low,0,2026-01-19 16:03:52.576 +0200
2675,168,2024-09-22 04:05:00.000 +0300,59,9.8,27,low,0,2026-01-19 16:03:52.576 +0200
2676,168,2024-09-22 04:10:00.000 +0300,61,10.0,28,low,0,2026-01-19 16:03:52.576 +0200
2677,168,2024-09-22 04:15:00.000 +0300,63,10.2,29,medium,0,2026-01-19 16:03:52.576 +0200
2678,168,2024-09-22 04:20:00.000 +0300,65,10.4,30,medium,0,2026-01-19 16:03:52.576 +0200
2679,168,2024-09-22 04:25:00.000 +0300,67,10.6,31,medium,0,2026-01-19 16:03:52.576 +0200
2680,168,2024-09-22 04:30:00.000 +0300,69,10.8,32,medium,0,2026-01-19 16:03:52.576 +0200
2681,168,2024-09-22 04:35:00.000 +0300,71,11.0,33,medium,0,2026-01-19 16:03:52.576 +0200
2682,168,2024-09-22 04:40:00.000 +0300,73,11.2,34,medium,0,2026-01-19 16:03:52.576 +0200
2683,168,2024-09-22 04:45:00.000 +0300,75,11.4,35,high,0,2026-01-19 16:03:52.576 +0200
2684,168,2024-09-22 04:00:00.000 +0300,46,8.0,22,low,0,2026-01-19 16:03:52.576 +0200
2685,168,2024-09-22 04:05:00.000 +0300,48,8.2,23,low,0,2026-01-19 16:03:52.576 +0200
2686,168,2024-09-22 04:10:00.000 +0300,50,8.4,24,low,0,2026-01-19 16:03:52.576 +0200
2687,168,2024-09-22 04:15:00.000 +0300,52,8.6,25,medium,0,2026-01-19 16:03:52.576 +0200
2688,168,2024-09-22 04:20:00.000 +0300,54,8.8,26,medium,0,2026-01-19 16:03:52.576 +0200
2689,169,2024-09-22 04:25:00.000 +0300,56,9.0,27,medium,0,2026-01-19 16:03:52.576 +0200
2690,169,2024-09-22 04:30:00.000 +0300,58,9.2,28,medium,0,2026-01-19 16:03:52.576 +0200
2691,169,2024-09-22 04:35:00.000 +0300,60,9.4,29,medium,0,2026-01-19 16:03:52.576 +0200
2692,169,2024-09-22 04:40:00.000 +0300,62,9.6,30,medium,0,2026-01-19 16:03:52.576 +0200
2693,169,2024-09-22 04:45:00.000 +0300,64,9.8,31,high,0,2026-01-19 16:03:52.576 +0200
2694,169,2024-09-22 04:00:00.000 +0300,52,8.8,24,low,0,2026-01-19 16:03:52.576 +0200
2695,169,2024-09-22 04:05:00.000 +0300,54,9.0,25,low,0,2026-01-19 16:03:52.576 +0200
2696,169,2024-09-22 04:10:00.000 +0300,56,9.2,26,low,0,2026-01-19 16:03:52.576 +0200
2697,169,2024-09-22 04:15:00.000 +0300,58,9.4,27,medium,0,2026-01-19 16:03:52.576 +0200
2698,169,2024-09-22 04:20:00.000 +0300,60,9.6,28,medium,0,2026-01-19 16:03:52.576 +0200
2699,169,2024-09-22 04:25:00.000 +0300,62,9.8,29,medium,0,2026-01-19 16:03:52.576 +0200
2700,169,2024-09-22 04:30:00.000 +0300,64,10.0,30,medium,0,2026-01-19 16:03:52.576 +0200
2701,169,2024-09-22 04:35:00.000 +0300,66,10.2,31,medium,0,2026-01-19 16:03:52.576 +0200
2702,169,2024-09-22 04:40:00.000 +0300,68,10.4,32,medium,0,2026-01-19 16:03:52.576 +0200
2703,169,2024-09-22 04:45:00.000 +0300,70,10.6,33,high,0,2026-01-19 16:03:52.576 +0200
2704,169,2024-09-22 04:00:00.000 +0300,43,7.5,21,low,0,2026-01-19 16:03:52.576 +0200
2705,170,2024-09-22 04:05:00.000 +0300,45,7.7,22,low,0,2026-01-19 16:03:52.576 +0200
2706,170,2024-09-22 04:10:00.000 +0300,47,7.9,23,low,0,2026-01-19 16:03:52.576 +0200
2707,170,2024-09-22 04:15:00.000 +0300,49,8.1,24,medium,0,2026-01-19 16:03:52.576 +0200
2708,170,2024-09-22 04:20:00.000 +0300,51,8.3,25,medium,0,2026-01-19 16:03:52.576 +0200
2709,170,2024-09-22 04:25:00.000 +0300,53,8.5,26,medium,0,2026-01-19 16:03:52.576 +0200
2710,170,2024-09-22 04:30:00.000 +0300,55,8.7,27,medium,0,2026-01-19 16:03:52.576 +0200
2711,170,2024-09-22 04:35:00.000 +0300,57,8.9,28,medium,0,2026-01-19 16:03:52.576 +0200
2712,170,2024-09-22 04:40:00.000 +0300,59,9.1,29,medium,0,2026-01-19 16:03:52.576 +0200
2713,170,2024-09-22 04:45:00.000 +0300,61,9.3,30,high,0,2026-01-19 16:03:52.576 +0200
2714,170,2024-09-22 04:00:00.000 +0300,55,9.3,25,low,0,2026-01-19 16:03:52.576 +0200
2715,170,2024-09-22 04:05:00.000 +0300,57,9.5,26,low,0,2026-01-19 16:03:52.576 +0200
2716,170,2024-09-22 04:10:00.000 +0300,59,9.7,27,low,0,2026-01-19 16:03:52.576 +0200
2717,170,2024-09-22 04:15:00.000 +0300,61,9.9,28,medium,0,2026-01-19 16:03:52.576 +0200
2718,170,2024-09-22 04:20:00.000 +0300,63,10.1,29,medium,0,2026-01-19 16:03:52.576 +0200
2719,170,2024-09-22 04:25:00.000 +0300,65,10.3,30,medium,0,2026-01-19 16:03:52.576 +0200
2720,170,2024-09-22 04:30:00.000 +0300,67,10.5,31,medium,0,2026-01-19 16:03:52.576 +0200
2721,171,2024-09-22 04:35:00.000 +0300,69,10.7,32,medium,0,2026-01-19 16:03:52.576 +0200
2722,171,2024-09-22 04:40:00.000 +0300,71,10.9,33,medium,0,2026-01-19 16:03:52.576 +0200
2723,171,2024-09-22 04:45:00.000 +0300,73,11.1,34,high,0,2026-01-19 16:03:52.576 +0200
2724,171,2024-09-22 04:00:00.000 +0300,49,8.4,23,low,0,2026-01-19 16:03:52.576 +0200
2725,171,2024-09-22 04:05:00.000 +0300,51,8.6,24,low,0,2026-01-19 16:03:52.576 +0200
2726,171,2024-09-22 04:10:00.000 +0300,53,8.8,25,low,0,2026-01-19 16:03:52.576 +0200
2727,171,2024-09-22 04:15:00.000 +0300,55,9.0,26,medium,0,2026-01-19 16:03:52.576 +0200
2728,171,2024-09-22 04:20:00.000 +0300,57,9.2,27,medium,0,2026-01-19 16:03:52.576 +0200
2729,171,2024-09-22 04:25:00.000 +0300,59,9.4,28,medium,0,2026-01-19 16:03:52.576 +0200
2730,171,2024-09-22 04:30:00.000 +0300,61,9.6,29,medium,0,2026-01-19 16:03:52.576 +0200
2731,171,2024-09-22 04:35:00.000 +0300,63,9.8,30,medium,0,2026-01-19 16:03:52.576 +0200
2732,171,2024-09-22 04:40:00.000 +0300,65,10.0,31,medium,0,2026-01-19 16:03:52.576 +0200
2733,171,2024-09-22 04:45:00.000 +0300,67,10.2,32,high,0,2026-01-19 16:03:52.576 +0200
2734,171,2024-09-22 05:00:00.000 +0300,52,8.9,24,low,0,2026-01-19 16:03:52.576 +0200
2735,171,2024-09-22 05:05:00.000 +0300,54,9.1,25,low,0,2026-01-19 16:03:52.576 +0200
2736,171,2024-09-22 05:10:00.000 +0300,56,9.3,26,low,0,2026-01-19 16:03:52.576 +0200
2737,172,2024-09-22 05:15:00.000 +0300,58,9.5,27,medium,0,2026-01-19 16:03:52.576 +0200
2738,172,2024-09-22 05:20:00.000 +0300,60,9.7,28,medium,0,2026-01-19 16:03:52.576 +0200
2739,172,2024-09-22 05:25:00.000 +0300,62,9.9,29,medium,0,2026-01-19 16:03:52.576 +0200
2740,172,2024-09-22 05:30:00.000 +0300,64,10.1,30,medium,0,2026-01-19 16:03:52.576 +0200
2741,172,2024-09-22 05:35:00.000 +0300,66,10.3,31,medium,0,2026-01-19 16:03:52.576 +0200
2742,172,2024-09-22 05:40:00.000 +0300,68,10.5,32,medium,0,2026-01-19 16:03:52.576 +0200
2743,172,2024-09-22 05:45:00.000 +0300,70,10.7,33,high,0,2026-01-19 16:03:52.576 +0200
2744,172,2024-09-22 05:00:00.000 +0300,48,8.3,22,low,0,2026-01-19 16:03:52.576 +0200
2745,172,2024-09-22 05:05:00.000 +0300,50,8.5,23,low,0,2026-01-19 16:03:52.576 +0200
2746,172,2024-09-22 05:10:00.000 +0300,52,8.7,24,low,0,2026-01-19 16:03:52.576 +0200
2747,172,2024-09-22 05:15:00.000 +0300,54,8.9,25,medium,0,2026-01-19 16:03:52.576 +0200
2748,172,2024-09-22 05:20:00.000 +0300,56,9.1,26,medium,0,2026-01-19 16:03:52.576 +0200
2749,172,2024-09-22 05:25:00.000 +0300,58,9.3,27,medium,0,2026-01-19 16:03:52.576 +0200
2750,172,2024-09-22 05:30:00.000 +0300,60,9.5,28,medium,0,2026-01-19 16:03:52.576 +0200
2751,172,2024-09-22 05:35:00.000 +0300,62,9.7,29,medium,0,2026-01-19 16:03:52.576 +0200
2752,172,2024-09-22 05:40:00.000 +0300,64,9.9,30,medium,0,2026-01-19 16:03:52.576 +0200
2753,173,2024-09-22 05:45:00.000 +0300,66,10.1,31,high,0,2026-01-19 16:03:52.576 +0200
2754,173,2024-09-22 05:00:00.000 +0300,55,9.4,25,low,0,2026-01-19 16:03:52.576 +0200
2755,173,2024-09-22 05:05:00.000 +0300,57,9.6,26,low,0,2026-01-19 16:03:52.576 +0200
2756,173,2024-09-22 05:10:00.000 +0300,59,9.8,27,low,0,2026-01-19 16:03:52.576 +0200
2757,173,2024-09-22 05:15:00.000 +0300,61,10.0,28,medium,0,2026-01-19 16:03:52.576 +0200
2758,173,2024-09-22 05:20:00.000 +0300,63,10.2,29,medium,0,2026-01-19 16:03:52.576 +0200
2759,173,2024-09-22 05:25:00.000 +0300,65,10.4,30,medium,0,2026-01-19 16:03:52.576 +0200
2760,173,2024-09-22 05:30:00.000 +0300,67,10.6,31,medium,0,2026-01-19 16:03:52.576 +0200
2761,173,2024-09-22 05:35:00.000 +0300,69,10.8,32,medium,0,2026-01-19 16:03:52.576 +0200
2762,173,2024-09-22 05:40:00.000 +0300,71,11.0,33,medium,0,2026-01-19 16:03:52.576 +0200
2763,173,2024-09-22 05:45:00.000 +0300,73,11.2,34,high,0,2026-01-19 16:03:52.576 +0200
2764,173,2024-09-22 05:00:00.000 +0300,46,7.9,21,low,0,2026-01-19 16:03:52.576 +0200
2765,173,2024-09-22 05:05:00.000 +0300,48,8.1,22,low,0,2026-01-19 16:03:52.576 +0200
2766,173,2024-09-22 05:10:00.000 +0300,50,8.3,23,low,0,2026-01-19 16:03:52.576 +0200
2767,173,2024-09-22 05:15:00.000 +0300,52,8.5,24,medium,0,2026-01-19 16:03:52.576 +0200
2768,173,2024-09-22 05:20:00.000 +0300,54,8.7,25,medium,0,2026-01-19 16:03:52.576 +0200
2769,174,2024-09-22 05:25:00.000 +0300,56,8.9,26,medium,0,2026-01-19 16:03:52.576 +0200
2770,174,2024-09-22 05:30:00.000 +0300,58,9.1,27,medium,0,2026-01-19 16:03:52.576 +0200
2771,174,2024-09-22 05:35:00.000 +0300,60,9.3,28,medium,0,2026-01-19 16:03:52.576 +0200
2772,174,2024-09-22 05:40:00.000 +0300,62,9.5,29,medium,0,2026-01-19 16:03:52.576 +0200
2773,174,2024-09-22 05:45:00.000 +0300,64,9.7,30,high,0,2026-01-19 16:03:52.576 +0200
2774,174,2024-09-22 05:00:00.000 +0300,60,10.0,27,low,0,2026-01-19 16:03:52.576 +0200
2775,174,2024-09-22 05:05:00.000 +0300,62,10.2,28,low,0,2026-01-19 16:03:52.576 +0200
2776,174,2024-09-22 05:10:00.000 +0300,64,10.4,29,low,0,2026-01-19 16:03:52.576 +0200
2777,174,2024-09-22 05:15:00.000 +0300,66,10.6,30,medium,0,2026-01-19 16:03:52.576 +0200
2778,174,2024-09-22 05:20:00.000 +0300,68,10.8,31,medium,0,2026-01-19 16:03:52.576 +0200
2779,174,2024-09-22 05:25:00.000 +0300,70,11.0,32,medium,0,2026-01-19 16:03:52.576 +0200
2780,174,2024-09-22 05:30:00.000 +0300,72,11.2,33,medium,0,2026-01-19 16:03:52.576 +0200
2781,174,2024-09-22 05:35:00.000 +0300,74,11.4,34,medium,0,2026-01-19 16:03:52.576 +0200
2782,174,2024-09-22 05:40:00.000 +0300,76,11.6,35,medium,0,2026-01-19 16:03:52.576 +0200
2783,174,2024-09-22 05:45:00.000 +0300,78,11.8,36,high,0,2026-01-19 16:03:52.576 +0200
2784,174,2024-09-22 05:00:00.000 +0300,49,8.5,23,low,0,2026-01-19 16:03:52.576 +0200
2785,175,2024-09-22 05:05:00.000 +0300,51,8.7,24,low,0,2026-01-19 16:03:52.576 +0200
2786,175,2024-09-22 05:10:00.000 +0300,53,8.9,25,low,0,2026-01-19 16:03:52.576 +0200
2787,175,2024-09-22 05:15:00.000 +0300,55,9.1,26,medium,0,2026-01-19 16:03:52.576 +0200
2788,175,2024-09-22 05:20:00.000 +0300,57,9.3,27,medium,0,2026-01-19 16:03:52.576 +0200
2789,175,2024-09-22 05:25:00.000 +0300,59,9.5,28,medium,0,2026-01-19 16:03:52.576 +0200
2790,175,2024-09-22 05:30:00.000 +0300,61,9.7,29,medium,0,2026-01-19 16:03:52.576 +0200
2791,175,2024-09-22 05:35:00.000 +0300,63,9.9,30,medium,0,2026-01-19 16:03:52.576 +0200
2792,175,2024-09-22 05:40:00.000 +0300,65,10.1,31,medium,0,2026-01-19 16:03:52.576 +0200
2793,175,2024-09-22 05:45:00.000 +0300,67,10.3,32,high,0,2026-01-19 16:03:52.576 +0200
2794,175,2024-09-22 05:00:00.000 +0300,56,9.6,26,low,0,2026-01-19 16:03:52.576 +0200
2795,175,2024-09-22 05:05:00.000 +0300,58,9.8,27,low,0,2026-01-19 16:03:52.576 +0200
2796,175,2024-09-22 05:10:00.000 +0300,60,10.0,28,low,0,2026-01-19 16:03:52.576 +0200
2797,175,2024-09-22 05:15:00.000 +0300,62,10.2,29,medium,0,2026-01-19 16:03:52.576 +0200
2798,175,2024-09-22 05:20:00.000 +0300,64,10.4,30,medium,0,2026-01-19 16:03:52.576 +0200
2799,175,2024-09-22 05:25:00.000 +0300,66,10.6,31,medium,0,2026-01-19 16:03:52.576 +0200
2800,175,2024-09-22 05:30:00.000 +0300,68,10.8,32,medium,0,2026-01-19 16:03:52.576 +0200
2801,176,2024-09-22 05:35:00.000 +0300,70,11.0,33,medium,0,2026-01-19 16:03:52.576 +0200
2802,176,2024-09-22 05:40:00.000 +0300,72,11.2,34,medium,0,2026-01-19 16:03:52.576 +0200
2803,176,2024-09-22 05:45:00.000 +0300,74,11.4,35,high,0,2026-01-19 16:03:52.576 +0200
2804,176,2024-09-22 05:00:00.000 +0300,47,8.1,22,low,0,2026-01-19 16:03:52.576 +0200
2805,176,2024-09-22 05:05:00.000 +0300,49,8.3,23,low,0,2026-01-19 16:03:52.576 +0200
2806,176,2024-09-22 05:10:00.000 +0300,51,8.5,24,low,0,2026-01-19 16:03:52.576 +0200
2807,176,2024-09-22 05:15:00.000 +0300,53,8.7,25,medium,0,2026-01-19 16:03:52.576 +0200
2808,176,2024-09-22 05:20:00.000 +0300,55,8.9,26,medium,0,2026-01-19 16:03:52.576 +0200
2809,176,2024-09-22 05:25:00.000 +0300,57,9.1,27,medium,0,2026-01-19 16:03:52.576 +0200
2810,176,2024-09-22 05:30:00.000 +0300,59,9.3,28,medium,0,2026-01-19 16:03:52.576 +0200
2811,176,2024-09-22 05:35:00.000 +0300,61,9.5,29,medium,0,2026-01-19 16:03:52.576 +0200
2812,176,2024-09-22 05:40:00.000 +0300,63,9.7,30,medium,0,2026-01-19 16:03:52.576 +0200
2813,176,2024-09-22 05:45:00.000 +0300,65,9.9,31,high,0,2026-01-19 16:03:52.576 +0200
2814,176,2024-09-22 05:00:00.000 +0300,58,9.8,26,low,0,2026-01-19 16:03:52.576 +0200
2815,176,2024-09-22 05:05:00.000 +0300,60,10.0,27,low,0,2026-01-19 16:03:52.576 +0200
2816,176,2024-09-22 05:10:00.000 +0300,62,10.2,28,low,0,2026-01-19 16:03:52.576 +0200
2817,177,2024-09-22 05:15:00.000 +0300,64,10.4,29,medium,0,2026-01-19 16:03:52.576 +0200
2818,177,2024-09-22 05:20:00.000 +0300,66,10.6,30,medium,0,2026-01-19 16:03:52.576 +0200
2819,177,2024-09-22 05:25:00.000 +0300,68,10.8,31,medium,0,2026-01-19 16:03:52.576 +0200
2820,177,2024-09-22 05:30:00.000 +0300,70,11.0,32,medium,0,2026-01-19 16:03:52.576 +0200
2821,177,2024-09-22 05:35:00.000 +0300,72,11.2,33,medium,0,2026-01-19 16:03:52.576 +0200
2822,177,2024-09-22 05:40:00.000 +0300,74,11.4,34,medium,0,2026-01-19 16:03:52.576 +0200
2823,177,2024-09-22 05:45:00.000 +0300,76,11.6,35,high,0,2026-01-19 16:03:52.576 +0200
2824,177,2024-09-22 05:00:00.000 +0300,51,8.7,24,low,0,2026-01-19 16:03:52.576 +0200
2825,177,2024-09-22 05:05:00.000 +0300,53,8.9,25,low,0,2026-01-19 16:03:52.576 +0200
2826,177,2024-09-22 05:10:00.000 +0300,55,9.1,26,low,0,2026-01-19 16:03:52.576 +0200
2827,177,2024-09-22 05:15:00.000 +0300,57,9.3,27,medium,0,2026-01-19 16:03:52.576 +0200
2828,177,2024-09-22 05:20:00.000 +0300,59,9.5,28,medium,0,2026-01-19 16:03:52.576 +0200
2829,177,2024-09-22 05:25:00.000 +0300,61,9.7,29,medium,0,2026-01-19 16:03:52.576 +0200
2830,177,2024-09-22 05:30:00.000 +0300,63,9.9,30,medium,0,2026-01-19 16:03:52.576 +0200
2831,177,2024-09-22 05:35:00.000 +0300,65,10.1,31,medium,0,2026-01-19 16:03:52.576 +0200
2832,177,2024-09-22 05:40:00.000 +0300,67,10.3,32,medium,0,2026-01-19 16:03:52.576 +0200
2833,178,2024-09-22 05:45:00.000 +0300,69,10.5,33,high,0,2026-01-19 16:03:52.576 +0200
2834,178,2024-09-22 06:00:00.000 +0300,58,9.7,26,low,0,2026-01-19 16:03:52.576 +0200
2835,178,2024-09-22 06:05:00.000 +0300,60,9.9,27,low,0,2026-01-19 16:03:52.576 +0200
2836,178,2024-09-22 06:10:00.000 +0300,62,10.1,28,low,0,2026-01-19 16:03:52.576 +0200
2837,178,2024-09-22 06:15:00.000 +0300,64,10.3,29,medium,0,2026-01-19 16:03:52.576 +0200
2838,178,2024-09-22 06:20:00.000 +0300,66,10.5,30,medium,0,2026-01-19 16:03:52.576 +0200
2839,178,2024-09-22 06:25:00.000 +0300,68,10.7,31,medium,0,2026-01-19 16:03:52.576 +0200
2840,178,2024-09-22 06:30:00.000 +0300,70,10.9,32,medium,0,2026-01-19 16:03:52.576 +0200
2841,178,2024-09-22 06:35:00.000 +0300,72,11.1,33,medium,0,2026-01-19 16:03:52.576 +0200
2842,178,2024-09-22 06:40:00.000 +0300,74,11.3,34,medium,0,2026-01-19 16:03:52.576 +0200
2843,178,2024-09-22 06:45:00.000 +0300,76,11.5,35,high,0,2026-01-19 16:03:52.576 +0200
2844,178,2024-09-22 06:00:00.000 +0300,54,9.1,24,low,0,2026-01-19 16:03:52.576 +0200
2845,178,2024-09-22 06:05:00.000 +0300,56,9.3,25,low,0,2026-01-19 16:03:52.576 +0200
2846,178,2024-09-22 06:10:00.000 +0300,58,9.5,26,low,0,2026-01-19 16:03:52.576 +0200
2847,178,2024-09-22 06:15:00.000 +0300,60,9.7,27,medium,0,2026-01-19 16:03:52.576 +0200
2848,178,2024-09-22 06:20:00.000 +0300,62,9.9,28,medium,0,2026-01-19 16:03:52.576 +0200
2849,179,2024-09-22 06:25:00.000 +0300,64,10.1,29,medium,0,2026-01-19 16:03:52.576 +0200
2850,179,2024-09-22 06:30:00.000 +0300,66,10.3,30,medium,0,2026-01-19 16:03:52.576 +0200
2851,179,2024-09-22 06:35:00.000 +0300,68,10.5,31,medium,0,2026-01-19 16:03:52.576 +0200
2852,179,2024-09-22 06:40:00.000 +0300,70,10.7,32,medium,0,2026-01-19 16:03:52.576 +0200
2853,179,2024-09-22 06:45:00.000 +0300,72,10.9,33,high,0,2026-01-19 16:03:52.576 +0200
2854,179,2024-09-22 06:00:00.000 +0300,61,10.2,28,low,0,2026-01-19 16:03:52.576 +0200
2855,179,2024-09-22 06:05:00.000 +0300,63,10.4,29,low,0,2026-01-19 16:03:52.576 +0200
2856,179,2024-09-22 06:10:00.000 +0300,65,10.6,30,low,0,2026-01-19 16:03:52.576 +0200
2857,179,2024-09-22 06:15:00.000 +0300,67,10.8,31,medium,0,2026-01-19 16:03:52.576 +0200
2858,179,2024-09-22 06:20:00.000 +0300,69,11.0,32,medium,0,2026-01-19 16:03:52.576 +0200
2859,179,2024-09-22 06:25:00.000 +0300,71,11.2,33,medium,0,2026-01-19 16:03:52.576 +0200
2860,179,2024-09-22 06:30:00.000 +0300,73,11.4,34,medium,0,2026-01-19 16:03:52.576 +0200
2861,179,2024-09-22 06:35:00.000 +0300,75,11.6,35,medium,0,2026-01-19 16:03:52.576 +0200
2862,179,2024-09-22 06:40:00.000 +0300,77,11.8,36,medium,0,2026-01-19 16:03:52.576 +0200
2863,179,2024-09-22 06:45:00.000 +0300,79,12.0,37,high,0,2026-01-19 16:03:52.576 +0200
2864,179,2024-09-22 06:00:00.000 +0300,50,8.6,23,low,0,2026-01-19 16:03:52.576 +0200
2865,180,2024-09-22 06:05:00.000 +0300,52,8.8,24,low,0,2026-01-19 16:03:52.576 +0200
2866,180,2024-09-22 06:10:00.000 +0300,54,9.0,25,low,0,2026-01-19 16:03:52.576 +0200
2867,180,2024-09-22 06:15:00.000 +0300,56,9.2,26,medium,0,2026-01-19 16:03:52.576 +0200
2868,180,2024-09-22 06:20:00.000 +0300,58,9.4,27,medium,0,2026-01-19 16:03:52.576 +0200
2869,180,2024-09-22 06:25:00.000 +0300,60,9.6,28,medium,0,2026-01-19 16:03:52.576 +0200
2870,180,2024-09-22 06:30:00.000 +0300,62,9.8,29,medium,0,2026-01-19 16:03:52.576 +0200
2871,180,2024-09-22 06:35:00.000 +0300,64,10.0,30,medium,0,2026-01-19 16:03:52.576 +0200
2872,180,2024-09-22 06:40:00.000 +0300,66,10.2,31,medium,0,2026-01-19 16:03:52.576 +0200
2873,180,2024-09-22 06:45:00.000 +0300,68,10.4,32,high,0,2026-01-19 16:03:52.576 +0200
2874,180,2024-09-22 06:00:00.000 +0300,66,10.8,30,low,0,2026-01-19 16:03:52.576 +0200
2875,180,2024-09-22 06:05:00.000 +0300,68,11.0,31,low,0,2026-01-19 16:03:52.576 +0200
2876,180,2024-09-22 06:10:00.000 +0300,70,11.2,32,low,0,2026-01-19 16:03:52.576 +0200
2877,180,2024-09-22 06:15:00.000 +0300,72,11.4,33,medium,0,2026-01-19 16:03:52.576 +0200
2878,180,2024-09-22 06:20:00.000 +0300,74,11.6,34,medium,0,2026-01-19 16:03:52.576 +0200
2879,180,2024-09-22 06:25:00.000 +0300,76,11.8,35,medium,0,2026-01-19 16:03:52.576 +0200
2880,180,2024-09-22 06:30:00.000 +0300,78,12.0,36,medium,0,2026-01-19 16:03:52.576 +0200
2881,181,2024-09-22 06:35:00.000 +0300,80,12.2,37,medium,0,2026-01-19 16:03:52.576 +0200
2882,181,2024-09-22 06:40:00.000 +0300,82,12.4,38,medium,0,2026-01-19 16:03:52.576 +0200
2883,181,2024-09-22 06:45:00.000 +0300,84,12.6,39,high,0,2026-01-19 16:03:52.576 +0200
2884,181,2024-09-22 06:00:00.000 +0300,53,8.9,24,low,0,2026-01-19 16:03:52.576 +0200
2885,181,2024-09-22 06:05:00.000 +0300,55,9.1,25,low,0,2026-01-19 16:03:52.576 +0200
2886,181,2024-09-22 06:10:00.000 +0300,57,9.3,26,low,0,2026-01-19 16:03:52.576 +0200
2887,181,2024-09-22 06:15:00.000 +0300,59,9.5,27,medium,0,2026-01-19 16:03:52.576 +0200
2888,181,2024-09-22 06:20:00.000 +0300,61,9.7,28,medium,0,2026-01-19 16:03:52.576 +0200
2889,181,2024-09-22 06:25:00.000 +0300,63,9.9,29,medium,0,2026-01-19 16:03:52.576 +0200
2890,181,2024-09-22 06:30:00.000 +0300,65,10.1,30,medium,0,2026-01-19 16:03:52.576 +0200
2891,181,2024-09-22 06:35:00.000 +0300,67,10.3,31,medium,0,2026-01-19 16:03:52.576 +0200
2892,181,2024-09-22 06:40:00.000 +0300,69,10.5,32,medium,0,2026-01-19 16:03:52.576 +0200
2893,181,2024-09-22 06:45:00.000 +0300,71,10.7,33,high,0,2026-01-19 16:03:52.576 +0200
2894,181,2024-09-22 06:00:00.000 +0300,62,10.4,28,low,0,2026-01-19 16:03:52.576 +0200
2895,181,2024-09-22 06:05:00.000 +0300,64,10.6,29,low,0,2026-01-19 16:03:52.576 +0200
2896,181,2024-09-22 06:10:00.000 +0300,66,10.8,30,low,0,2026-01-19 16:03:52.576 +0200
2897,182,2024-09-22 06:15:00.000 +0300,68,11.0,31,medium,0,2026-01-19 16:03:52.576 +0200
2898,182,2024-09-22 06:20:00.000 +0300,70,11.2,32,medium,0,2026-01-19 16:03:52.576 +0200
2899,182,2024-09-22 06:25:00.000 +0300,72,11.4,33,medium,0,2026-01-19 16:03:52.576 +0200
2900,182,2024-09-22 06:30:00.000 +0300,74,11.6,34,medium,0,2026-01-19 16:03:52.576 +0200
2901,182,2024-09-22 06:35:00.000 +0300,76,11.8,35,medium,0,2026-01-19 16:03:52.576 +0200
2902,182,2024-09-22 06:40:00.000 +0300,78,12.0,36,medium,0,2026-01-19 16:03:52.576 +0200
2903,182,2024-09-22 06:45:00.000 +0300,80,12.2,37,high,0,2026-01-19 16:03:52.576 +0200
2904,182,2024-09-22 06:00:00.000 +0300,51,8.7,23,low,0,2026-01-19 16:03:52.576 +0200
2905,182,2024-09-22 06:05:00.000 +0300,53,8.9,24,low,0,2026-01-19 16:03:52.576 +0200
2906,182,2024-09-22 06:10:00.000 +0300,55,9.1,25,low,0,2026-01-19 16:03:52.576 +0200
2907,182,2024-09-22 06:15:00.000 +0300,57,9.3,26,medium,0,2026-01-19 16:03:52.576 +0200
2908,182,2024-09-22 06:20:00.000 +0300,59,9.5,27,medium,0,2026-01-19 16:03:52.576 +0200
2909,182,2024-09-22 06:25:00.000 +0300,61,9.7,28,medium,0,2026-01-19 16:03:52.576 +0200
2910,182,2024-09-22 06:30:00.000 +0300,63,9.9,29,medium,0,2026-01-19 16:03:52.576 +0200
2911,182,2024-09-22 06:35:00.000 +0300,65,10.1,30,medium,0,2026-01-19 16:03:52.576 +0200
2912,182,2024-09-22 06:40:00.000 +0300,67,10.3,31,medium,0,2026-01-19 16:03:52.576 +0200
2913,183,2024-09-22 06:45:00.000 +0300,69,10.5,32,high,0,2026-01-19 16:03:52.576 +0200
2914,183,2024-09-22 06:00:00.000 +0300,64,10.6,29,low,0,2026-01-19 16:03:52.576 +0200
2915,183,2024-09-22 06:05:00.000 +0300,66,10.8,30,low,0,2026-01-19 16:03:52.576 +0200
2916,183,2024-09-22 06:10:00.000 +0300,68,11.0,31,low,0,2026-01-19 16:03:52.576 +0200
2917,183,2024-09-22 06:15:00.000 +0300,70,11.2,32,medium,0,2026-01-19 16:03:52.576 +0200
2918,183,2024-09-22 06:20:00.000 +0300,72,11.4,33,medium,0,2026-01-19 16:03:52.576 +0200
2919,183,2024-09-22 06:25:00.000 +0300,74,11.6,34,medium,0,2026-01-19 16:03:52.576 +0200
2920,183,2024-09-22 06:30:00.000 +0300,76,11.8,35,medium,0,2026-01-19 16:03:52.576 +0200
2921,183,2024-09-22 06:35:00.000 +0300,78,12.0,36,medium,0,2026-01-19 16:03:52.576 +0200
2922,183,2024-09-22 06:40:00.000 +0300,80,12.2,37,medium,0,2026-01-19 16:03:52.576 +0200
2923,183,2024-09-22 06:45:00.000 +0300,82,12.4,38,high,0,2026-01-19 16:03:52.576 +0200
2924,183,2024-09-22 06:00:00.000 +0300,56,9.4,25,low,0,2026-01-19 16:03:52.576 +0200
2925,183,2024-09-22 06:05:00.000 +0300,58,9.6,26,low,0,2026-01-19 16:03:52.576 +0200
2926,183,2024-09-22 06:10:00.000 +0300,60,9.8,27,low,0,2026-01-19 16:03:52.576 +0200
2927,183,2024-09-22 06:15:00.000 +0300,62,10.0,28,medium,0,2026-01-19 16:03:52.576 +0200
2928,183,2024-09-22 06:20:00.000 +0300,64,10.2,29,medium,0,2026-01-19 16:03:52.576 +0200
2929,184,2024-09-22 06:25:00.000 +0300,66,10.4,30,medium,0,2026-01-19 16:03:52.576 +0200
2930,184,2024-09-22 06:30:00.000 +0300,68,10.6,31,medium,0,2026-01-19 16:03:52.576 +0200
2931,184,2024-09-22 06:35:00.000 +0300,70,10.8,32,medium,0,2026-01-19 16:03:52.576 +0200
2932,184,2024-09-22 06:40:00.000 +0300,72,11.0,33,medium,0,2026-01-19 16:03:52.576 +0200
2933,184,2024-09-22 06:45:00.000 +0300,74,11.2,34,high,0,2026-01-19 16:03:52.576 +0200
2934,184,2024-09-22 07:00:00.000 +0300,72,11.6,34,medium,0,2026-01-19 16:03:52.576 +0200
2935,184,2024-09-22 07:05:00.000 +0300,74,11.8,35,medium,0,2026-01-19 16:03:52.576 +0200
2936,184,2024-09-22 07:10:00.000 +0300,76,12.0,36,medium,0,2026-01-19 16:03:52.576 +0200
2937,184,2024-09-22 07:15:00.000 +0300,78,12.2,37,medium,0,2026-01-19 16:03:52.576 +0200
2938,184,2024-09-22 07:20:00.000 +0300,80,12.4,38,high,0,2026-01-19 16:03:52.576 +0200
2939,184,2024-09-22 07:25:00.000 +0300,82,12.6,39,high,0,2026-01-19 16:03:52.576 +0200
2940,184,2024-09-22 07:30:00.000 +0300,84,12.8,40,high,0,2026-01-19 16:03:52.576 +0200
2941,184,2024-09-22 07:35:00.000 +0300,86,13.0,41,high,0,2026-01-19 16:03:52.576 +0200
2942,184,2024-09-22 07:40:00.000 +0300,88,13.2,42,high,0,2026-01-19 16:03:52.576 +0200
2943,184,2024-09-22 07:45:00.000 +0300,90,13.4,43,high,0,2026-01-19 16:03:52.576 +0200
2944,184,2024-09-22 07:00:00.000 +0300,66,10.8,31,medium,0,2026-01-19 16:03:52.576 +0200
2945,185,2024-09-22 07:05:00.000 +0300,68,11.0,32,medium,0,2026-01-19 16:03:52.576 +0200
2946,185,2024-09-22 07:10:00.000 +0300,70,11.2,33,medium,0,2026-01-19 16:03:52.576 +0200
2947,185,2024-09-22 07:15:00.000 +0300,72,11.4,34,medium,0,2026-01-19 16:03:52.576 +0200
2948,185,2024-09-22 07:20:00.000 +0300,74,11.6,35,high,0,2026-01-19 16:03:52.576 +0200
2949,185,2024-09-22 07:25:00.000 +0300,76,11.8,36,high,0,2026-01-19 16:03:52.576 +0200
2950,185,2024-09-22 07:30:00.000 +0300,78,12.0,37,high,0,2026-01-19 16:03:52.576 +0200
2951,185,2024-09-22 07:35:00.000 +0300,80,12.2,38,high,0,2026-01-19 16:03:52.576 +0200
2952,185,2024-09-22 07:40:00.000 +0300,82,12.4,39,high,0,2026-01-19 16:03:52.576 +0200
2953,185,2024-09-22 07:45:00.000 +0300,84,12.6,40,high,0,2026-01-19 16:03:52.576 +0200
2954,185,2024-09-22 07:00:00.000 +0300,75,12.1,36,medium,0,2026-01-19 16:03:52.576 +0200
2955,185,2024-09-22 07:05:00.000 +0300,77,12.3,37,medium,0,2026-01-19 16:03:52.576 +0200
2956,185,2024-09-22 07:10:00.000 +0300,79,12.5,38,medium,0,2026-01-19 16:03:52.576 +0200
2957,185,2024-09-22 07:15:00.000 +0300,81,12.7,39,medium,0,2026-01-19 16:03:52.576 +0200
2958,185,2024-09-22 07:20:00.000 +0300,83,12.9,40,high,0,2026-01-19 16:03:52.576 +0200
2959,185,2024-09-22 07:25:00.000 +0300,85,13.1,41,high,0,2026-01-19 16:03:52.576 +0200
2960,185,2024-09-22 07:30:00.000 +0300,87,13.3,42,high,0,2026-01-19 16:03:52.576 +0200
2961,186,2024-09-22 07:35:00.000 +0300,89,13.5,43,high,0,2026-01-19 16:03:52.576 +0200
2962,186,2024-09-22 07:40:00.000 +0300,91,13.7,44,high,0,2026-01-19 16:03:52.576 +0200
2963,186,2024-09-22 07:45:00.000 +0300,93,13.9,45,high,0,2026-01-19 16:03:52.576 +0200
2964,186,2024-09-22 07:00:00.000 +0300,62,10.3,29,medium,0,2026-01-19 16:03:52.576 +0200
2965,186,2024-09-22 07:05:00.000 +0300,64,10.5,30,medium,0,2026-01-19 16:03:52.576 +0200
2966,186,2024-09-22 07:10:00.000 +0300,66,10.7,31,medium,0,2026-01-19 16:03:52.576 +0200
2967,186,2024-09-22 07:15:00.000 +0300,68,10.9,32,medium,0,2026-01-19 16:03:52.576 +0200
2968,186,2024-09-22 07:20:00.000 +0300,70,11.1,33,high,0,2026-01-19 16:03:52.576 +0200
2969,186,2024-09-22 07:25:00.000 +0300,72,11.3,34,high,0,2026-01-19 16:03:52.576 +0200
2970,186,2024-09-22 07:30:00.000 +0300,74,11.5,35,high,0,2026-01-19 16:03:52.576 +0200
2971,186,2024-09-22 07:35:00.000 +0300,76,11.7,36,high,0,2026-01-19 16:03:52.576 +0200
2972,186,2024-09-22 07:40:00.000 +0300,78,11.9,37,high,0,2026-01-19 16:03:52.576 +0200
2973,186,2024-09-22 07:45:00.000 +0300,80,12.1,38,high,0,2026-01-19 16:03:52.576 +0200
2974,186,2024-09-22 07:00:00.000 +0300,82,13.0,39,medium,0,2026-01-19 16:03:52.576 +0200
2975,186,2024-09-22 07:05:00.000 +0300,84,13.2,40,medium,0,2026-01-19 16:03:52.576 +0200
2976,186,2024-09-22 07:10:00.000 +0300,86,13.4,41,medium,0,2026-01-19 16:03:52.576 +0200
2977,187,2024-09-22 07:15:00.000 +0300,88,13.6,42,medium,0,2026-01-19 16:03:52.576 +0200
2978,187,2024-09-22 07:20:00.000 +0300,90,13.8,43,high,0,2026-01-19 16:03:52.576 +0200
2979,187,2024-09-22 07:25:00.000 +0300,92,14.0,44,high,0,2026-01-19 16:03:52.576 +0200
2980,187,2024-09-22 07:30:00.000 +0300,94,14.2,45,high,0,2026-01-19 16:03:52.576 +0200
2981,187,2024-09-22 07:35:00.000 +0300,96,14.4,46,high,0,2026-01-19 16:03:52.576 +0200
2982,187,2024-09-22 07:40:00.000 +0300,98,14.6,47,high,0,2026-01-19 16:03:52.576 +0200
2983,187,2024-09-22 07:45:00.000 +0300,100,14.8,48,high,0,2026-01-19 16:03:52.576 +0200
2984,187,2024-09-22 07:00:00.000 +0300,68,11.1,32,medium,0,2026-01-19 16:03:52.576 +0200
2985,187,2024-09-22 07:05:00.000 +0300,70,11.3,33,medium,0,2026-01-19 16:03:52.576 +0200
2986,187,2024-09-22 07:10:00.000 +0300,72,11.5,34,medium,0,2026-01-19 16:03:52.576 +0200
2987,187,2024-09-22 07:15:00.000 +0300,74,11.7,35,medium,0,2026-01-19 16:03:52.576 +0200
2988,187,2024-09-22 07:20:00.000 +0300,76,11.9,36,high,0,2026-01-19 16:03:52.576 +0200
2989,187,2024-09-22 07:25:00.000 +0300,78,12.1,37,high,0,2026-01-19 16:03:52.576 +0200
2990,187,2024-09-22 07:30:00.000 +0300,80,12.3,38,high,0,2026-01-19 16:03:52.576 +0200
2991,187,2024-09-22 07:35:00.000 +0300,82,12.5,39,high,0,2026-01-19 16:03:52.576 +0200
2992,187,2024-09-22 07:40:00.000 +0300,84,12.7,40,high,0,2026-01-19 16:03:52.576 +0200
2993,188,2024-09-22 07:45:00.000 +0300,86,12.9,41,high,0,2026-01-19 16:03:52.576 +0200
2994,188,2024-09-22 07:00:00.000 +0300,79,12.6,37,medium,0,2026-01-19 16:03:52.576 +0200
2995,188,2024-09-22 07:05:00.000 +0300,81,12.8,38,medium,0,2026-01-19 16:03:52.576 +0200
2996,188,2024-09-22 07:10:00.000 +0300,83,13.0,39,medium,0,2026-01-19 16:03:52.576 +0200
2997,188,2024-09-22 07:15:00.000 +0300,85,13.2,40,medium,0,2026-01-19 16:03:52.576 +0200
2998,188,2024-09-22 07:20:00.000 +0300,87,13.4,41,high,0,2026-01-19 16:03:52.576 +0200
2999,188,2024-09-22 07:25:00.000 +0300,89,13.6,42,high,0,2026-01-19 16:03:52.576 +0200
3000,188,2024-09-22 07:30:00.000 +0300,91,13.8,43,high,0,2026-01-19 16:03:52.576 +0200
3001,188,2024-09-22 07:35:00.000 +0300,93,14.0,44,high,0,2026-01-19 16:03:52.576 +0200
3002,188,2024-09-22 07:40:00.000 +0300,95,14.2,45,high,0,2026-01-19 16:03:52.576 +0200
3003,188,2024-09-22 07:45:00.000 +0300,97,14.4,46,high,0,2026-01-19 16:03:52.576 +0200
3004,188,2024-09-22 07:00:00.000 +0300,65,10.6,30,medium,0,2026-01-19 16:03:52.576 +0200
3005,188,2024-09-22 07:05:00.000 +0300,67,10.8,31,medium,0,2026-01-19 16:03:52.576 +0200
3006,188,2024-09-22 07:10:00.000 +0300,69,11.0,32,medium,0,2026-01-19 16:03:52.576 +0200
3007,188,2024-09-22 07:15:00.000 +0300,71,11.2,33,medium,0,2026-01-19 16:03:52.576 +0200
3008,188,2024-09-22 07:20:00.000 +0300,73,11.4,34,high,0,2026-01-19 16:03:52.576 +0200
3009,189,2024-09-22 07:25:00.000 +0300,75,11.6,35,high,0,2026-01-19 16:03:52.576 +0200
3010,189,2024-09-22 07:30:00.000 +0300,77,11.8,36,high,0,2026-01-19 16:03:52.576 +0200
3011,189,2024-09-22 07:35:00.000 +0300,79,12.0,37,high,0,2026-01-19 16:03:52.576 +0200
3012,189,2024-09-22 07:40:00.000 +0300,81,12.2,38,high,0,2026-01-19 16:03:52.576 +0200
3013,189,2024-09-22 07:45:00.000 +0300,83,12.4,39,high,0,2026-01-19 16:03:52.576 +0200
3014,189,2024-09-22 07:00:00.000 +0300,81,12.9,38,medium,0,2026-01-19 16:03:52.576 +0200
3015,189,2024-09-22 07:05:00.000 +0300,83,13.1,39,medium,0,2026-01-19 16:03:52.576 +0200
3016,189,2024-09-22 07:10:00.000 +0300,85,13.3,40,medium,0,2026-01-19 16:03:52.576 +0200
3017,189,2024-09-22 07:15:00.000 +0300,87,13.5,41,medium,0,2026-01-19 16:03:52.576 +0200
3018,189,2024-09-22 07:20:00.000 +0300,89,13.7,42,high,0,2026-01-19 16:03:52.576 +0200
3019,189,2024-09-22 07:25:00.000 +0300,91,13.9,43,high,0,2026-01-19 16:03:52.576 +0200
3020,189,2024-09-22 07:30:00.000 +0300,93,14.1,44,high,0,2026-01-19 16:03:52.576 +0200
3021,189,2024-09-22 07:35:00.000 +0300,95,14.3,45,high,0,2026-01-19 16:03:52.576 +0200
3022,189,2024-09-22 07:40:00.000 +0300,97,14.5,46,high,0,2026-01-19 16:03:52.576 +0200
3023,189,2024-09-22 07:45:00.000 +0300,99,14.7,47,high,0,2026-01-19 16:03:52.576 +0200
3024,189,2024-09-22 07:00:00.000 +0300,70,11.3,33,medium,0,2026-01-19 16:03:52.576 +0200
3025,190,2024-09-22 07:05:00.000 +0300,72,11.5,34,medium,0,2026-01-19 16:03:52.576 +0200
3026,190,2024-09-22 07:10:00.000 +0300,74,11.7,35,medium,0,2026-01-19 16:03:52.576 +0200
3027,190,2024-09-22 07:15:00.000 +0300,76,11.9,36,medium,0,2026-01-19 16:03:52.576 +0200
3028,190,2024-09-22 07:20:00.000 +0300,78,12.1,37,high,0,2026-01-19 16:03:52.576 +0200
3029,190,2024-09-22 07:25:00.000 +0300,80,12.3,38,high,0,2026-01-19 16:03:52.576 +0200
3030,190,2024-09-22 07:30:00.000 +0300,82,12.5,39,high,0,2026-01-19 16:03:52.576 +0200
3031,190,2024-09-22 07:35:00.000 +0300,84,12.7,40,high,0,2026-01-19 16:03:52.576 +0200
3032,190,2024-09-22 07:40:00.000 +0300,86,12.9,41,high,0,2026-01-19 16:03:52.576 +0200
3033,190,2024-09-22 07:45:00.000 +0300,88,13.1,42,high,0,2026-01-19 16:03:52.576 +0200
3034,190,2024-09-22 08:00:00.000 +0300,92,13.6,44,high,0,2026-01-19 16:03:52.576 +0200
3035,190,2024-09-22 08:05:00.000 +0300,94,13.8,45,high,0,2026-01-19 16:03:52.576 +0200
3036,190,2024-09-22 08:10:00.000 +0300,96,14.0,46,high,0,2026-01-19 16:03:52.576 +0200
3037,190,2024-09-22 08:15:00.000 +0300,98,14.2,47,high,0,2026-01-19 16:03:52.576 +0200
3038,190,2024-09-22 08:20:00.000 +0300,100,14.4,48,high,0,2026-01-19 16:03:52.576 +0200
3039,190,2024-09-22 08:25:00.000 +0300,102,14.6,49,high,0,2026-01-19 16:03:52.576 +0200
3040,190,2024-09-22 08:30:00.000 +0300,104,14.8,50,high,0,2026-01-19 16:03:52.576 +0200
3041,191,2024-09-22 08:35:00.000 +0300,106,15.0,51,high,0,2026-01-19 16:03:52.576 +0200
3042,191,2024-09-22 08:40:00.000 +0300,108,15.2,52,high,0,2026-01-19 16:03:52.576 +0200
3043,191,2024-09-22 08:45:00.000 +0300,110,15.4,53,high,0,2026-01-19 16:03:52.576 +0200
3044,191,2024-09-22 08:00:00.000 +0300,85,12.9,41,high,0,2026-01-19 16:03:52.576 +0200
3045,191,2024-09-22 08:05:00.000 +0300,87,13.1,42,high,0,2026-01-19 16:03:52.576 +0200
3046,191,2024-09-22 08:10:00.000 +0300,89,13.3,43,high,0,2026-01-19 16:03:52.576 +0200
3047,191,2024-09-22 08:15:00.000 +0300,91,13.5,44,high,0,2026-01-19 16:03:52.576 +0200
3048,191,2024-09-22 08:20:00.000 +0300,93,13.7,45,high,0,2026-01-19 16:03:52.576 +0200
3049,191,2024-09-22 08:25:00.000 +0300,95,13.9,46,high,0,2026-01-19 16:03:52.576 +0200
3050,191,2024-09-22 08:30:00.000 +0300,97,14.1,47,high,0,2026-01-19 16:03:52.576 +0200
3051,191,2024-09-22 08:35:00.000 +0300,99,14.3,48,high,0,2026-01-19 16:03:52.576 +0200
3052,191,2024-09-22 08:40:00.000 +0300,101,14.5,49,high,0,2026-01-19 16:03:52.576 +0200
3053,191,2024-09-22 08:45:00.000 +0300,103,14.7,50,high,0,2026-01-19 16:03:52.576 +0200
3054,191,2024-09-22 08:00:00.000 +0300,88,13.2,42,high,0,2026-01-19 16:03:52.576 +0200
3055,191,2024-09-22 08:05:00.000 +0300,90,13.4,43,high,0,2026-01-19 16:03:52.576 +0200
3056,191,2024-09-22 08:10:00.000 +0300,92,13.6,44,high,0,2026-01-19 16:03:52.576 +0200
3057,192,2024-09-22 08:15:00.000 +0300,94,13.8,45,high,0,2026-01-19 16:03:52.576 +0200
3058,192,2024-09-22 08:20:00.000 +0300,96,14.0,46,high,0,2026-01-19 16:03:52.576 +0200
3059,192,2024-09-22 08:25:00.000 +0300,98,14.2,47,high,0,2026-01-19 16:03:52.576 +0200
3060,192,2024-09-22 08:30:00.000 +0300,100,14.4,48,high,0,2026-01-19 16:03:52.576 +0200
3061,192,2024-09-22 08:35:00.000 +0300,102,14.6,49,high,0,2026-01-19 16:03:52.576 +0200
3062,192,2024-09-22 08:40:00.000 +0300,104,14.8,50,high,0,2026-01-19 16:03:52.576 +0200
3063,192,2024-09-22 08:45:00.000 +0300,106,15.0,51,high,0,2026-01-19 16:03:52.576 +0200
3064,192,2024-09-22 08:00:00.000 +0300,80,12.3,38,high,0,2026-01-19 16:03:52.576 +0200
3065,192,2024-09-22 08:05:00.000 +0300,82,12.5,39,high,0,2026-01-19 16:03:52.576 +0200
3066,192,2024-09-22 08:10:00.000 +0300,84,12.7,40,high,0,2026-01-19 16:03:52.576 +0200
3067,192,2024-09-22 08:15:00.000 +0300,86,12.9,41,high,0,2026-01-19 16:03:52.576 +0200
3068,192,2024-09-22 08:20:00.000 +0300,88,13.1,42,high,0,2026-01-19 16:03:52.576 +0200
3069,192,2024-09-22 08:25:00.000 +0300,90,13.3,43,high,0,2026-01-19 16:03:52.576 +0200
3070,192,2024-09-22 08:30:00.000 +0300,92,13.5,44,high,0,2026-01-19 16:03:52.576 +0200
3071,192,2024-09-22 08:35:00.000 +0300,94,13.7,45,high,0,2026-01-19 16:03:52.576 +0200
3072,192,2024-09-22 08:40:00.000 +0300,96,13.9,46,high,0,2026-01-19 16:03:52.576 +0200
3073,193,2024-09-22 08:45:00.000 +0300,98,14.1,47,high,0,2026-01-19 16:03:52.576 +0200
3074,193,2024-09-22 08:00:00.000 +0300,95,14.1,46,high,0,2026-01-19 16:03:52.576 +0200
3075,193,2024-09-22 08:05:00.000 +0300,97,14.3,47,high,0,2026-01-19 16:03:52.576 +0200
3076,193,2024-09-22 08:10:00.000 +0300,99,14.5,48,high,0,2026-01-19 16:03:52.576 +0200
3077,193,2024-09-22 08:15:00.000 +0300,101,14.7,49,high,0,2026-01-19 16:03:52.576 +0200
3078,193,2024-09-22 08:20:00.000 +0300,103,14.9,50,high,0,2026-01-19 16:03:52.576 +0200
3079,193,2024-09-22 08:25:00.000 +0300,105,15.1,51,high,0,2026-01-19 16:03:52.576 +0200
3080,193,2024-09-22 08:30:00.000 +0300,107,15.3,52,high,0,2026-01-19 16:03:52.576 +0200
3081,193,2024-09-22 08:35:00.000 +0300,109,15.5,53,high,0,2026-01-19 16:03:52.576 +0200
3082,193,2024-09-22 08:40:00.000 +0300,111,15.7,54,high,0,2026-01-19 16:03:52.576 +0200
3083,193,2024-09-22 08:45:00.000 +0300,113,15.9,55,high,0,2026-01-19 16:03:52.576 +0200
3084,193,2024-09-22 08:00:00.000 +0300,83,12.7,40,high,0,2026-01-19 16:03:52.576 +0200
3085,193,2024-09-22 08:05:00.000 +0300,85,12.9,41,high,0,2026-01-19 16:03:52.576 +0200
3086,193,2024-09-22 08:10:00.000 +0300,87,13.1,42,high,0,2026-01-19 16:03:52.576 +0200
3087,193,2024-09-22 08:15:00.000 +0300,89,13.3,43,high,0,2026-01-19 16:03:52.576 +0200
3088,193,2024-09-22 08:20:00.000 +0300,91,13.5,44,high,0,2026-01-19 16:03:52.576 +0200
3089,194,2024-09-22 08:25:00.000 +0300,93,13.7,45,high,0,2026-01-19 16:03:52.576 +0200
3090,194,2024-09-22 08:30:00.000 +0300,95,13.9,46,high,0,2026-01-19 16:03:52.576 +0200
3091,194,2024-09-22 08:35:00.000 +0300,97,14.1,47,high,0,2026-01-19 16:03:52.576 +0200
3092,194,2024-09-22 08:40:00.000 +0300,99,14.3,48,high,0,2026-01-19 16:03:52.576 +0200
3093,194,2024-09-22 08:45:00.000 +0300,101,14.5,49,high,0,2026-01-19 16:03:52.576 +0200
3094,194,2024-09-22 08:00:00.000 +0300,90,13.5,43,high,0,2026-01-19 16:03:52.576 +0200
3095,194,2024-09-22 08:05:00.000 +0300,92,13.7,44,high,0,2026-01-19 16:03:52.576 +0200
3096,194,2024-09-22 08:10:00.000 +0300,94,13.9,45,high,0,2026-01-19 16:03:52.576 +0200
3097,194,2024-09-22 08:15:00.000 +0300,96,14.1,46,high,0,2026-01-19 16:03:52.576 +0200
3098,194,2024-09-22 08:20:00.000 +0300,98,14.3,47,high,0,2026-01-19 16:03:52.576 +0200
3099,194,2024-09-22 08:25:00.000 +0300,100,14.5,48,high,0,2026-01-19 16:03:52.576 +0200
3100,194,2024-09-22 08:30:00.000 +0300,102,14.7,49,high,0,2026-01-19 16:03:52.576 +0200
3101,194,2024-09-22 08:35:00.000 +0300,104,14.9,50,high,0,2026-01-19 16:03:52.576 +0200
3102,194,2024-09-22 08:40:00.000 +0300,106,15.1,51,high,0,2026-01-19 16:03:52.576 +0200
3103,194,2024-09-22 08:45:00.000 +0300,108,15.3,52,high,0,2026-01-19 16:03:52.576 +0200
3104,194,2024-09-22 08:00:00.000 +0300,78,12.0,37,high,0,2026-01-19 16:03:52.576 +0200
3105,195,2024-09-22 08:05:00.000 +0300,80,12.2,38,high,0,2026-01-19 16:03:52.576 +0200
3106,195,2024-09-22 08:10:00.000 +0300,82,12.4,39,high,0,2026-01-19 16:03:52.576 +0200
3107,195,2024-09-22 08:15:00.000 +0300,84,12.6,40,high,0,2026-01-19 16:03:52.576 +0200
3108,195,2024-09-22 08:20:00.000 +0300,86,12.8,41,high,0,2026-01-19 16:03:52.576 +0200
3109,195,2024-09-22 08:25:00.000 +0300,88,13.0,42,high,0,2026-01-19 16:03:52.576 +0200
3110,195,2024-09-22 08:30:00.000 +0300,90,13.2,43,high,0,2026-01-19 16:03:52.576 +0200
3111,195,2024-09-22 08:35:00.000 +0300,92,13.4,44,high,0,2026-01-19 16:03:52.576 +0200
3112,195,2024-09-22 08:40:00.000 +0300,94,13.6,45,high,0,2026-01-19 16:03:52.576 +0200
3113,195,2024-09-22 08:45:00.000 +0300,96,13.8,46,high,0,2026-01-19 16:03:52.576 +0200
3114,195,2024-09-22 08:00:00.000 +0300,87,13.0,41,high,0,2026-01-19 16:03:52.576 +0200
3115,195,2024-09-22 08:05:00.000 +0300,89,13.2,42,high,0,2026-01-19 16:03:52.576 +0200
3116,195,2024-09-22 08:10:00.000 +0300,91,13.4,43,high,0,2026-01-19 16:03:52.576 +0200
3117,195,2024-09-22 08:15:00.000 +0300,93,13.6,44,high,0,2026-01-19 16:03:52.576 +0200
3118,195,2024-09-22 08:20:00.000 +0300,95,13.8,45,high,0,2026-01-19 16:03:52.576 +0200
3119,195,2024-09-22 08:25:00.000 +0300,97,14.0,46,high,0,2026-01-19 16:03:52.576 +0200
3120,195,2024-09-22 08:30:00.000 +0300,99,14.2,47,high,0,2026-01-19 16:03:52.576 +0200
3121,196,2024-09-22 08:35:00.000 +0300,101,14.4,48,high,0,2026-01-19 16:03:52.576 +0200
3122,196,2024-09-22 08:40:00.000 +0300,103,14.6,49,high,0,2026-01-19 16:03:52.576 +0200
3123,196,2024-09-22 08:45:00.000 +0300,105,14.8,50,high,0,2026-01-19 16:03:52.576 +0200
3124,196,2024-09-22 08:00:00.000 +0300,84,12.8,40,high,0,2026-01-19 16:03:52.576 +0200
3125,196,2024-09-22 08:05:00.000 +0300,86,13.0,41,high,0,2026-01-19 16:03:52.576 +0200
3126,196,2024-09-22 08:10:00.000 +0300,88,13.2,42,high,0,2026-01-19 16:03:52.576 +0200
3127,196,2024-09-22 08:15:00.000 +0300,90,13.4,43,high,0,2026-01-19 16:03:52.576 +0200
3128,196,2024-09-22 08:20:00.000 +0300,92,13.6,44,high,0,2026-01-19 16:03:52.576 +0200
3129,196,2024-09-22 08:25:00.000 +0300,94,13.8,45,high,0,2026-01-19 16:03:52.576 +0200
3130,196,2024-09-22 08:30:00.000 +0300,96,14.0,46,high,0,2026-01-19 16:03:52.576 +0200
3131,196,2024-09-22 08:35:00.000 +0300,98,14.2,47,high,0,2026-01-19 16:03:52.576 +0200
3132,196,2024-09-22 08:40:00.000 +0300,100,14.4,48,high,0,2026-01-19 16:03:52.576 +0200
3133,196,2024-09-22 08:45:00.000 +0300,102,14.6,49,high,0,2026-01-19 16:03:52.576 +0200
3134,196,2024-09-22 09:00:00.000 +0300,108,15.3,52,high,0,2026-01-19 16:03:52.576 +0200
3135,196,2024-09-22 09:05:00.000 +0300,110,15.5,53,high,0,2026-01-19 16:03:52.576 +0200
3136,196,2024-09-22 09:10:00.000 +0300,112,15.7,54,high,0,2026-01-19 16:03:52.576 +0200
3137,197,2024-09-22 09:15:00.000 +0300,114,15.9,55,high,0,2026-01-19 16:03:52.576 +0200
3138,197,2024-09-22 09:20:00.000 +0300,116,16.1,56,high,0,2026-01-19 16:03:52.576 +0200
3139,197,2024-09-22 09:25:00.000 +0300,118,16.3,57,high,0,2026-01-19 16:03:52.576 +0200
3140,197,2024-09-22 09:30:00.000 +0300,120,16.5,58,high,0,2026-01-19 16:03:52.576 +0200
3141,197,2024-09-22 09:35:00.000 +0300,122,16.7,59,high,0,2026-01-19 16:03:52.576 +0200
3142,197,2024-09-22 09:40:00.000 +0300,124,16.9,60,high,0,2026-01-19 16:03:52.576 +0200
3143,197,2024-09-22 09:45:00.000 +0300,126,17.1,61,high,0,2026-01-19 16:03:52.576 +0200
3144,197,2024-09-22 09:00:00.000 +0300,98,14.2,48,high,0,2026-01-19 16:03:52.576 +0200
3145,197,2024-09-22 09:05:00.000 +0300,100,14.4,49,high,0,2026-01-19 16:03:52.576 +0200
3146,197,2024-09-22 09:10:00.000 +0300,102,14.6,50,high,0,2026-01-19 16:03:52.576 +0200
3147,197,2024-09-22 09:15:00.000 +0300,104,14.8,51,high,0,2026-01-19 16:03:52.576 +0200
3148,197,2024-09-22 09:20:00.000 +0300,106,15.0,52,high,0,2026-01-19 16:03:52.576 +0200
3149,197,2024-09-22 09:25:00.000 +0300,108,15.2,53,high,0,2026-01-19 16:03:52.576 +0200
3150,197,2024-09-22 09:30:00.000 +0300,110,15.4,54,high,0,2026-01-19 16:03:52.576 +0200
3151,197,2024-09-22 09:35:00.000 +0300,112,15.6,55,high,0,2026-01-19 16:03:52.576 +0200
3152,197,2024-09-22 09:40:00.000 +0300,114,15.8,56,high,0,2026-01-19 16:03:52.576 +0200
3153,198,2024-09-22 09:45:00.000 +0300,116,16.0,57,high,0,2026-01-19 16:03:52.576 +0200
3154,198,2024-09-22 09:00:00.000 +0300,102,14.7,50,high,0,2026-01-19 16:03:52.576 +0200
3155,198,2024-09-22 09:05:00.000 +0300,104,14.9,51,high,0,2026-01-19 16:03:52.576 +0200
3156,198,2024-09-22 09:10:00.000 +0300,106,15.1,52,high,0,2026-01-19 16:03:52.576 +0200
3157,198,2024-09-22 09:15:00.000 +0300,108,15.3,53,high,0,2026-01-19 16:03:52.576 +0200
3158,198,2024-09-22 09:20:00.000 +0300,110,15.5,54,high,0,2026-01-19 16:03:52.576 +0200
3159,198,2024-09-22 09:25:00.000 +0300,112,15.7,55,high,0,2026-01-19 16:03:52.576 +0200
3160,198,2024-09-22 09:30:00.000 +0300,114,15.9,56,high,0,2026-01-19 16:03:52.576 +0200
3161,198,2024-09-22 09:35:00.000 +0300,116,16.1,57,high,0,2026-01-19 16:03:52.576 +0200
3162,198,2024-09-22 09:40:00.000 +0300,118,16.3,58,high,0,2026-01-19 16:03:52.576 +0200
3163,198,2024-09-22 09:45:00.000 +0300,120,16.5,59,high,0,2026-01-19 16:03:52.576 +0200
3164,198,2024-09-22 09:00:00.000 +0300,94,13.8,46,high,0,2026-01-19 16:03:52.576 +0200
3165,198,2024-09-22 09:05:00.000 +0300,96,14.0,47,high,0,2026-01-19 16:03:52.576 +0200
3166,198,2024-09-22 09:10:00.000 +0300,98,14.2,48,high,0,2026-01-19 16:03:52.576 +0200
3167,198,2024-09-22 09:15:00.000 +0300,100,14.4,49,high,0,2026-01-19 16:03:52.576 +0200
3168,198,2024-09-22 09:20:00.000 +0300,102,14.6,50,high,0,2026-01-19 16:03:52.576 +0200
3169,199,2024-09-22 09:25:00.000 +0300,104,14.8,51,high,0,2026-01-19 16:03:52.576 +0200
3170,199,2024-09-22 09:30:00.000 +0300,106,15.0,52,high,0,2026-01-19 16:03:52.576 +0200
3171,199,2024-09-22 09:35:00.000 +0300,108,15.2,53,high,0,2026-01-19 16:03:52.576 +0200
3172,199,2024-09-22 09:40:00.000 +0300,110,15.4,54,high,0,2026-01-19 16:03:52.576 +0200
3173,199,2024-09-22 09:45:00.000 +0300,112,15.6,55,high,0,2026-01-19 16:03:52.576 +0200
3174,199,2024-09-22 09:00:00.000 +0300,115,16.0,55,high,0,2026-01-19 16:03:52.576 +0200
3175,199,2024-09-22 09:05:00.000 +0300,117,16.2,56,high,0,2026-01-19 16:03:52.576 +0200
3176,199,2024-09-22 09:10:00.000 +0300,119,16.4,57,high,0,2026-01-19 16:03:52.576 +0200
3177,199,2024-09-22 09:15:00.000 +0300,121,16.6,58,high,0,2026-01-19 16:03:52.576 +0200
3178,199,2024-09-22 09:20:00.000 +0300,123,16.8,59,high,0,2026-01-19 16:03:52.576 +0200
3179,199,2024-09-22 09:25:00.000 +0300,125,17.0,60,high,0,2026-01-19 16:03:52.576 +0200
3180,199,2024-09-22 09:30:00.000 +0300,127,17.2,61,high,0,2026-01-19 16:03:52.576 +0200
3181,199,2024-09-22 09:35:00.000 +0300,129,17.4,62,high,0,2026-01-19 16:03:52.576 +0200
3182,199,2024-09-22 09:40:00.000 +0300,131,17.6,63,high,0,2026-01-19 16:03:52.576 +0200
3183,199,2024-09-22 09:45:00.000 +0300,133,17.8,64,high,0,2026-01-19 16:03:52.576 +0200
3184,199,2024-09-22 09:00:00.000 +0300,99,14.5,49,high,0,2026-01-19 16:03:52.576 +0200
3185,200,2024-09-22 09:05:00.000 +0300,101,14.7,50,high,0,2026-01-19 16:03:52.576 +0200
3186,200,2024-09-22 09:10:00.000 +0300,103,14.9,51,high,0,2026-01-19 16:03:52.576 +0200
3187,200,2024-09-22 09:15:00.000 +0300,105,15.1,52,high,0,2026-01-19 16:03:52.576 +0200
3188,200,2024-09-22 09:20:00.000 +0300,107,15.3,53,high,0,2026-01-19 16:03:52.576 +0200
3189,200,2024-09-22 09:25:00.000 +0300,109,15.5,54,high,0,2026-01-19 16:03:52.576 +0200
3190,200,2024-09-22 09:30:00.000 +0300,111,15.7,55,high,0,2026-01-19 16:03:52.576 +0200
3191,200,2024-09-22 09:35:00.000 +0300,113,15.9,56,high,0,2026-01-19 16:03:52.576 +0200
3192,200,2024-09-22 09:40:00.000 +0300,115,16.1,57,high,0,2026-01-19 16:03:52.576 +0200
3193,200,2024-09-22 09:45:00.000 +0300,117,16.3,58,high,0,2026-01-19 16:03:52.576 +0200
3194,200,2024-09-22 09:00:00.000 +0300,107,15.2,52,high,0,2026-01-19 16:03:52.576 +0200
3195,200,2024-09-22 09:05:00.000 +0300,109,15.4,53,high,0,2026-01-19 16:03:52.576 +0200
3196,200,2024-09-22 09:10:00.000 +0300,111,15.6,54,high,0,2026-01-19 16:03:52.576 +0200
3197,200,2024-09-22 09:15:00.000 +0300,113,15.8,55,high,0,2026-01-19 16:03:52.576 +0200
3198,200,2024-09-22 09:20:00.000 +0300,115,16.0,56,high,0,2026-01-19 16:03:52.576 +0200
3199,200,2024-09-22 09:25:00.000 +0300,117,16.2,57,high,0,2026-01-19 16:03:52.576 +0200
3200,200,2024-09-22 09:30:00.000 +0300,119,16.4,58,high,0,2026-01-19 16:03:52.576 +0200
3201,201,2024-09-22 09:35:00.000 +0300,121,16.6,59,high,0,2026-01-19 16:03:52.576 +0200
3202,201,2024-09-22 09:40:00.000 +0300,123,16.8,60,high,0,2026-01-19 16:03:52.576 +0200
3203,201,2024-09-22 09:45:00.000 +0300,125,17.0,61,high,0,2026-01-19 16:03:52.576 +0200
3204,201,2024-09-22 09:00:00.000 +0300,96,14.1,47,high,0,2026-01-19 16:03:52.576 +0200
3205,201,2024-09-22 09:05:00.000 +0300,98,14.3,48,high,0,2026-01-19 16:03:52.576 +0200
3206,201,2024-09-22 09:10:00.000 +0300,100,14.5,49,high,0,2026-01-19 16:03:52.576 +0200
3207,201,2024-09-22 09:15:00.000 +0300,102,14.7,50,high,0,2026-01-19 16:03:52.576 +0200
3208,201,2024-09-22 09:20:00.000 +0300,104,14.9,51,high,0,2026-01-19 16:03:52.576 +0200
3209,201,2024-09-22 09:25:00.000 +0300,106,15.1,52,high,0,2026-01-19 16:03:52.576 +0200
3210,201,2024-09-22 09:30:00.000 +0300,108,15.3,53,high,0,2026-01-19 16:03:52.576 +0200
3211,201,2024-09-22 09:35:00.000 +0300,110,15.5,54,high,0,2026-01-19 16:03:52.576 +0200
3212,201,2024-09-22 09:40:00.000 +0300,112,15.7,55,high,0,2026-01-19 16:03:52.576 +0200
3213,201,2024-09-22 09:45:00.000 +0300,114,15.9,56,high,0,2026-01-19 16:03:52.576 +0200
3214,201,2024-09-22 09:00:00.000 +0300,104,14.9,51,high,0,2026-01-19 16:03:52.576 +0200
3215,201,2024-09-22 09:05:00.000 +0300,106,15.1,52,high,0,2026-01-19 16:03:52.576 +0200
3216,201,2024-09-22 09:10:00.000 +0300,108,15.3,53,high,0,2026-01-19 16:03:52.576 +0200
3217,202,2024-09-22 09:15:00.000 +0300,110,15.5,54,high,0,2026-01-19 16:03:52.576 +0200
3218,202,2024-09-22 09:20:00.000 +0300,112,15.7,55,high,0,2026-01-19 16:03:52.576 +0200
3219,202,2024-09-22 09:25:00.000 +0300,114,15.9,56,high,0,2026-01-19 16:03:52.576 +0200
3220,202,2024-09-22 09:30:00.000 +0300,116,16.1,57,high,0,2026-01-19 16:03:52.576 +0200
3221,202,2024-09-22 09:35:00.000 +0300,118,16.3,58,high,0,2026-01-19 16:03:52.576 +0200
3222,202,2024-09-22 09:40:00.000 +0300,120,16.5,59,high,0,2026-01-19 16:03:52.576 +0200
3223,202,2024-09-22 09:45:00.000 +0300,122,16.7,60,high,0,2026-01-19 16:03:52.576 +0200
3224,202,2024-09-22 09:00:00.000 +0300,100,14.6,49,high,0,2026-01-19 16:03:52.576 +0200
3225,202,2024-09-22 09:05:00.000 +0300,102,14.8,50,high,0,2026-01-19 16:03:52.576 +0200
3226,202,2024-09-22 09:10:00.000 +0300,104,15.0,51,high,0,2026-01-19 16:03:52.576 +0200
3227,202,2024-09-22 09:15:00.000 +0300,106,15.2,52,high,0,2026-01-19 16:03:52.576 +0200
3228,202,2024-09-22 09:20:00.000 +0300,108,15.4,53,high,0,2026-01-19 16:03:52.576 +0200
3229,202,2024-09-22 09:25:00.000 +0300,110,15.6,54,high,0,2026-01-19 16:03:52.576 +0200
3230,202,2024-09-22 09:30:00.000 +0300,112,15.8,55,high,0,2026-01-19 16:03:52.576 +0200
3231,202,2024-09-22 09:35:00.000 +0300,114,16.0,56,high,0,2026-01-19 16:03:52.576 +0200
3232,202,2024-09-22 09:40:00.000 +0300,116,16.2,57,high,0,2026-01-19 16:03:52.576 +0200
3233,203,2024-09-22 09:45:00.000 +0300,118,16.4,58,high,0,2026-01-19 16:03:52.576 +0200
3234,203,2024-09-22 10:00:00.000 +0300,112,16.8,54,high,0,2026-01-19 16:03:52.576 +0200
3235,203,2024-09-22 10:05:00.000 +0300,114,17.0,55,high,0,2026-01-19 16:03:52.576 +0200
3236,203,2024-09-22 10:10:00.000 +0300,116,17.2,56,high,0,2026-01-19 16:03:52.576 +0200
3237,203,2024-09-22 10:15:00.000 +0300,118,17.4,57,high,0,2026-01-19 16:03:52.576 +0200
3238,203,2024-09-22 10:20:00.000 +0300,120,17.6,58,high,0,2026-01-19 16:03:52.576 +0200
3239,203,2024-09-22 10:25:00.000 +0300,122,17.8,59,high,0,2026-01-19 16:03:52.576 +0200
3240,203,2024-09-22 10:30:00.000 +0300,124,18.0,60,high,0,2026-01-19 16:03:52.576 +0200
3241,203,2024-09-22 10:35:00.000 +0300,126,18.2,61,high,0,2026-01-19 16:03:52.576 +0200
3242,203,2024-09-22 10:40:00.000 +0300,128,18.4,62,high,0,2026-01-19 16:03:52.576 +0200
3243,203,2024-09-22 10:45:00.000 +0300,130,18.6,63,high,0,2026-01-19 16:03:52.576 +0200
3244,203,2024-09-22 10:00:00.000 +0300,95,14.9,46,high,0,2026-01-19 16:03:52.576 +0200
3245,203,2024-09-22 10:05:00.000 +0300,97,15.1,47,high,0,2026-01-19 16:03:52.576 +0200
3246,203,2024-09-22 10:10:00.000 +0300,99,15.3,48,high,0,2026-01-19 16:03:52.576 +0200
3247,203,2024-09-22 10:15:00.000 +0300,101,15.5,49,high,0,2026-01-19 16:03:52.576 +0200
3248,203,2024-09-22 10:20:00.000 +0300,103,15.7,50,high,0,2026-01-19 16:03:52.576 +0200
3249,204,2024-09-22 10:25:00.000 +0300,105,15.9,51,high,0,2026-01-19 16:03:52.576 +0200
3250,204,2024-09-22 10:30:00.000 +0300,107,16.1,52,high,0,2026-01-19 16:03:52.576 +0200
3251,204,2024-09-22 10:35:00.000 +0300,109,16.3,53,high,0,2026-01-19 16:03:52.576 +0200
3252,204,2024-09-22 10:40:00.000 +0300,111,16.5,54,high,0,2026-01-19 16:03:52.576 +0200
3253,204,2024-09-22 10:45:00.000 +0300,113,16.7,55,high,0,2026-01-19 16:03:52.576 +0200
3254,204,2024-09-22 10:00:00.000 +0300,102,15.6,49,high,0,2026-01-19 16:03:52.576 +0200
3255,204,2024-09-22 10:05:00.000 +0300,104,15.8,50,high,0,2026-01-19 16:03:52.576 +0200
3256,204,2024-09-22 10:10:00.000 +0300,106,16.0,51,high,0,2026-01-19 16:03:52.576 +0200
3257,204,2024-09-22 10:15:00.000 +0300,108,16.2,52,high,0,2026-01-19 16:03:52.576 +0200
3258,204,2024-09-22 10:20:00.000 +0300,110,16.4,53,high,0,2026-01-19 16:03:52.576 +0200
3259,204,2024-09-22 10:25:00.000 +0300,112,16.6,54,high,0,2026-01-19 16:03:52.576 +0200
3260,204,2024-09-22 10:30:00.000 +0300,114,16.8,55,high,0,2026-01-19 16:03:52.576 +0200
3261,204,2024-09-22 10:35:00.000 +0300,116,17.0,56,high,0,2026-01-19 16:03:52.576 +0200
3262,204,2024-09-22 10:40:00.000 +0300,118,17.2,57,high,0,2026-01-19 16:03:52.576 +0200
3263,204,2024-09-22 10:45:00.000 +0300,120,17.4,58,high,0,2026-01-19 16:03:52.576 +0200
3264,204,2024-09-22 10:00:00.000 +0300,88,14.2,43,medium,0,2026-01-19 16:03:52.576 +0200
3265,205,2024-09-22 10:05:00.000 +0300,90,14.4,44,medium,0,2026-01-19 16:03:52.576 +0200
3266,205,2024-09-22 10:10:00.000 +0300,92,14.6,45,medium,0,2026-01-19 16:03:52.576 +0200
3267,205,2024-09-22 10:15:00.000 +0300,94,14.8,46,high,0,2026-01-19 16:03:52.576 +0200
3268,205,2024-09-22 10:20:00.000 +0300,96,15.0,47,high,0,2026-01-19 16:03:52.576 +0200
3269,205,2024-09-22 10:25:00.000 +0300,98,15.2,48,high,0,2026-01-19 16:03:52.576 +0200
3270,205,2024-09-22 10:30:00.000 +0300,100,15.4,49,high,0,2026-01-19 16:03:52.576 +0200
3271,205,2024-09-22 10:35:00.000 +0300,102,15.6,50,high,0,2026-01-19 16:03:52.576 +0200
3272,205,2024-09-22 10:40:00.000 +0300,104,15.8,51,high,0,2026-01-19 16:03:52.576 +0200
3273,205,2024-09-22 10:45:00.000 +0300,106,16.0,52,high,0,2026-01-19 16:03:52.576 +0200
3274,205,2024-09-22 10:00:00.000 +0300,118,17.9,58,high,0,2026-01-19 16:03:52.576 +0200
3275,205,2024-09-22 10:05:00.000 +0300,120,18.1,59,high,0,2026-01-19 16:03:52.576 +0200
3276,205,2024-09-22 10:10:00.000 +0300,122,18.3,60,high,0,2026-01-19 16:03:52.576 +0200
3277,205,2024-09-22 10:15:00.000 +0300,124,18.5,61,high,0,2026-01-19 16:03:52.576 +0200
3278,205,2024-09-22 10:20:00.000 +0300,126,18.7,62,high,0,2026-01-19 16:03:52.576 +0200
3279,205,2024-09-22 10:25:00.000 +0300,128,18.9,63,high,0,2026-01-19 16:03:52.576 +0200
3280,205,2024-09-22 10:30:00.000 +0300,130,19.1,64,high,0,2026-01-19 16:03:52.576 +0200
3281,206,2024-09-22 10:35:00.000 +0300,132,19.3,65,high,0,2026-01-19 16:03:52.576 +0200
3282,206,2024-09-22 10:40:00.000 +0300,134,19.5,66,high,0,2026-01-19 16:03:52.576 +0200
3283,206,2024-09-22 10:45:00.000 +0300,136,19.7,67,high,0,2026-01-19 16:03:52.576 +0200
3284,206,2024-09-22 10:00:00.000 +0300,92,14.6,45,medium,0,2026-01-19 16:03:52.576 +0200
3285,206,2024-09-22 10:05:00.000 +0300,94,14.8,46,medium,0,2026-01-19 16:03:52.576 +0200
3286,206,2024-09-22 10:10:00.000 +0300,96,15.0,47,high,0,2026-01-19 16:03:52.576 +0200
3287,206,2024-09-22 10:15:00.000 +0300,98,15.2,48,high,0,2026-01-19 16:03:52.576 +0200
3288,206,2024-09-22 10:20:00.000 +0300,100,15.4,49,high,0,2026-01-19 16:03:52.576 +0200
3289,206,2024-09-22 10:25:00.000 +0300,102,15.6,50,high,0,2026-01-19 16:03:52.576 +0200
3290,206,2024-09-22 10:30:00.000 +0300,104,15.8,51,high,0,2026-01-19 16:03:52.576 +0200
3291,206,2024-09-22 10:35:00.000 +0300,106,16.0,52,high,0,2026-01-19 16:03:52.576 +0200
3292,206,2024-09-22 10:40:00.000 +0300,108,16.2,53,high,0,2026-01-19 16:03:52.576 +0200
3293,206,2024-09-22 10:45:00.000 +0300,110,16.4,54,high,0,2026-01-19 16:03:52.576 +0200
3294,206,2024-09-22 10:00:00.000 +0300,105,16.2,51,high,0,2026-01-19 16:03:52.576 +0200
3295,206,2024-09-22 10:05:00.000 +0300,107,16.4,52,high,0,2026-01-19 16:03:52.576 +0200
3296,206,2024-09-22 10:10:00.000 +0300,109,16.6,53,high,0,2026-01-19 16:03:52.576 +0200
3297,207,2024-09-22 10:15:00.000 +0300,111,16.8,54,high,0,2026-01-19 16:03:52.576 +0200
3298,207,2024-09-22 10:20:00.000 +0300,113,17.0,55,high,0,2026-01-19 16:03:52.576 +0200
3299,207,2024-09-22 10:25:00.000 +0300,115,17.2,56,high,0,2026-01-19 16:03:52.576 +0200
3300,207,2024-09-22 10:30:00.000 +0300,117,17.4,57,high,0,2026-01-19 16:03:52.576 +0200
3301,207,2024-09-22 10:35:00.000 +0300,119,17.6,58,high,0,2026-01-19 16:03:52.576 +0200
3302,207,2024-09-22 10:40:00.000 +0300,121,17.8,59,high,0,2026-01-19 16:03:52.576 +0200
3303,207,2024-09-22 10:45:00.000 +0300,123,18.0,60,high,0,2026-01-19 16:03:52.576 +0200
3304,207,2024-09-22 10:00:00.000 +0300,86,13.9,42,medium,0,2026-01-19 16:03:52.576 +0200
3305,207,2024-09-22 10:05:00.000 +0300,88,14.1,43,medium,0,2026-01-19 16:03:52.576 +0200
3306,207,2024-09-22 10:10:00.000 +0300,90,14.3,44,medium,0,2026-01-19 16:03:52.576 +0200
3307,207,2024-09-22 10:15:00.000 +0300,92,14.5,45,high,0,2026-01-19 16:03:52.576 +0200
3308,207,2024-09-22 10:20:00.000 +0300,94,14.7,46,high,0,2026-01-19 16:03:52.576 +0200
3309,207,2024-09-22 10:25:00.000 +0300,96,14.9,47,high,0,2026-01-19 16:03:52.576 +0200
3310,207,2024-09-22 10:30:00.000 +0300,98,15.1,48,high,0,2026-01-19 16:03:52.576 +0200
3311,207,2024-09-22 10:35:00.000 +0300,100,15.3,49,high,0,2026-01-19 16:03:52.576 +0200
3312,207,2024-09-22 10:40:00.000 +0300,102,15.5,50,high,0,2026-01-19 16:03:52.576 +0200
3313,208,2024-09-22 10:45:00.000 +0300,104,15.7,51,high,0,2026-01-19 16:03:52.576 +0200
3314,208,2024-09-22 10:00:00.000 +0300,110,16.7,53,high,0,2026-01-19 16:03:52.576 +0200
3315,208,2024-09-22 10:05:00.000 +0300,112,16.9,54,high,0,2026-01-19 16:03:52.576 +0200
3316,208,2024-09-22 10:10:00.000 +0300,114,17.1,55,high,0,2026-01-19 16:03:52.576 +0200
3317,208,2024-09-22 10:15:00.000 +0300,116,17.3,56,high,0,2026-01-19 16:03:52.576 +0200
3318,208,2024-09-22 10:20:00.000 +0300,118,17.5,57,high,0,2026-01-19 16:03:52.576 +0200
3319,208,2024-09-22 10:25:00.000 +0300,120,17.7,58,high,0,2026-01-19 16:03:52.576 +0200
3320,208,2024-09-22 10:30:00.000 +0300,122,17.9,59,high,0,2026-01-19 16:03:52.576 +0200
3321,208,2024-09-22 10:35:00.000 +0300,124,18.1,60,high,0,2026-01-19 16:03:52.576 +0200
3322,208,2024-09-22 10:40:00.000 +0300,126,18.3,61,high,0,2026-01-19 16:03:52.576 +0200
3323,208,2024-09-22 10:45:00.000 +0300,128,18.5,62,high,0,2026-01-19 16:03:52.576 +0200
3324,208,2024-09-22 10:00:00.000 +0300,90,14.4,44,medium,0,2026-01-19 16:03:52.576 +0200
3325,208,2024-09-22 10:05:00.000 +0300,92,14.6,45,medium,0,2026-01-19 16:03:52.576 +0200
3326,208,2024-09-22 10:10:00.000 +0300,94,14.8,46,medium,0,2026-01-19 16:03:52.576 +0200
3327,208,2024-09-22 10:15:00.000 +0300,96,15.0,47,high,0,2026-01-19 16:03:52.576 +0200
3328,208,2024-09-22 10:20:00.000 +0300,98,15.2,48,high,0,2026-01-19 16:03:52.576 +0200
3329,209,2024-09-22 10:25:00.000 +0300,100,15.4,49,high,0,2026-01-19 16:03:52.576 +0200
3330,209,2024-09-22 10:30:00.000 +0300,102,15.6,50,high,0,2026-01-19 16:03:52.576 +0200
3331,209,2024-09-22 10:35:00.000 +0300,104,15.8,51,high,0,2026-01-19 16:03:52.576 +0200
3332,209,2024-09-22 10:40:00.000 +0300,106,16.0,52,high,0,2026-01-19 16:03:52.576 +0200
3333,209,2024-09-22 10:45:00.000 +0300,108,16.2,53,high,0,2026-01-19 16:03:52.576 +0200
3334,209,2024-09-22 11:00:00.000 +0300,118,17.1,56,high,0,2026-01-19 16:03:52.576 +0200
3335,209,2024-09-22 11:05:00.000 +0300,120,17.3,57,high,0,2026-01-19 16:03:52.576 +0200
3336,209,2024-09-22 11:10:00.000 +0300,122,17.5,58,high,0,2026-01-19 16:03:52.576 +0200
3337,209,2024-09-22 11:15:00.000 +0300,124,17.7,59,high,0,2026-01-19 16:03:52.576 +0200
3338,209,2024-09-22 11:20:00.000 +0300,126,17.9,60,high,0,2026-01-19 16:03:52.576 +0200
3339,209,2024-09-22 11:25:00.000 +0300,128,18.1,61,high,0,2026-01-19 16:03:52.576 +0200
3340,209,2024-09-22 11:30:00.000 +0300,130,18.3,62,high,0,2026-01-19 16:03:52.576 +0200
3341,209,2024-09-22 11:35:00.000 +0300,132,18.5,63,high,0,2026-01-19 16:03:52.576 +0200
3342,209,2024-09-22 11:40:00.000 +0300,134,18.7,64,high,0,2026-01-19 16:03:52.576 +0200
3343,209,2024-09-22 11:45:00.000 +0300,136,18.9,65,high,0,2026-01-19 16:03:52.576 +0200
3344,209,2024-09-22 11:00:00.000 +0300,101,15.8,49,high,0,2026-01-19 16:03:52.576 +0200
3345,210,2024-09-22 11:05:00.000 +0300,103,16.0,50,high,0,2026-01-19 16:03:52.576 +0200
3346,210,2024-09-22 11:10:00.000 +0300,105,16.2,51,high,0,2026-01-19 16:03:52.576 +0200
3347,210,2024-09-22 11:15:00.000 +0300,107,16.4,52,high,0,2026-01-19 16:03:52.576 +0200
3348,210,2024-09-22 11:20:00.000 +0300,109,16.6,53,high,0,2026-01-19 16:03:52.576 +0200
3349,210,2024-09-22 11:25:00.000 +0300,111,16.8,54,high,0,2026-01-19 16:03:52.576 +0200
3350,210,2024-09-22 11:30:00.000 +0300,113,17.0,55,high,0,2026-01-19 16:03:52.576 +0200
3351,210,2024-09-22 11:35:00.000 +0300,115,17.2,56,high,0,2026-01-19 16:03:52.576 +0200
3352,210,2024-09-22 11:40:00.000 +0300,117,17.4,57,high,0,2026-01-19 16:03:52.576 +0200
3353,210,2024-09-22 11:45:00.000 +0300,119,17.6,58,high,0,2026-01-19 16:03:52.576 +0200
3354,210,2024-09-22 11:00:00.000 +0300,108,16.6,52,high,0,2026-01-19 16:03:52.576 +0200
3355,210,2024-09-22 11:05:00.000 +0300,110,16.8,53,high,0,2026-01-19 16:03:52.576 +0200
3356,210,2024-09-22 11:10:00.000 +0300,112,17.0,54,high,0,2026-01-19 16:03:52.576 +0200
3357,210,2024-09-22 11:15:00.000 +0300,114,17.2,55,high,0,2026-01-19 16:03:52.576 +0200
3358,210,2024-09-22 11:20:00.000 +0300,116,17.4,56,high,0,2026-01-19 16:03:52.576 +0200
3359,210,2024-09-22 11:25:00.000 +0300,118,17.6,57,high,0,2026-01-19 16:03:52.576 +0200
3360,210,2024-09-22 11:30:00.000 +0300,120,17.8,58,high,0,2026-01-19 16:03:52.576 +0200
3361,211,2024-09-22 11:35:00.000 +0300,122,18.0,59,high,0,2026-01-19 16:03:52.576 +0200
3362,211,2024-09-22 11:40:00.000 +0300,124,18.2,60,high,0,2026-01-19 16:03:52.576 +0200
3363,211,2024-09-22 11:45:00.000 +0300,126,18.4,61,high,0,2026-01-19 16:03:52.576 +0200
3364,211,2024-09-22 11:00:00.000 +0300,95,14.9,46,medium,0,2026-01-19 16:03:52.576 +0200
3365,211,2024-09-22 11:05:00.000 +0300,97,15.1,47,medium,0,2026-01-19 16:03:52.576 +0200
3366,211,2024-09-22 11:10:00.000 +0300,99,15.3,48,high,0,2026-01-19 16:03:52.576 +0200
3367,211,2024-09-22 11:15:00.000 +0300,101,15.5,49,high,0,2026-01-19 16:03:52.576 +0200
3368,211,2024-09-22 11:20:00.000 +0300,103,15.7,50,high,0,2026-01-19 16:03:52.576 +0200
3369,211,2024-09-22 11:25:00.000 +0300,105,15.9,51,high,0,2026-01-19 16:03:52.576 +0200
3370,211,2024-09-22 11:30:00.000 +0300,107,16.1,52,high,0,2026-01-19 16:03:52.576 +0200
3371,211,2024-09-22 11:35:00.000 +0300,109,16.3,53,high,0,2026-01-19 16:03:52.576 +0200
3372,211,2024-09-22 11:40:00.000 +0300,111,16.5,54,high,0,2026-01-19 16:03:52.576 +0200
3373,211,2024-09-22 11:45:00.000 +0300,113,16.7,55,high,0,2026-01-19 16:03:52.576 +0200
3374,211,2024-09-22 11:00:00.000 +0300,125,18.8,60,high,0,2026-01-19 16:03:52.576 +0200
3375,211,2024-09-22 11:05:00.000 +0300,127,19.0,61,high,0,2026-01-19 16:03:52.576 +0200
3376,211,2024-09-22 11:10:00.000 +0300,129,19.2,62,high,0,2026-01-19 16:03:52.576 +0200
3377,212,2024-09-22 11:15:00.000 +0300,131,19.4,63,high,0,2026-01-19 16:03:52.576 +0200
3378,212,2024-09-22 11:20:00.000 +0300,133,19.6,64,high,0,2026-01-19 16:03:52.576 +0200
3379,212,2024-09-22 11:25:00.000 +0300,135,19.8,65,high,0,2026-01-19 16:03:52.576 +0200
3380,212,2024-09-22 11:30:00.000 +0300,137,20.0,66,high,0,2026-01-19 16:03:52.576 +0200
3381,212,2024-09-22 11:35:00.000 +0300,139,20.2,67,high,0,2026-01-19 16:03:52.576 +0200
3382,212,2024-09-22 11:40:00.000 +0300,141,20.4,68,high,0,2026-01-19 16:03:52.576 +0200
3383,212,2024-09-22 11:45:00.000 +0300,143,20.6,69,high,0,2026-01-19 16:03:52.576 +0200
3384,212,2024-09-22 11:00:00.000 +0300,99,15.4,48,medium,0,2026-01-19 16:03:52.576 +0200
3385,212,2024-09-22 11:05:00.000 +0300,101,15.6,49,medium,0,2026-01-19 16:03:52.576 +0200
3386,212,2024-09-22 11:10:00.000 +0300,103,15.8,50,high,0,2026-01-19 16:03:52.576 +0200
3387,212,2024-09-22 11:15:00.000 +0300,105,16.0,51,high,0,2026-01-19 16:03:52.576 +0200
3388,212,2024-09-22 11:20:00.000 +0300,107,16.2,52,high,0,2026-01-19 16:03:52.576 +0200
3389,212,2024-09-22 11:25:00.000 +0300,109,16.4,53,high,0,2026-01-19 16:03:52.576 +0200
3390,212,2024-09-22 11:30:00.000 +0300,111,16.6,54,high,0,2026-01-19 16:03:52.576 +0200
3391,212,2024-09-22 11:35:00.000 +0300,113,16.8,55,high,0,2026-01-19 16:03:52.576 +0200
3392,212,2024-09-22 11:40:00.000 +0300,115,17.0,56,high,0,2026-01-19 16:03:52.576 +0200
3393,213,2024-09-22 11:45:00.000 +0300,117,17.2,57,high,0,2026-01-19 16:03:52.576 +0200
3394,213,2024-09-22 11:00:00.000 +0300,114,17.3,55,high,0,2026-01-19 16:03:52.576 +0200
3395,213,2024-09-22 11:05:00.000 +0300,116,17.5,56,high,0,2026-01-19 16:03:52.576 +0200
3396,213,2024-09-22 11:10:00.000 +0300,118,17.7,57,high,0,2026-01-19 16:03:52.576 +0200
3397,213,2024-09-22 11:15:00.000 +0300,120,17.9,58,high,0,2026-01-19 16:03:52.576 +0200
3398,213,2024-09-22 11:20:00.000 +0300,122,18.1,59,high,0,2026-01-19 16:03:52.576 +0200
3399,213,2024-09-22 11:25:00.000 +0300,124,18.3,60,high,0,2026-01-19 16:03:52.576 +0200
3400,213,2024-09-22 11:30:00.000 +0300,126,18.5,61,high,0,2026-01-19 16:03:52.576 +0200
3401,213,2024-09-22 11:35:00.000 +0300,128,18.7,62,high,0,2026-01-19 16:03:52.576 +0200
3402,213,2024-09-22 11:40:00.000 +0300,130,18.9,63,high,0,2026-01-19 16:03:52.576 +0200
3403,213,2024-09-22 11:45:00.000 +0300,132,19.1,64,high,0,2026-01-19 16:03:52.576 +0200
3404,213,2024-09-22 11:00:00.000 +0300,92,14.6,44,medium,0,2026-01-19 16:03:52.576 +0200
3405,213,2024-09-22 11:05:00.000 +0300,94,14.8,45,medium,0,2026-01-19 16:03:52.576 +0200
3406,213,2024-09-22 11:10:00.000 +0300,96,15.0,46,high,0,2026-01-19 16:03:52.576 +0200
3407,213,2024-09-22 11:15:00.000 +0300,98,15.2,47,high,0,2026-01-19 16:03:52.576 +0200
3408,213,2024-09-22 11:20:00.000 +0300,100,15.4,48,high,0,2026-01-19 16:03:52.576 +0200
3409,214,2024-09-22 11:25:00.000 +0300,102,15.6,49,high,0,2026-01-19 16:03:52.576 +0200
3410,214,2024-09-22 11:30:00.000 +0300,104,15.8,50,high,0,2026-01-19 16:03:52.576 +0200
3411,214,2024-09-22 11:35:00.000 +0300,106,16.0,51,high,0,2026-01-19 16:03:52.576 +0200
3412,214,2024-09-22 11:40:00.000 +0300,108,16.2,52,high,0,2026-01-19 16:03:52.576 +0200
3413,214,2024-09-22 11:45:00.000 +0300,110,16.4,53,high,0,2026-01-19 16:03:52.576 +0200
3414,214,2024-09-22 11:00:00.000 +0300,120,18.0,58,high,0,2026-01-19 16:03:52.576 +0200
3415,214,2024-09-22 11:05:00.000 +0300,122,18.2,59,high,0,2026-01-19 16:03:52.576 +0200
3416,214,2024-09-22 11:10:00.000 +0300,124,18.4,60,high,0,2026-01-19 16:03:52.576 +0200
3417,214,2024-09-22 11:15:00.000 +0300,126,18.6,61,high,0,2026-01-19 16:03:52.576 +0200
3418,214,2024-09-22 11:20:00.000 +0300,128,18.8,62,high,0,2026-01-19 16:03:52.576 +0200
3419,214,2024-09-22 11:25:00.000 +0300,130,19.0,63,high,0,2026-01-19 16:03:52.576 +0200
3420,214,2024-09-22 11:30:00.000 +0300,132,19.2,64,high,0,2026-01-19 16:03:52.576 +0200
3421,214,2024-09-22 11:35:00.000 +0300,134,19.4,65,high,0,2026-01-19 16:03:52.576 +0200
3422,214,2024-09-22 11:40:00.000 +0300,136,19.6,66,high,0,2026-01-19 16:03:52.576 +0200
3423,214,2024-09-22 11:45:00.000 +0300,138,19.8,67,high,0,2026-01-19 16:03:52.576 +0200
3424,214,2024-09-22 11:00:00.000 +0300,97,15.2,47,medium,0,2026-01-19 16:03:52.576 +0200
3425,215,2024-09-22 11:05:00.000 +0300,99,15.4,48,medium,0,2026-01-19 16:03:52.576 +0200
3426,215,2024-09-22 11:10:00.000 +0300,101,15.6,49,high,0,2026-01-19 16:03:52.576 +0200
3427,215,2024-09-22 11:15:00.000 +0300,103,15.8,50,high,0,2026-01-19 16:03:52.576 +0200
3428,215,2024-09-22 11:20:00.000 +0300,105,16.0,51,high,0,2026-01-19 16:03:52.576 +0200
3429,215,2024-09-22 11:25:00.000 +0300,107,16.2,52,high,0,2026-01-19 16:03:52.576 +0200
3430,215,2024-09-22 11:30:00.000 +0300,109,16.4,53,high,0,2026-01-19 16:03:52.576 +0200
3431,215,2024-09-22 11:35:00.000 +0300,111,16.6,54,high,0,2026-01-19 16:03:52.576 +0200
3432,215,2024-09-22 11:40:00.000 +0300,113,16.8,55,high,0,2026-01-19 16:03:52.576 +0200
3433,215,2024-09-22 11:45:00.000 +0300,115,17.0,56,high,0,2026-01-19 16:03:52.576 +0200
3434,215,2024-09-22 12:00:00.000 +0300,124,18.6,60,high,0,2026-01-19 16:03:52.576 +0200
3435,215,2024-09-22 12:05:00.000 +0300,126,18.8,61,high,0,2026-01-19 16:03:52.576 +0200
3436,215,2024-09-22 12:10:00.000 +0300,128,19.0,62,high,0,2026-01-19 16:03:52.576 +0200
3437,215,2024-09-22 12:15:00.000 +0300,130,19.2,63,high,0,2026-01-19 16:03:52.576 +0200
3438,215,2024-09-22 12:20:00.000 +0300,132,19.4,64,high,0,2026-01-19 16:03:52.576 +0200
3439,215,2024-09-22 12:25:00.000 +0300,134,19.6,65,high,0,2026-01-19 16:03:52.576 +0200
3440,215,2024-09-22 12:30:00.000 +0300,136,19.8,66,high,0,2026-01-19 16:03:52.576 +0200
3441,216,2024-09-22 12:35:00.000 +0300,138,20.0,67,high,0,2026-01-19 16:03:52.576 +0200
3442,216,2024-09-22 12:40:00.000 +0300,140,20.2,68,high,0,2026-01-19 16:03:52.576 +0200
3443,216,2024-09-22 12:45:00.000 +0300,142,20.4,69,high,0,2026-01-19 16:03:52.576 +0200
3444,216,2024-09-22 12:00:00.000 +0300,108,16.7,52,high,0,2026-01-19 16:03:52.576 +0200
3445,216,2024-09-22 12:05:00.000 +0300,110,16.9,53,high,0,2026-01-19 16:03:52.576 +0200
3446,216,2024-09-22 12:10:00.000 +0300,112,17.1,54,high,0,2026-01-19 16:03:52.576 +0200
3447,216,2024-09-22 12:15:00.000 +0300,114,17.3,55,high,0,2026-01-19 16:03:52.576 +0200
3448,216,2024-09-22 12:20:00.000 +0300,116,17.5,56,high,0,2026-01-19 16:03:52.576 +0200
3449,216,2024-09-22 12:25:00.000 +0300,118,17.7,57,high,0,2026-01-19 16:03:52.576 +0200
3450,216,2024-09-22 12:30:00.000 +0300,120,17.9,58,high,0,2026-01-19 16:03:52.576 +0200
3451,216,2024-09-22 12:35:00.000 +0300,122,18.1,59,high,0,2026-01-19 16:03:52.576 +0200
3452,216,2024-09-22 12:40:00.000 +0300,124,18.3,60,high,0,2026-01-19 16:03:52.576 +0200
3453,216,2024-09-22 12:45:00.000 +0300,126,18.5,61,high,0,2026-01-19 16:03:52.576 +0200
3454,216,2024-09-22 12:00:00.000 +0300,115,17.8,56,high,0,2026-01-19 16:03:52.576 +0200
3455,216,2024-09-22 12:05:00.000 +0300,117,18.0,57,high,0,2026-01-19 16:03:52.576 +0200
3456,216,2024-09-22 12:10:00.000 +0300,119,18.2,58,high,0,2026-01-19 16:03:52.576 +0200
3457,217,2024-09-22 12:15:00.000 +0300,121,18.4,59,high,0,2026-01-19 16:03:52.576 +0200
3458,217,2024-09-22 12:20:00.000 +0300,123,18.6,60,high,0,2026-01-19 16:03:52.576 +0200
3459,217,2024-09-22 12:25:00.000 +0300,125,18.8,61,high,0,2026-01-19 16:03:52.576 +0200
3460,217,2024-09-22 12:30:00.000 +0300,127,19.0,62,high,0,2026-01-19 16:03:52.576 +0200
3461,217,2024-09-22 12:35:00.000 +0300,129,19.2,63,high,0,2026-01-19 16:03:52.576 +0200
3462,217,2024-09-22 12:40:00.000 +0300,131,19.4,64,high,0,2026-01-19 16:03:52.576 +0200
3463,217,2024-09-22 12:45:00.000 +0300,133,19.6,65,high,0,2026-01-19 16:03:52.576 +0200
3464,217,2024-09-22 12:00:00.000 +0300,98,15.4,47,medium,0,2026-01-19 16:03:52.576 +0200
3465,217,2024-09-22 12:05:00.000 +0300,100,15.6,48,medium,0,2026-01-19 16:03:52.576 +0200
3466,217,2024-09-22 12:10:00.000 +0300,102,15.8,49,high,0,2026-01-19 16:03:52.576 +0200
3467,217,2024-09-22 12:15:00.000 +0300,104,16.0,50,high,0,2026-01-19 16:03:52.576 +0200
3468,217,2024-09-22 12:20:00.000 +0300,106,16.2,51,high,0,2026-01-19 16:03:52.576 +0200
3469,217,2024-09-22 12:25:00.000 +0300,108,16.4,52,high,0,2026-01-19 16:03:52.576 +0200
3470,217,2024-09-22 12:30:00.000 +0300,110,16.6,53,high,0,2026-01-19 16:03:52.576 +0200
3471,217,2024-09-22 12:35:00.000 +0300,112,16.8,54,high,0,2026-01-19 16:03:52.576 +0200
3472,217,2024-09-22 12:40:00.000 +0300,114,17.0,55,high,0,2026-01-19 16:03:52.576 +0200
3473,218,2024-09-22 12:45:00.000 +0300,116,17.2,56,high,0,2026-01-19 16:03:52.576 +0200
3474,218,2024-09-22 12:00:00.000 +0300,132,19.9,64,high,0,2026-01-19 16:03:52.576 +0200
3475,218,2024-09-22 12:05:00.000 +0300,134,20.1,65,high,0,2026-01-19 16:03:52.576 +0200
3476,218,2024-09-22 12:10:00.000 +0300,136,20.3,66,high,0,2026-01-19 16:03:52.576 +0200
3477,218,2024-09-22 12:15:00.000 +0300,138,20.5,67,high,0,2026-01-19 16:03:52.576 +0200
3478,218,2024-09-22 12:20:00.000 +0300,140,20.7,68,high,0,2026-01-19 16:03:52.576 +0200
3479,218,2024-09-22 12:25:00.000 +0300,142,20.9,69,high,0,2026-01-19 16:03:52.576 +0200
3480,218,2024-09-22 12:30:00.000 +0300,144,21.1,70,high,0,2026-01-19 16:03:52.576 +0200
3481,218,2024-09-22 12:35:00.000 +0300,146,21.3,71,high,0,2026-01-19 16:03:52.576 +0200
3482,218,2024-09-22 12:40:00.000 +0300,148,21.5,72,high,0,2026-01-19 16:03:52.576 +0200
3483,218,2024-09-22 12:45:00.000 +0300,150,21.7,73,high,0,2026-01-19 16:03:52.576 +0200
3484,218,2024-09-22 12:00:00.000 +0300,104,16.1,50,medium,0,2026-01-19 16:03:52.576 +0200
3485,218,2024-09-22 12:05:00.000 +0300,106,16.3,51,medium,0,2026-01-19 16:03:52.576 +0200
3486,218,2024-09-22 12:10:00.000 +0300,108,16.5,52,high,0,2026-01-19 16:03:52.576 +0200
3487,218,2024-09-22 12:15:00.000 +0300,110,16.7,53,high,0,2026-01-19 16:03:52.576 +0200
3488,218,2024-09-22 12:20:00.000 +0300,112,16.9,54,high,0,2026-01-19 16:03:52.576 +0200
3489,219,2024-09-22 12:25:00.000 +0300,114,17.1,55,high,0,2026-01-19 16:03:52.576 +0200
3490,219,2024-09-22 12:30:00.000 +0300,116,17.3,56,high,0,2026-01-19 16:03:52.576 +0200
3491,219,2024-09-22 12:35:00.000 +0300,118,17.5,57,high,0,2026-01-19 16:03:52.576 +0200
3492,219,2024-09-22 12:40:00.000 +0300,120,17.7,58,high,0,2026-01-19 16:03:52.576 +0200
3493,219,2024-09-22 12:45:00.000 +0300,122,17.9,59,high,0,2026-01-19 16:03:52.576 +0200
3494,219,2024-09-22 12:00:00.000 +0300,121,18.5,59,high,0,2026-01-19 16:03:52.576 +0200
3495,219,2024-09-22 12:05:00.000 +0300,123,18.7,60,high,0,2026-01-19 16:03:52.576 +0200
3496,219,2024-09-22 12:10:00.000 +0300,125,18.9,61,high,0,2026-01-19 16:03:52.576 +0200
3497,219,2024-09-22 12:15:00.000 +0300,127,19.1,62,high,0,2026-01-19 16:03:52.576 +0200
3498,219,2024-09-22 12:20:00.000 +0300,129,19.3,63,high,0,2026-01-19 16:03:52.576 +0200
3499,219,2024-09-22 12:25:00.000 +0300,131,19.5,64,high,0,2026-01-19 16:03:52.576 +0200
3500,219,2024-09-22 12:30:00.000 +0300,133,19.7,65,high,0,2026-01-19 16:03:52.576 +0200
3501,219,2024-09-22 12:35:00.000 +0300,135,19.9,66,high,0,2026-01-19 16:03:52.576 +0200
3502,219,2024-09-22 12:40:00.000 +0300,137,20.1,67,high,0,2026-01-19 16:03:52.576 +0200
3503,219,2024-09-22 12:45:00.000 +0300,139,20.3,68,high,0,2026-01-19 16:03:52.576 +0200
3504,219,2024-09-22 12:00:00.000 +0300,96,15.1,46,medium,0,2026-01-19 16:03:52.576 +0200
3505,220,2024-09-22 12:05:00.000 +0300,98,15.3,47,medium,0,2026-01-19 16:03:52.576 +0200
3506,220,2024-09-22 12:10:00.000 +0300,100,15.5,48,high,0,2026-01-19 16:03:52.576 +0200
3507,220,2024-09-22 12:15:00.000 +0300,102,15.7,49,high,0,2026-01-19 16:03:52.576 +0200
3508,220,2024-09-22 12:20:00.000 +0300,104,15.9,50,high,0,2026-01-19 16:03:52.576 +0200
3509,220,2024-09-22 12:25:00.000 +0300,106,16.1,51,high,0,2026-01-19 16:03:52.576 +0200
3510,220,2024-09-22 12:30:00.000 +0300,108,16.3,52,high,0,2026-01-19 16:03:52.576 +0200
3511,220,2024-09-22 12:35:00.000 +0300,110,16.5,53,high,0,2026-01-19 16:03:52.576 +0200
3512,220,2024-09-22 12:40:00.000 +0300,112,16.7,54,high,0,2026-01-19 16:03:52.576 +0200
3513,220,2024-09-22 12:45:00.000 +0300,114,16.9,55,high,0,2026-01-19 16:03:52.576 +0200
3514,220,2024-09-22 12:00:00.000 +0300,128,19.3,62,high,0,2026-01-19 16:03:52.576 +0200
3515,220,2024-09-22 12:05:00.000 +0300,130,19.5,63,high,0,2026-01-19 16:03:52.576 +0200
3516,220,2024-09-22 12:10:00.000 +0300,132,19.7,64,high,0,2026-01-19 16:03:52.576 +0200
3517,220,2024-09-22 12:15:00.000 +0300,134,19.9,65,high,0,2026-01-19 16:03:52.576 +0200
3518,220,2024-09-22 12:20:00.000 +0300,136,20.1,66,high,0,2026-01-19 16:03:52.576 +0200
3519,220,2024-09-22 12:25:00.000 +0300,138,20.3,67,high,0,2026-01-19 16:03:52.576 +0200
3520,220,2024-09-22 12:30:00.000 +0300,140,20.5,68,high,0,2026-01-19 16:03:52.576 +0200
3521,221,2024-09-22 12:35:00.000 +0300,142,20.7,69,high,0,2026-01-19 16:03:52.576 +0200
3522,221,2024-09-22 12:40:00.000 +0300,144,20.9,70,high,0,2026-01-19 16:03:52.576 +0200
3523,221,2024-09-22 12:45:00.000 +0300,146,21.1,71,high,0,2026-01-19 16:03:52.576 +0200
3524,221,2024-09-22 12:00:00.000 +0300,100,15.7,48,medium,0,2026-01-19 16:03:52.576 +0200
3525,221,2024-09-22 12:05:00.000 +0300,102,15.9,49,medium,0,2026-01-19 16:03:52.576 +0200
3526,221,2024-09-22 12:10:00.000 +0300,104,16.1,50,high,0,2026-01-19 16:03:52.576 +0200
3527,221,2024-09-22 12:15:00.000 +0300,106,16.3,51,high,0,2026-01-19 16:03:52.576 +0200
3528,221,2024-09-22 12:20:00.000 +0300,108,16.5,52,high,0,2026-01-19 16:03:52.576 +0200
3529,221,2024-09-22 12:25:00.000 +0300,110,16.7,53,high,0,2026-01-19 16:03:52.576 +0200
3530,221,2024-09-22 12:30:00.000 +0300,112,16.9,54,high,0,2026-01-19 16:03:52.576 +0200
3531,221,2024-09-22 12:35:00.000 +0300,114,17.1,55,high,0,2026-01-19 16:03:52.576 +0200
3532,221,2024-09-22 12:40:00.000 +0300,116,17.3,56,high,0,2026-01-19 16:03:52.576 +0200
3533,221,2024-09-22 12:45:00.000 +0300,118,17.5,57,high,0,2026-01-19 16:03:52.576 +0200
3534,221,2024-09-22 13:00:00.000 +0300,138,21.0,66,high,0,2026-01-19 16:03:52.576 +0200
3535,221,2024-09-22 13:05:00.000 +0300,140,21.2,67,high,0,2026-01-19 16:03:52.576 +0200
3536,221,2024-09-22 13:10:00.000 +0300,142,21.4,68,high,0,2026-01-19 16:03:52.576 +0200
3537,222,2024-09-22 13:15:00.000 +0300,144,21.6,69,high,0,2026-01-19 16:03:52.576 +0200
3538,222,2024-09-22 13:20:00.000 +0300,146,21.8,70,high,0,2026-01-19 16:03:52.576 +0200
3539,222,2024-09-22 13:25:00.000 +0300,148,22.0,71,high,0,2026-01-19 16:03:52.576 +0200
3540,222,2024-09-22 13:30:00.000 +0300,150,22.2,72,high,0,2026-01-19 16:03:52.576 +0200
3541,222,2024-09-22 13:35:00.000 +0300,152,22.4,73,high,0,2026-01-19 16:03:52.576 +0200
3542,222,2024-09-22 13:40:00.000 +0300,154,22.6,74,high,0,2026-01-19 16:03:52.576 +0200
3543,222,2024-09-22 13:45:00.000 +0300,156,22.8,75,high,0,2026-01-19 16:03:52.576 +0200
3544,222,2024-09-22 13:00:00.000 +0300,118,18.6,56,high,0,2026-01-19 16:03:52.576 +0200
3545,222,2024-09-22 13:05:00.000 +0300,120,18.8,57,high,0,2026-01-19 16:03:52.576 +0200
3546,222,2024-09-22 13:10:00.000 +0300,122,19.0,58,high,0,2026-01-19 16:03:52.576 +0200
3547,222,2024-09-22 13:15:00.000 +0300,124,19.2,59,high,0,2026-01-19 16:03:52.576 +0200
3548,222,2024-09-22 13:20:00.000 +0300,126,19.4,60,high,0,2026-01-19 16:03:52.576 +0200
3549,222,2024-09-22 13:25:00.000 +0300,128,19.6,61,high,0,2026-01-19 16:03:52.576 +0200
3550,222,2024-09-22 13:30:00.000 +0300,130,19.8,62,high,0,2026-01-19 16:03:52.576 +0200
3551,222,2024-09-22 13:35:00.000 +0300,132,20.0,63,high,0,2026-01-19 16:03:52.576 +0200
3552,222,2024-09-22 13:40:00.000 +0300,134,20.2,64,high,0,2026-01-19 16:03:52.576 +0200
3553,223,2024-09-22 13:45:00.000 +0300,136,20.4,65,high,0,2026-01-19 16:03:52.576 +0200
3554,223,2024-09-22 13:00:00.000 +0300,125,19.7,60,high,0,2026-01-19 16:03:52.576 +0200
3555,223,2024-09-22 13:05:00.000 +0300,127,19.9,61,high,0,2026-01-19 16:03:52.576 +0200
3556,223,2024-09-22 13:10:00.000 +0300,129,20.1,62,high,0,2026-01-19 16:03:52.576 +0200
3557,223,2024-09-22 13:15:00.000 +0300,131,20.3,63,high,0,2026-01-19 16:03:52.576 +0200
3558,223,2024-09-22 13:20:00.000 +0300,133,20.5,64,high,0,2026-01-19 16:03:52.576 +0200
3559,223,2024-09-22 13:25:00.000 +0300,135,20.7,65,high,0,2026-01-19 16:03:52.576 +0200
3560,223,2024-09-22 13:30:00.000 +0300,137,20.9,66,high,0,2026-01-19 16:03:52.576 +0200
3561,223,2024-09-22 13:35:00.000 +0300,139,21.1,67,high,0,2026-01-19 16:03:52.576 +0200
3562,223,2024-09-22 13:40:00.000 +0300,141,21.3,68,high,0,2026-01-19 16:03:52.576 +0200
3563,223,2024-09-22 13:45:00.000 +0300,143,21.5,69,high,0,2026-01-19 16:03:52.576 +0200
3564,223,2024-09-22 13:00:00.000 +0300,108,17.2,52,medium,0,2026-01-19 16:03:52.576 +0200
3565,223,2024-09-22 13:05:00.000 +0300,110,17.4,53,medium,0,2026-01-19 16:03:52.576 +0200
3566,223,2024-09-22 13:10:00.000 +0300,112,17.6,54,high,0,2026-01-19 16:03:52.576 +0200
3567,223,2024-09-22 13:15:00.000 +0300,114,17.8,55,high,0,2026-01-19 16:03:52.576 +0200
3568,223,2024-09-22 13:20:00.000 +0300,116,18.0,56,high,0,2026-01-19 16:03:52.576 +0200
3569,224,2024-09-22 13:25:00.000 +0300,118,18.2,57,high,0,2026-01-19 16:03:52.576 +0200
3570,224,2024-09-22 13:30:00.000 +0300,120,18.4,58,high,0,2026-01-19 16:03:52.576 +0200
3571,224,2024-09-22 13:35:00.000 +0300,122,18.6,59,high,0,2026-01-19 16:03:52.576 +0200
3572,224,2024-09-22 13:40:00.000 +0300,124,18.8,60,high,0,2026-01-19 16:03:52.576 +0200
3573,224,2024-09-22 13:45:00.000 +0300,126,19.0,61,high,0,2026-01-19 16:03:52.576 +0200
3574,224,2024-09-22 13:00:00.000 +0300,148,22.5,71,high,0,2026-01-19 16:03:52.576 +0200
3575,224,2024-09-22 13:05:00.000 +0300,150,22.7,72,high,0,2026-01-19 16:03:52.576 +0200
3576,224,2024-09-22 13:10:00.000 +0300,152,22.9,73,high,0,2026-01-19 16:03:52.576 +0200
3577,224,2024-09-22 13:15:00.000 +0300,154,23.1,74,high,0,2026-01-19 16:03:52.576 +0200
3578,224,2024-09-22 13:20:00.000 +0300,156,23.3,75,high,0,2026-01-19 16:03:52.576 +0200
3579,224,2024-09-22 13:25:00.000 +0300,158,23.5,76,high,0,2026-01-19 16:03:52.576 +0200
3580,224,2024-09-22 13:30:00.000 +0300,160,23.7,77,high,0,2026-01-19 16:03:52.576 +0200
3581,224,2024-09-22 13:35:00.000 +0300,162,23.9,78,high,0,2026-01-19 16:03:52.576 +0200
3582,224,2024-09-22 13:40:00.000 +0300,164,24.1,79,high,0,2026-01-19 16:03:52.576 +0200
3583,224,2024-09-22 13:45:00.000 +0300,166,24.3,80,high,0,2026-01-19 16:03:52.576 +0200
3584,224,2024-09-22 13:00:00.000 +0300,112,17.8,54,medium,0,2026-01-19 16:03:52.576 +0200
3585,225,2024-09-22 13:05:00.000 +0300,114,18.0,55,medium,0,2026-01-19 16:03:52.576 +0200
3586,225,2024-09-22 13:10:00.000 +0300,116,18.2,56,high,0,2026-01-19 16:03:52.576 +0200
3587,225,2024-09-22 13:15:00.000 +0300,118,18.4,57,high,0,2026-01-19 16:03:52.576 +0200
3588,225,2024-09-22 13:20:00.000 +0300,120,18.6,58,high,0,2026-01-19 16:03:52.576 +0200
3589,225,2024-09-22 13:25:00.000 +0300,122,18.8,59,high,0,2026-01-19 16:03:52.576 +0200
3590,225,2024-09-22 13:30:00.000 +0300,124,19.0,60,high,0,2026-01-19 16:03:52.576 +0200
3591,225,2024-09-22 13:35:00.000 +0300,126,19.2,61,high,0,2026-01-19 16:03:52.576 +0200
3592,225,2024-09-22 13:40:00.000 +0300,128,19.4,62,high,0,2026-01-19 16:03:52.576 +0200
3593,225,2024-09-22 13:45:00.000 +0300,130,19.6,63,high,0,2026-01-19 16:03:52.576 +0200
3594,225,2024-09-22 13:00:00.000 +0300,135,20.8,65,high,0,2026-01-19 16:03:52.576 +0200
3595,225,2024-09-22 13:05:00.000 +0300,137,21.0,66,high,0,2026-01-19 16:03:52.576 +0200
3596,225,2024-09-22 13:10:00.000 +0300,139,21.2,67,high,0,2026-01-19 16:03:52.576 +0200
3597,225,2024-09-22 13:15:00.000 +0300,141,21.4,68,high,0,2026-01-19 16:03:52.576 +0200
3598,225,2024-09-22 13:20:00.000 +0300,143,21.6,69,high,0,2026-01-19 16:03:52.576 +0200
3599,225,2024-09-22 13:25:00.000 +0300,145,21.8,70,high,0,2026-01-19 16:03:52.576 +0200
3600,225,2024-09-22 13:30:00.000 +0300,147,22.0,71,high,0,2026-01-19 16:03:52.576 +0200
3601,226,2024-09-22 13:35:00.000 +0300,149,22.2,72,high,0,2026-01-19 16:03:52.576 +0200
3602,226,2024-09-22 13:40:00.000 +0300,151,22.4,73,high,0,2026-01-19 16:03:52.576 +0200
3603,226,2024-09-22 13:45:00.000 +0300,153,22.6,74,high,0,2026-01-19 16:03:52.576 +0200
3604,226,2024-09-22 13:00:00.000 +0300,106,16.9,51,medium,0,2026-01-19 16:03:52.576 +0200
3605,226,2024-09-22 13:05:00.000 +0300,108,17.1,52,medium,0,2026-01-19 16:03:52.576 +0200
3606,226,2024-09-22 13:10:00.000 +0300,110,17.3,53,high,0,2026-01-19 16:03:52.576 +0200
3607,226,2024-09-22 13:15:00.000 +0300,112,17.5,54,high,0,2026-01-19 16:03:52.576 +0200
3608,226,2024-09-22 13:20:00.000 +0300,114,17.7,55,high,0,2026-01-19 16:03:52.576 +0200
3609,226,2024-09-22 13:25:00.000 +0300,116,17.9,56,high,0,2026-01-19 16:03:52.576 +0200
3610,226,2024-09-22 13:30:00.000 +0300,118,18.1,57,high,0,2026-01-19 16:03:52.576 +0200
3611,226,2024-09-22 13:35:00.000 +0300,120,18.3,58,high,0,2026-01-19 16:03:52.576 +0200
3612,226,2024-09-22 13:40:00.000 +0300,122,18.5,59,high,0,2026-01-19 16:03:52.576 +0200
3613,226,2024-09-22 13:45:00.000 +0300,124,18.7,60,high,0,2026-01-19 16:03:52.576 +0200
3614,226,2024-09-22 13:00:00.000 +0300,142,21.6,68,high,0,2026-01-19 16:03:52.576 +0200
3615,226,2024-09-22 13:05:00.000 +0300,144,21.8,69,high,0,2026-01-19 16:03:52.576 +0200
3616,226,2024-09-22 13:10:00.000 +0300,146,22.0,70,high,0,2026-01-19 16:03:52.576 +0200
3617,227,2024-09-22 13:15:00.000 +0300,148,22.2,71,high,0,2026-01-19 16:03:52.576 +0200
3618,227,2024-09-22 13:20:00.000 +0300,150,22.4,72,high,0,2026-01-19 16:03:52.576 +0200
3619,227,2024-09-22 13:25:00.000 +0300,152,22.6,73,high,0,2026-01-19 16:03:52.576 +0200
3620,227,2024-09-22 13:30:00.000 +0300,154,22.8,74,high,0,2026-01-19 16:03:52.576 +0200
3621,227,2024-09-22 13:35:00.000 +0300,156,23.0,75,high,0,2026-01-19 16:03:52.576 +0200
3622,227,2024-09-22 13:40:00.000 +0300,158,23.2,76,high,0,2026-01-19 16:03:52.576 +0200
3623,227,2024-09-22 13:45:00.000 +0300,160,23.4,77,high,0,2026-01-19 16:03:52.576 +0200
3624,227,2024-09-22 13:00:00.000 +0300,110,17.5,53,medium,0,2026-01-19 16:03:52.576 +0200
3625,227,2024-09-22 13:05:00.000 +0300,112,17.7,54,medium,0,2026-01-19 16:03:52.576 +0200
3626,227,2024-09-22 13:10:00.000 +0300,114,17.9,55,high,0,2026-01-19 16:03:52.576 +0200
3627,227,2024-09-22 13:15:00.000 +0300,116,18.1,56,high,0,2026-01-19 16:03:52.576 +0200
3628,227,2024-09-22 13:20:00.000 +0300,118,18.3,57,high,0,2026-01-19 16:03:52.576 +0200
3629,227,2024-09-22 13:25:00.000 +0300,120,18.5,58,high,0,2026-01-19 16:03:52.576 +0200
3630,227,2024-09-22 13:30:00.000 +0300,122,18.7,59,high,0,2026-01-19 16:03:52.576 +0200
3631,227,2024-09-22 13:35:00.000 +0300,124,18.9,60,high,0,2026-01-19 16:03:52.576 +0200
3632,227,2024-09-22 13:40:00.000 +0300,126,19.1,61,high,0,2026-01-19 16:03:52.576 +0200
3633,228,2024-09-22 13:45:00.000 +0300,128,19.3,62,high,0,2026-01-19 16:03:52.576 +0200
3634,228,2024-09-22 14:00:00.000 +0300,150,23.1,72,high,0,2026-01-19 16:03:52.576 +0200
3635,228,2024-09-22 14:05:00.000 +0300,152,23.3,73,high,0,2026-01-19 16:03:52.576 +0200
3636,228,2024-09-22 14:10:00.000 +0300,154,23.5,74,high,0,2026-01-19 16:03:52.576 +0200
3637,228,2024-09-22 14:15:00.000 +0300,156,23.7,75,high,0,2026-01-19 16:03:52.576 +0200
3638,228,2024-09-22 14:20:00.000 +0300,158,23.9,76,high,0,2026-01-19 16:03:52.576 +0200
3639,228,2024-09-22 14:25:00.000 +0300,160,24.1,77,high,0,2026-01-19 16:03:52.576 +0200
3640,228,2024-09-22 14:30:00.000 +0300,162,24.3,78,high,0,2026-01-19 16:03:52.576 +0200
3641,228,2024-09-22 14:35:00.000 +0300,164,24.5,79,high,0,2026-01-19 16:03:52.576 +0200
3642,228,2024-09-22 14:40:00.000 +0300,166,24.7,80,high,0,2026-01-19 16:03:52.576 +0200
3643,228,2024-09-22 14:45:00.000 +0300,168,24.9,81,high,0,2026-01-19 16:03:52.576 +0200
3644,228,2024-09-22 14:00:00.000 +0300,126,19.8,60,high,0,2026-01-19 16:03:52.576 +0200
3645,228,2024-09-22 14:05:00.000 +0300,128,20.0,61,high,0,2026-01-19 16:03:52.576 +0200
3646,228,2024-09-22 14:10:00.000 +0300,130,20.2,62,high,0,2026-01-19 16:03:52.576 +0200
3647,228,2024-09-22 14:15:00.000 +0300,132,20.4,63,high,0,2026-01-19 16:03:52.576 +0200
3648,228,2024-09-22 14:20:00.000 +0300,134,20.6,64,high,0,2026-01-19 16:03:52.576 +0200
3649,229,2024-09-22 14:25:00.000 +0300,136,20.8,65,high,0,2026-01-19 16:03:52.576 +0200
3650,229,2024-09-22 14:30:00.000 +0300,138,21.0,66,high,0,2026-01-19 16:03:52.576 +0200
3651,229,2024-09-22 14:35:00.000 +0300,140,21.2,67,high,0,2026-01-19 16:03:52.576 +0200
3652,229,2024-09-22 14:40:00.000 +0300,142,21.4,68,high,0,2026-01-19 16:03:52.576 +0200
3653,229,2024-09-22 14:45:00.000 +0300,144,21.6,69,high,0,2026-01-19 16:03:52.576 +0200
3654,229,2024-09-22 14:00:00.000 +0300,134,21.0,64,high,0,2026-01-19 16:03:52.576 +0200
3655,229,2024-09-22 14:05:00.000 +0300,136,21.2,65,high,0,2026-01-19 16:03:52.576 +0200
3656,229,2024-09-22 14:10:00.000 +0300,138,21.4,66,high,0,2026-01-19 16:03:52.576 +0200
3657,229,2024-09-22 14:15:00.000 +0300,140,21.6,67,high,0,2026-01-19 16:03:52.576 +0200
3658,229,2024-09-22 14:20:00.000 +0300,142,21.8,68,high,0,2026-01-19 16:03:52.576 +0200
3659,229,2024-09-22 14:25:00.000 +0300,144,22.0,69,high,0,2026-01-19 16:03:52.576 +0200
3660,229,2024-09-22 14:30:00.000 +0300,146,22.2,70,high,0,2026-01-19 16:03:52.576 +0200
3661,229,2024-09-22 14:35:00.000 +0300,148,22.4,71,high,0,2026-01-19 16:03:52.576 +0200
3662,229,2024-09-22 14:40:00.000 +0300,150,22.6,72,high,0,2026-01-19 16:03:52.576 +0200
3663,229,2024-09-22 14:45:00.000 +0300,152,22.8,73,high,0,2026-01-19 16:03:52.576 +0200
3664,229,2024-09-22 14:00:00.000 +0300,118,18.5,56,medium,0,2026-01-19 16:03:52.576 +0200
3665,230,2024-09-22 14:05:00.000 +0300,120,18.7,57,medium,0,2026-01-19 16:03:52.576 +0200
3666,230,2024-09-22 14:10:00.000 +0300,122,18.9,58,high,0,2026-01-19 16:03:52.576 +0200
3667,230,2024-09-22 14:15:00.000 +0300,124,19.1,59,high,0,2026-01-19 16:03:52.576 +0200
3668,230,2024-09-22 14:20:00.000 +0300,126,19.3,60,high,0,2026-01-19 16:03:52.576 +0200
3669,230,2024-09-22 14:25:00.000 +0300,128,19.5,61,high,0,2026-01-19 16:03:52.576 +0200
3670,230,2024-09-22 14:30:00.000 +0300,130,19.7,62,high,0,2026-01-19 16:03:52.576 +0200
3671,230,2024-09-22 14:35:00.000 +0300,132,19.9,63,high,0,2026-01-19 16:03:52.576 +0200
3672,230,2024-09-22 14:40:00.000 +0300,134,20.1,64,high,0,2026-01-19 16:03:52.576 +0200
3673,230,2024-09-22 14:45:00.000 +0300,136,20.3,65,high,0,2026-01-19 16:03:52.576 +0200
3674,230,2024-09-22 14:00:00.000 +0300,160,24.8,78,high,0,2026-01-19 16:03:52.576 +0200
3675,230,2024-09-22 14:05:00.000 +0300,162,25.0,79,high,0,2026-01-19 16:03:52.576 +0200
3676,230,2024-09-22 14:10:00.000 +0300,164,25.2,80,high,0,2026-01-19 16:03:52.576 +0200
3677,230,2024-09-22 14:15:00.000 +0300,166,25.4,81,high,0,2026-01-19 16:03:52.576 +0200
3678,230,2024-09-22 14:20:00.000 +0300,168,25.6,82,high,0,2026-01-19 16:03:52.576 +0200
3679,230,2024-09-22 14:25:00.000 +0300,170,25.8,83,high,0,2026-01-19 16:03:52.576 +0200
3680,230,2024-09-22 14:30:00.000 +0300,172,26.0,84,high,0,2026-01-19 16:03:52.576 +0200
3681,231,2024-09-22 14:35:00.000 +0300,174,26.2,85,high,0,2026-01-19 16:03:52.576 +0200
3682,231,2024-09-22 14:40:00.000 +0300,176,26.4,86,high,0,2026-01-19 16:03:52.576 +0200
3683,231,2024-09-22 14:45:00.000 +0300,178,26.6,87,high,0,2026-01-19 16:03:52.576 +0200
3684,231,2024-09-22 14:00:00.000 +0300,122,19.2,58,medium,0,2026-01-19 16:03:52.576 +0200
3685,231,2024-09-22 14:05:00.000 +0300,124,19.4,59,medium,0,2026-01-19 16:03:52.576 +0200
3686,231,2024-09-22 14:10:00.000 +0300,126,19.6,60,high,0,2026-01-19 16:03:52.576 +0200
3687,231,2024-09-22 14:15:00.000 +0300,128,19.8,61,high,0,2026-01-19 16:03:52.576 +0200
3688,231,2024-09-22 14:20:00.000 +0300,130,20.0,62,high,0,2026-01-19 16:03:52.576 +0200
3689,231,2024-09-22 14:25:00.000 +0300,132,20.2,63,high,0,2026-01-19 16:03:52.576 +0200
3690,231,2024-09-22 14:30:00.000 +0300,134,20.4,64,high,0,2026-01-19 16:03:52.576 +0200
3691,231,2024-09-22 14:35:00.000 +0300,136,20.6,65,high,0,2026-01-19 16:03:52.576 +0200
3692,231,2024-09-22 14:40:00.000 +0300,138,20.8,66,high,0,2026-01-19 16:03:52.576 +0200
3693,231,2024-09-22 14:45:00.000 +0300,140,21.0,67,high,0,2026-01-19 16:03:52.576 +0200
3694,231,2024-09-22 14:00:00.000 +0300,146,22.5,70,high,0,2026-01-19 16:03:52.576 +0200
3695,231,2024-09-22 14:05:00.000 +0300,148,22.7,71,high,0,2026-01-19 16:03:52.576 +0200
3696,231,2024-09-22 14:10:00.000 +0300,150,22.9,72,high,0,2026-01-19 16:03:52.576 +0200
3697,232,2024-09-22 14:15:00.000 +0300,152,23.1,73,high,0,2026-01-19 16:03:52.576 +0200
3698,232,2024-09-22 14:20:00.000 +0300,154,23.3,74,high,0,2026-01-19 16:03:52.576 +0200
3699,232,2024-09-22 14:25:00.000 +0300,156,23.5,75,high,0,2026-01-19 16:03:52.576 +0200
3700,232,2024-09-22 14:30:00.000 +0300,158,23.7,76,high,0,2026-01-19 16:03:52.576 +0200
3701,232,2024-09-22 14:35:00.000 +0300,160,23.9,77,high,0,2026-01-19 16:03:52.576 +0200
3702,232,2024-09-22 14:40:00.000 +0300,162,24.1,78,high,0,2026-01-19 16:03:52.576 +0200
3703,232,2024-09-22 14:45:00.000 +0300,164,24.3,79,high,0,2026-01-19 16:03:52.576 +0200
3704,232,2024-09-22 14:00:00.000 +0300,116,18.2,55,medium,0,2026-01-19 16:03:52.576 +0200
3705,232,2024-09-22 14:05:00.000 +0300,118,18.4,56,medium,0,2026-01-19 16:03:52.576 +0200
3706,232,2024-09-22 14:10:00.000 +0300,120,18.6,57,high,0,2026-01-19 16:03:52.576 +0200
3707,232,2024-09-22 14:15:00.000 +0300,122,18.8,58,high,0,2026-01-19 16:03:52.576 +0200
3708,232,2024-09-22 14:20:00.000 +0300,124,19.0,59,high,0,2026-01-19 16:03:52.576 +0200
3709,232,2024-09-22 14:25:00.000 +0300,126,19.2,60,high,0,2026-01-19 16:03:52.576 +0200
3710,232,2024-09-22 14:30:00.000 +0300,128,19.4,61,high,0,2026-01-19 16:03:52.576 +0200
3711,232,2024-09-22 14:35:00.000 +0300,130,19.6,62,high,0,2026-01-19 16:03:52.576 +0200
3712,232,2024-09-22 14:40:00.000 +0300,132,19.8,63,high,0,2026-01-19 16:03:52.576 +0200
3713,233,2024-09-22 14:45:00.000 +0300,134,20.0,64,high,0,2026-01-19 16:03:52.576 +0200
3714,233,2024-09-22 14:00:00.000 +0300,154,24.0,74,high,0,2026-01-19 16:03:52.576 +0200
3715,233,2024-09-22 14:05:00.000 +0300,156,24.2,75,high,0,2026-01-19 16:03:52.576 +0200
3716,233,2024-09-22 14:10:00.000 +0300,158,24.4,76,high,0,2026-01-19 16:03:52.576 +0200
3717,233,2024-09-22 14:15:00.000 +0300,160,24.6,77,high,0,2026-01-19 16:03:52.576 +0200
3718,233,2024-09-22 14:20:00.000 +0300,162,24.8,78,high,0,2026-01-19 16:03:52.576 +0200
3719,233,2024-09-22 14:25:00.000 +0300,164,25.0,79,high,0,2026-01-19 16:03:52.576 +0200
3720,233,2024-09-22 14:30:00.000 +0300,166,25.2,80,high,0,2026-01-19 16:03:52.576 +0200
3721,233,2024-09-22 14:35:00.000 +0300,168,25.4,81,high,0,2026-01-19 16:03:52.576 +0200
3722,233,2024-09-22 14:40:00.000 +0300,170,25.6,82,high,0,2026-01-19 16:03:52.576 +0200
3723,233,2024-09-22 14:45:00.000 +0300,172,25.8,83,high,0,2026-01-19 16:03:52.576 +0200
3724,233,2024-09-22 14:00:00.000 +0300,120,18.9,57,medium,0,2026-01-19 16:03:52.576 +0200
3725,233,2024-09-22 14:05:00.000 +0300,122,19.1,58,medium,0,2026-01-19 16:03:52.576 +0200
3726,233,2024-09-22 14:10:00.000 +0300,124,19.3,59,high,0,2026-01-19 16:03:52.576 +0200
3727,233,2024-09-22 14:15:00.000 +0300,126,19.5,60,high,0,2026-01-19 16:03:52.576 +0200
3728,233,2024-09-22 14:20:00.000 +0300,128,19.7,61,high,0,2026-01-19 16:03:52.576 +0200
3729,234,2024-09-22 14:25:00.000 +0300,130,19.9,62,high,0,2026-01-19 16:03:52.576 +0200
3730,234,2024-09-22 14:30:00.000 +0300,132,20.1,63,high,0,2026-01-19 16:03:52.576 +0200
3731,234,2024-09-22 14:35:00.000 +0300,134,20.3,64,high,0,2026-01-19 16:03:52.576 +0200
3732,234,2024-09-22 14:40:00.000 +0300,136,20.5,65,high,0,2026-01-19 16:03:52.576 +0200
3733,234,2024-09-22 14:45:00.000 +0300,138,20.7,66,high,0,2026-01-19 16:03:52.576 +0200
3734,234,2024-09-22 15:00:00.000 +0300,142,21.8,68,high,0,2026-01-19 16:03:52.576 +0200
3735,234,2024-09-22 15:05:00.000 +0300,144,22.0,69,high,0,2026-01-19 16:03:52.576 +0200
3736,234,2024-09-22 15:10:00.000 +0300,146,22.2,70,high,0,2026-01-19 16:03:52.576 +0200
3737,234,2024-09-22 15:15:00.000 +0300,148,22.4,71,high,0,2026-01-19 16:03:52.576 +0200
3738,234,2024-09-22 15:20:00.000 +0300,150,22.6,72,high,0,2026-01-19 16:03:52.576 +0200
3739,234,2024-09-22 15:25:00.000 +0300,152,22.8,73,high,0,2026-01-19 16:03:52.576 +0200
3740,234,2024-09-22 15:30:00.000 +0300,154,23.0,74,high,0,2026-01-19 16:03:52.576 +0200
3741,234,2024-09-22 15:35:00.000 +0300,156,23.2,75,high,0,2026-01-19 16:03:52.576 +0200
3742,234,2024-09-22 15:40:00.000 +0300,158,23.4,76,high,0,2026-01-19 16:03:52.576 +0200
3743,234,2024-09-22 15:45:00.000 +0300,160,23.6,77,high,0,2026-01-19 16:03:52.576 +0200
3744,234,2024-09-22 15:00:00.000 +0300,118,18.9,56,medium,0,2026-01-19 16:03:52.576 +0200
3745,235,2024-09-22 15:05:00.000 +0300,120,19.1,57,medium,0,2026-01-19 16:03:52.576 +0200
3746,235,2024-09-22 15:10:00.000 +0300,122,19.3,58,high,0,2026-01-19 16:03:52.576 +0200
3747,235,2024-09-22 15:15:00.000 +0300,124,19.5,59,high,0,2026-01-19 16:03:52.576 +0200
3748,235,2024-09-22 15:20:00.000 +0300,126,19.7,60,high,0,2026-01-19 16:03:52.576 +0200
3749,235,2024-09-22 15:25:00.000 +0300,128,19.9,61,high,0,2026-01-19 16:03:52.576 +0200
3750,235,2024-09-22 15:30:00.000 +0300,130,20.1,62,high,0,2026-01-19 16:03:52.576 +0200
3751,235,2024-09-22 15:35:00.000 +0300,132,20.3,63,high,0,2026-01-19 16:03:52.576 +0200
3752,235,2024-09-22 15:40:00.000 +0300,134,20.5,64,high,0,2026-01-19 16:03:52.576 +0200
3753,235,2024-09-22 15:45:00.000 +0300,136,20.7,65,high,0,2026-01-19 16:03:52.576 +0200
3754,235,2024-09-22 15:00:00.000 +0300,126,20.0,60,high,0,2026-01-19 16:03:52.576 +0200
3755,235,2024-09-22 15:05:00.000 +0300,128,20.2,61,high,0,2026-01-19 16:03:52.576 +0200
3756,235,2024-09-22 15:10:00.000 +0300,130,20.4,62,high,0,2026-01-19 16:03:52.576 +0200
3757,235,2024-09-22 15:15:00.000 +0300,132,20.6,63,high,0,2026-01-19 16:03:52.576 +0200
3758,235,2024-09-22 15:20:00.000 +0300,134,20.8,64,high,0,2026-01-19 16:03:52.576 +0200
3759,235,2024-09-22 15:25:00.000 +0300,136,21.0,65,high,0,2026-01-19 16:03:52.576 +0200
3760,235,2024-09-22 15:30:00.000 +0300,138,21.2,66,high,0,2026-01-19 16:03:52.576 +0200
3761,236,2024-09-22 15:35:00.000 +0300,140,21.4,67,high,0,2026-01-19 16:03:52.576 +0200
3762,236,2024-09-22 15:40:00.000 +0300,142,21.6,68,high,0,2026-01-19 16:03:52.576 +0200
3763,236,2024-09-22 15:45:00.000 +0300,144,21.8,69,high,0,2026-01-19 16:03:52.576 +0200
3764,236,2024-09-22 15:00:00.000 +0300,110,17.6,53,medium,0,2026-01-19 16:03:52.576 +0200
3765,236,2024-09-22 15:05:00.000 +0300,112,17.8,54,medium,0,2026-01-19 16:03:52.576 +0200
3766,236,2024-09-22 15:10:00.000 +0300,114,18.0,55,high,0,2026-01-19 16:03:52.576 +0200
3767,236,2024-09-22 15:15:00.000 +0300,116,18.2,56,high,0,2026-01-19 16:03:52.576 +0200
3768,236,2024-09-22 15:20:00.000 +0300,118,18.4,57,high,0,2026-01-19 16:03:52.576 +0200
3769,236,2024-09-22 15:25:00.000 +0300,120,18.6,58,high,0,2026-01-19 16:03:52.576 +0200
3770,236,2024-09-22 15:30:00.000 +0300,122,18.8,59,high,0,2026-01-19 16:03:52.576 +0200
3771,236,2024-09-22 15:35:00.000 +0300,124,19.0,60,high,0,2026-01-19 16:03:52.576 +0200
3772,236,2024-09-22 15:40:00.000 +0300,126,19.2,61,high,0,2026-01-19 16:03:52.576 +0200
3773,236,2024-09-22 15:45:00.000 +0300,128,19.4,62,high,0,2026-01-19 16:03:52.576 +0200
3774,236,2024-09-22 15:00:00.000 +0300,148,22.9,71,high,0,2026-01-19 16:03:52.576 +0200
3775,236,2024-09-22 15:05:00.000 +0300,150,23.1,72,high,0,2026-01-19 16:03:52.576 +0200
3776,236,2024-09-22 15:10:00.000 +0300,152,23.3,73,high,0,2026-01-19 16:03:52.576 +0200
3777,237,2024-09-22 15:15:00.000 +0300,154,23.5,74,high,0,2026-01-19 16:03:52.576 +0200
3778,237,2024-09-22 15:20:00.000 +0300,156,23.7,75,high,0,2026-01-19 16:03:52.576 +0200
3779,237,2024-09-22 15:25:00.000 +0300,158,23.9,76,high,0,2026-01-19 16:03:52.576 +0200
3780,237,2024-09-22 15:30:00.000 +0300,160,24.1,77,high,0,2026-01-19 16:03:52.576 +0200
3781,237,2024-09-22 15:35:00.000 +0300,162,24.3,78,high,0,2026-01-19 16:03:52.576 +0200
3782,237,2024-09-22 15:40:00.000 +0300,164,24.5,79,high,0,2026-01-19 16:03:52.576 +0200
3783,237,2024-09-22 15:45:00.000 +0300,166,24.7,80,high,0,2026-01-19 16:03:52.576 +0200
3784,237,2024-09-22 15:00:00.000 +0300,114,18.3,55,medium,0,2026-01-19 16:03:52.576 +0200
3785,237,2024-09-22 15:05:00.000 +0300,116,18.5,56,medium,0,2026-01-19 16:03:52.576 +0200
3786,237,2024-09-22 15:10:00.000 +0300,118,18.7,57,high,0,2026-01-19 16:03:52.576 +0200
3787,237,2024-09-22 15:15:00.000 +0300,120,18.9,58,high,0,2026-01-19 16:03:52.576 +0200
3788,237,2024-09-22 15:20:00.000 +0300,122,19.1,59,high,0,2026-01-19 16:03:52.576 +0200
3789,237,2024-09-22 15:25:00.000 +0300,124,19.3,60,high,0,2026-01-19 16:03:52.576 +0200
3790,237,2024-09-22 15:30:00.000 +0300,126,19.5,61,high,0,2026-01-19 16:03:52.576 +0200
3791,237,2024-09-22 15:35:00.000 +0300,128,19.7,62,high,0,2026-01-19 16:03:52.576 +0200
3792,237,2024-09-22 15:40:00.000 +0300,130,19.9,63,high,0,2026-01-19 16:03:52.576 +0200
3793,238,2024-09-22 15:45:00.000 +0300,132,20.1,64,high,0,2026-01-19 16:03:52.576 +0200
3794,238,2024-09-22 15:00:00.000 +0300,136,21.2,66,high,0,2026-01-19 16:03:52.576 +0200
3795,238,2024-09-22 15:05:00.000 +0300,138,21.4,67,high,0,2026-01-19 16:03:52.576 +0200
3796,238,2024-09-22 15:10:00.000 +0300,140,21.6,68,high,0,2026-01-19 16:03:52.576 +0200
3797,238,2024-09-22 15:15:00.000 +0300,142,21.8,69,high,0,2026-01-19 16:03:52.576 +0200
3798,238,2024-09-22 15:20:00.000 +0300,144,22.0,70,high,0,2026-01-19 16:03:52.576 +0200
3799,238,2024-09-22 15:25:00.000 +0300,146,22.2,71,high,0,2026-01-19 16:03:52.576 +0200
3800,238,2024-09-22 15:30:00.000 +0300,148,22.4,72,high,0,2026-01-19 16:03:52.576 +0200
3801,238,2024-09-22 15:35:00.000 +0300,150,22.6,73,high,0,2026-01-19 16:03:52.576 +0200
3802,238,2024-09-22 15:40:00.000 +0300,152,22.8,74,high,0,2026-01-19 16:03:52.576 +0200
3803,238,2024-09-22 15:45:00.000 +0300,154,23.0,75,high,0,2026-01-19 16:03:52.576 +0200
3804,238,2024-09-22 15:00:00.000 +0300,108,17.2,52,medium,0,2026-01-19 16:03:52.576 +0200
3805,238,2024-09-22 15:05:00.000 +0300,110,17.4,53,medium,0,2026-01-19 16:03:52.576 +0200
3806,238,2024-09-22 15:10:00.000 +0300,112,17.6,54,high,0,2026-01-19 16:03:52.576 +0200
3807,238,2024-09-22 15:15:00.000 +0300,114,17.8,55,high,0,2026-01-19 16:03:52.576 +0200
3808,238,2024-09-22 15:20:00.000 +0300,116,18.0,56,high,0,2026-01-19 16:03:52.576 +0200
3809,239,2024-09-22 15:25:00.000 +0300,118,18.2,57,high,0,2026-01-19 16:03:52.576 +0200
3810,239,2024-09-22 15:30:00.000 +0300,120,18.4,58,high,0,2026-01-19 16:03:52.576 +0200
3811,239,2024-09-22 15:35:00.000 +0300,122,18.6,59,high,0,2026-01-19 16:03:52.576 +0200
3812,239,2024-09-22 15:40:00.000 +0300,124,18.8,60,high,0,2026-01-19 16:03:52.576 +0200
3813,239,2024-09-22 15:45:00.000 +0300,126,19.0,61,high,0,2026-01-19 16:03:52.576 +0200
3814,239,2024-09-22 15:00:00.000 +0300,144,22.1,69,high,0,2026-01-19 16:03:52.576 +0200
3815,239,2024-09-22 15:05:00.000 +0300,146,22.3,70,high,0,2026-01-19 16:03:52.576 +0200
3816,239,2024-09-22 15:10:00.000 +0300,148,22.5,71,high,0,2026-01-19 16:03:52.576 +0200
3817,239,2024-09-22 15:15:00.000 +0300,150,22.7,72,high,0,2026-01-19 16:03:52.576 +0200
3818,239,2024-09-22 15:20:00.000 +0300,152,22.9,73,high,0,2026-01-19 16:03:52.576 +0200
3819,239,2024-09-22 15:25:00.000 +0300,154,23.1,74,high,0,2026-01-19 16:03:52.576 +0200
3820,239,2024-09-22 15:30:00.000 +0300,156,23.3,75,high,0,2026-01-19 16:03:52.576 +0200
3821,239,2024-09-22 15:35:00.000 +0300,158,23.5,76,high,0,2026-01-19 16:03:52.576 +0200
3822,239,2024-09-22 15:40:00.000 +0300,160,23.7,77,high,0,2026-01-19 16:03:52.576 +0200
3823,239,2024-09-22 15:45:00.000 +0300,162,23.9,78,high,0,2026-01-19 16:03:52.576 +0200
3824,239,2024-09-22 15:00:00.000 +0300,112,18.0,54,medium,0,2026-01-19 16:03:52.576 +0200
3825,240,2024-09-22 15:05:00.000 +0300,114,18.2,55,medium,0,2026-01-19 16:03:52.576 +0200
3826,240,2024-09-22 15:10:00.000 +0300,116,18.4,56,high,0,2026-01-19 16:03:52.576 +0200
3827,240,2024-09-22 15:15:00.000 +0300,118,18.6,57,high,0,2026-01-19 16:03:52.576 +0200
3828,240,2024-09-22 15:20:00.000 +0300,120,18.8,58,high,0,2026-01-19 16:03:52.576 +0200
3829,240,2024-09-22 15:25:00.000 +0300,122,19.0,59,high,0,2026-01-19 16:03:52.576 +0200
3830,240,2024-09-22 15:30:00.000 +0300,124,19.2,60,high,0,2026-01-19 16:03:52.576 +0200
3831,240,2024-09-22 15:35:00.000 +0300,126,19.4,61,high,0,2026-01-19 16:03:52.576 +0200
3832,240,2024-09-22 15:40:00.000 +0300,128,19.6,62,high,0,2026-01-19 16:03:52.576 +0200
3833,240,2024-09-22 15:45:00.000 +0300,130,19.8,63,high,0,2026-01-19 16:03:52.576 +0200
3834,240,2024-09-22 16:00:00.000 +0300,138,21.0,66,high,0,2026-01-19 16:03:52.576 +0200
3835,240,2024-09-22 16:05:00.000 +0300,140,21.2,67,high,0,2026-01-19 16:03:52.576 +0200
3836,240,2024-09-22 16:10:00.000 +0300,142,21.4,68,high,0,2026-01-19 16:03:52.576 +0200
3837,240,2024-09-22 16:15:00.000 +0300,144,21.6,69,high,0,2026-01-19 16:03:52.576 +0200
3838,240,2024-09-22 16:20:00.000 +0300,146,21.8,70,high,0,2026-01-19 16:03:52.576 +0200
3839,240,2024-09-22 16:25:00.000 +0300,148,22.0,71,high,0,2026-01-19 16:03:52.576 +0200
3840,240,2024-09-22 16:30:00.000 +0300,150,22.2,72,high,0,2026-01-19 16:03:52.576 +0200
3841,241,2024-09-22 16:35:00.000 +0300,152,22.4,73,high,0,2026-01-19 16:03:52.576 +0200
3842,241,2024-09-22 16:40:00.000 +0300,154,22.6,74,high,0,2026-01-19 16:03:52.576 +0200
3843,241,2024-09-22 16:45:00.000 +0300,156,22.8,75,high,0,2026-01-19 16:03:52.576 +0200
3844,241,2024-09-22 16:00:00.000 +0300,114,18.1,55,medium,0,2026-01-19 16:03:52.576 +0200
3845,241,2024-09-22 16:05:00.000 +0300,116,18.3,56,medium,0,2026-01-19 16:03:52.576 +0200
3846,241,2024-09-22 16:10:00.000 +0300,118,18.5,57,high,0,2026-01-19 16:03:52.576 +0200
3847,241,2024-09-22 16:15:00.000 +0300,120,18.7,58,high,0,2026-01-19 16:03:52.576 +0200
3848,241,2024-09-22 16:20:00.000 +0300,122,18.9,59,high,0,2026-01-19 16:03:52.576 +0200
3849,241,2024-09-22 16:25:00.000 +0300,124,19.1,60,high,0,2026-01-19 16:03:52.576 +0200
3850,241,2024-09-22 16:30:00.000 +0300,126,19.3,61,high,0,2026-01-19 16:03:52.576 +0200
3851,241,2024-09-22 16:35:00.000 +0300,128,19.5,62,high,0,2026-01-19 16:03:52.576 +0200
3852,241,2024-09-22 16:40:00.000 +0300,130,19.7,63,high,0,2026-01-19 16:03:52.576 +0200
3853,241,2024-09-22 16:45:00.000 +0300,132,19.9,64,high,0,2026-01-19 16:03:52.576 +0200
3854,241,2024-09-22 16:00:00.000 +0300,122,19.4,59,high,0,2026-01-19 16:03:52.576 +0200
3855,241,2024-09-22 16:05:00.000 +0300,124,19.6,60,high,0,2026-01-19 16:03:52.576 +0200
3856,241,2024-09-22 16:10:00.000 +0300,126,19.8,61,high,0,2026-01-19 16:03:52.576 +0200
3857,242,2024-09-22 16:15:00.000 +0300,128,20.0,62,high,0,2026-01-19 16:03:52.576 +0200
3858,242,2024-09-22 16:20:00.000 +0300,130,20.2,63,high,0,2026-01-19 16:03:52.576 +0200
3859,242,2024-09-22 16:25:00.000 +0300,132,20.4,64,high,0,2026-01-19 16:03:52.576 +0200
3860,242,2024-09-22 16:30:00.000 +0300,134,20.6,65,high,0,2026-01-19 16:03:52.576 +0200
3861,242,2024-09-22 16:35:00.000 +0300,136,20.8,66,high,0,2026-01-19 16:03:52.576 +0200
3862,242,2024-09-22 16:40:00.000 +0300,138,21.0,67,high,0,2026-01-19 16:03:52.576 +0200
3863,242,2024-09-22 16:45:00.000 +0300,140,21.2,68,high,0,2026-01-19 16:03:52.576 +0200
3864,242,2024-09-22 16:00:00.000 +0300,106,17.0,52,medium,0,2026-01-19 16:03:52.576 +0200
3865,242,2024-09-22 16:05:00.000 +0300,108,17.2,53,medium,0,2026-01-19 16:03:52.576 +0200
3866,242,2024-09-22 16:10:00.000 +0300,110,17.4,54,high,0,2026-01-19 16:03:52.576 +0200
3867,242,2024-09-22 16:15:00.000 +0300,112,17.6,55,high,0,2026-01-19 16:03:52.576 +0200
3868,242,2024-09-22 16:20:00.000 +0300,114,17.8,56,high,0,2026-01-19 16:03:52.576 +0200
3869,242,2024-09-22 16:25:00.000 +0300,116,18.0,57,high,0,2026-01-19 16:03:52.576 +0200
3870,242,2024-09-22 16:30:00.000 +0300,118,18.2,58,high,0,2026-01-19 16:03:52.576 +0200
3871,242,2024-09-22 16:35:00.000 +0300,120,18.4,59,high,0,2026-01-19 16:03:52.576 +0200
3872,242,2024-09-22 16:40:00.000 +0300,122,18.6,60,high,0,2026-01-19 16:03:52.576 +0200
3873,243,2024-09-22 16:45:00.000 +0300,124,18.8,61,high,0,2026-01-19 16:03:52.576 +0200
3874,243,2024-09-22 16:00:00.000 +0300,146,22.5,70,high,0,2026-01-19 16:03:52.576 +0200
3875,243,2024-09-22 16:05:00.000 +0300,148,22.7,71,high,0,2026-01-19 16:03:52.576 +0200
3876,243,2024-09-22 16:10:00.000 +0300,150,22.9,72,high,0,2026-01-19 16:03:52.576 +0200
3877,243,2024-09-22 16:15:00.000 +0300,152,23.1,73,high,0,2026-01-19 16:03:52.576 +0200
3878,243,2024-09-22 16:20:00.000 +0300,154,23.3,74,high,0,2026-01-19 16:03:52.576 +0200
3879,243,2024-09-22 16:25:00.000 +0300,156,23.5,75,high,0,2026-01-19 16:03:52.576 +0200
3880,243,2024-09-22 16:30:00.000 +0300,158,23.7,76,high,0,2026-01-19 16:03:52.576 +0200
3881,243,2024-09-22 16:35:00.000 +0300,160,23.9,77,high,0,2026-01-19 16:03:52.576 +0200
3882,243,2024-09-22 16:40:00.000 +0300,162,24.1,78,high,0,2026-01-19 16:03:52.576 +0200
3883,243,2024-09-22 16:45:00.000 +0300,164,24.3,79,high,0,2026-01-19 16:03:52.576 +0200
3884,243,2024-09-22 16:00:00.000 +0300,110,17.6,54,medium,0,2026-01-19 16:03:52.576 +0200
3885,243,2024-09-22 16:05:00.000 +0300,112,17.8,55,medium,0,2026-01-19 16:03:52.576 +0200
3886,243,2024-09-22 16:10:00.000 +0300,114,18.0,56,high,0,2026-01-19 16:03:52.576 +0200
3887,243,2024-09-22 16:15:00.000 +0300,116,18.2,57,high,0,2026-01-19 16:03:52.576 +0200
3888,243,2024-09-22 16:20:00.000 +0300,118,18.4,58,high,0,2026-01-19 16:03:52.576 +0200
3889,244,2024-09-22 16:25:00.000 +0300,120,18.6,59,high,0,2026-01-19 16:03:52.576 +0200
3890,244,2024-09-22 16:30:00.000 +0300,122,18.8,60,high,0,2026-01-19 16:03:52.576 +0200
3891,244,2024-09-22 16:35:00.000 +0300,124,19.0,61,high,0,2026-01-19 16:03:52.576 +0200
3892,244,2024-09-22 16:40:00.000 +0300,126,19.2,62,high,0,2026-01-19 16:03:52.576 +0200
3893,244,2024-09-22 16:45:00.000 +0300,128,19.4,63,high,0,2026-01-19 16:03:52.576 +0200
3894,244,2024-09-22 16:00:00.000 +0300,134,20.7,65,high,0,2026-01-19 16:03:52.576 +0200
3895,244,2024-09-22 16:05:00.000 +0300,136,20.9,66,high,0,2026-01-19 16:03:52.576 +0200
3896,244,2024-09-22 16:10:00.000 +0300,138,21.1,67,high,0,2026-01-19 16:03:52.576 +0200
3897,244,2024-09-22 16:15:00.000 +0300,140,21.3,68,high,0,2026-01-19 16:03:52.576 +0200
3898,244,2024-09-22 16:20:00.000 +0300,142,21.5,69,high,0,2026-01-19 16:03:52.576 +0200
3899,244,2024-09-22 16:25:00.000 +0300,144,21.7,70,high,0,2026-01-19 16:03:52.576 +0200
3900,244,2024-09-22 16:30:00.000 +0300,146,21.9,71,high,0,2026-01-19 16:03:52.576 +0200
3901,244,2024-09-22 16:35:00.000 +0300,148,22.1,72,high,0,2026-01-19 16:03:52.576 +0200
3902,244,2024-09-22 16:40:00.000 +0300,150,22.3,73,high,0,2026-01-19 16:03:52.576 +0200
3903,244,2024-09-22 16:45:00.000 +0300,152,22.5,74,high,0,2026-01-19 16:03:52.576 +0200
3904,244,2024-09-22 16:00:00.000 +0300,104,16.6,51,medium,0,2026-01-19 16:03:52.576 +0200
3905,245,2024-09-22 16:05:00.000 +0300,106,16.8,52,medium,0,2026-01-19 16:03:52.576 +0200
3906,245,2024-09-22 16:10:00.000 +0300,108,17.0,53,high,0,2026-01-19 16:03:52.576 +0200
3907,245,2024-09-22 16:15:00.000 +0300,110,17.2,54,high,0,2026-01-19 16:03:52.576 +0200
3908,245,2024-09-22 16:20:00.000 +0300,112,17.4,55,high,0,2026-01-19 16:03:52.576 +0200
3909,245,2024-09-22 16:25:00.000 +0300,114,17.6,56,high,0,2026-01-19 16:03:52.576 +0200
3910,245,2024-09-22 16:30:00.000 +0300,116,17.8,57,high,0,2026-01-19 16:03:52.576 +0200
3911,245,2024-09-22 16:35:00.000 +0300,118,18.0,58,high,0,2026-01-19 16:03:52.576 +0200
3912,245,2024-09-22 16:40:00.000 +0300,120,18.2,59,high,0,2026-01-19 16:03:52.576 +0200
3913,245,2024-09-22 16:45:00.000 +0300,122,18.4,60,high,0,2026-01-19 16:03:52.576 +0200
3914,245,2024-09-22 16:00:00.000 +0300,140,21.9,68,high,0,2026-01-19 16:03:52.576 +0200
3915,245,2024-09-22 16:05:00.000 +0300,142,22.1,69,high,0,2026-01-19 16:03:52.576 +0200
3916,245,2024-09-22 16:10:00.000 +0300,144,22.3,70,high,0,2026-01-19 16:03:52.576 +0200
3917,245,2024-09-22 16:15:00.000 +0300,146,22.5,71,high,0,2026-01-19 16:03:52.576 +0200
3918,245,2024-09-22 16:20:00.000 +0300,148,22.7,72,high,0,2026-01-19 16:03:52.576 +0200
3919,245,2024-09-22 16:25:00.000 +0300,150,22.9,73,high,0,2026-01-19 16:03:52.576 +0200
3920,245,2024-09-22 16:30:00.000 +0300,152,23.1,74,high,0,2026-01-19 16:03:52.576 +0200
3921,246,2024-09-22 16:35:00.000 +0300,154,23.3,75,high,0,2026-01-19 16:03:52.576 +0200
3922,246,2024-09-22 16:40:00.000 +0300,156,23.5,76,high,0,2026-01-19 16:03:52.576 +0200
3923,246,2024-09-22 16:45:00.000 +0300,158,23.7,77,high,0,2026-01-19 16:03:52.576 +0200
3924,246,2024-09-22 16:00:00.000 +0300,108,17.3,53,medium,0,2026-01-19 16:03:52.576 +0200
3925,246,2024-09-22 16:05:00.000 +0300,110,17.5,54,medium,0,2026-01-19 16:03:52.576 +0200
3926,246,2024-09-22 16:10:00.000 +0300,112,17.7,55,high,0,2026-01-19 16:03:52.576 +0200
3927,246,2024-09-22 16:15:00.000 +0300,114,17.9,56,high,0,2026-01-19 16:03:52.576 +0200
3928,246,2024-09-22 16:20:00.000 +0300,116,18.1,57,high,0,2026-01-19 16:03:52.576 +0200
3929,246,2024-09-22 16:25:00.000 +0300,118,18.3,58,high,0,2026-01-19 16:03:52.576 +0200
3930,246,2024-09-22 16:30:00.000 +0300,120,18.5,59,high,0,2026-01-19 16:03:52.576 +0200
3931,246,2024-09-22 16:35:00.000 +0300,122,18.7,60,high,0,2026-01-19 16:03:52.576 +0200
3932,246,2024-09-22 16:40:00.000 +0300,124,18.9,61,high,0,2026-01-19 16:03:52.576 +0200
3933,246,2024-09-22 16:45:00.000 +0300,126,19.1,62,high,0,2026-01-19 16:03:52.576 +0200
3934,246,2024-09-22 17:00:00.000 +0300,132,20.4,64,high,0,2026-01-19 16:03:52.576 +0200
3935,246,2024-09-22 17:05:00.000 +0300,134,20.6,65,high,0,2026-01-19 16:03:52.576 +0200
3936,246,2024-09-22 17:10:00.000 +0300,136,20.8,66,high,0,2026-01-19 16:03:52.576 +0200
3937,247,2024-09-22 17:15:00.000 +0300,138,21.0,67,high,0,2026-01-19 16:03:52.576 +0200
3938,247,2024-09-22 17:20:00.000 +0300,140,21.2,68,high,0,2026-01-19 16:03:52.576 +0200
3939,247,2024-09-22 17:25:00.000 +0300,142,21.4,69,high,0,2026-01-19 16:03:52.576 +0200
3940,247,2024-09-22 17:30:00.000 +0300,144,21.6,70,high,0,2026-01-19 16:03:52.576 +0200
3941,247,2024-09-22 17:35:00.000 +0300,146,21.8,71,high,0,2026-01-19 16:03:52.576 +0200
3942,247,2024-09-22 17:40:00.000 +0300,148,22.0,72,high,0,2026-01-19 16:03:52.576 +0200
3943,247,2024-09-22 17:45:00.000 +0300,150,22.2,73,high,0,2026-01-19 16:03:52.576 +0200
3944,247,2024-09-22 17:00:00.000 +0300,108,17.5,53,medium,0,2026-01-19 16:03:52.576 +0200
3945,247,2024-09-22 17:05:00.000 +0300,110,17.7,54,medium,0,2026-01-19 16:03:52.576 +0200
3946,247,2024-09-22 17:10:00.000 +0300,112,17.9,55,high,0,2026-01-19 16:03:52.576 +0200
3947,247,2024-09-22 17:15:00.000 +0300,114,18.1,56,high,0,2026-01-19 16:03:52.576 +0200
3948,247,2024-09-22 17:20:00.000 +0300,116,18.3,57,high,0,2026-01-19 16:03:52.576 +0200
3949,247,2024-09-22 17:25:00.000 +0300,118,18.5,58,high,0,2026-01-19 16:03:52.576 +0200
3950,247,2024-09-22 17:30:00.000 +0300,120,18.7,59,high,0,2026-01-19 16:03:52.576 +0200
3951,247,2024-09-22 17:35:00.000 +0300,122,18.9,60,high,0,2026-01-19 16:03:52.576 +0200
3952,247,2024-09-22 17:40:00.000 +0300,124,19.1,61,high,0,2026-01-19 16:03:52.576 +0200
3953,248,2024-09-22 17:45:00.000 +0300,126,19.3,62,high,0,2026-01-19 16:03:52.576 +0200
3954,248,2024-09-22 17:00:00.000 +0300,120,18.9,58,high,0,2026-01-19 16:03:52.576 +0200
3955,248,2024-09-22 17:05:00.000 +0300,122,19.1,59,high,0,2026-01-19 16:03:52.576 +0200
3956,248,2024-09-22 17:10:00.000 +0300,124,19.3,60,high,0,2026-01-19 16:03:52.576 +0200
3957,248,2024-09-22 17:15:00.000 +0300,126,19.5,61,high,0,2026-01-19 16:03:52.576 +0200
3958,248,2024-09-22 17:20:00.000 +0300,128,19.7,62,high,0,2026-01-19 16:03:52.576 +0200
3959,248,2024-09-22 17:25:00.000 +0300,130,19.9,63,high,0,2026-01-19 16:03:52.576 +0200
3960,248,2024-09-22 17:30:00.000 +0300,132,20.1,64,high,0,2026-01-19 16:03:52.576 +0200
3961,248,2024-09-22 17:35:00.000 +0300,134,20.3,65,high,0,2026-01-19 16:03:52.576 +0200
3962,248,2024-09-22 17:40:00.000 +0300,136,20.5,66,high,0,2026-01-19 16:03:52.576 +0200
3963,248,2024-09-22 17:45:00.000 +0300,138,20.7,67,high,0,2026-01-19 16:03:52.576 +0200
3964,248,2024-09-22 17:00:00.000 +0300,102,16.8,50,medium,0,2026-01-19 16:03:52.576 +0200
3965,248,2024-09-22 17:05:00.000 +0300,104,17.0,51,medium,0,2026-01-19 16:03:52.576 +0200
3966,248,2024-09-22 17:10:00.000 +0300,106,17.2,52,high,0,2026-01-19 16:03:52.576 +0200
3967,248,2024-09-22 17:15:00.000 +0300,108,17.4,53,high,0,2026-01-19 16:03:52.576 +0200
3968,248,2024-09-22 17:20:00.000 +0300,110,17.6,54,high,0,2026-01-19 16:03:52.576 +0200
3969,249,2024-09-22 17:25:00.000 +0300,112,17.8,55,high,0,2026-01-19 16:03:52.576 +0200
3970,249,2024-09-22 17:30:00.000 +0300,114,18.0,56,high,0,2026-01-19 16:03:52.576 +0200
3971,249,2024-09-22 17:35:00.000 +0300,116,18.2,57,high,0,2026-01-19 16:03:52.576 +0200
3972,249,2024-09-22 17:40:00.000 +0300,118,18.4,58,high,0,2026-01-19 16:03:52.576 +0200
3973,249,2024-09-22 17:45:00.000 +0300,120,18.6,59,high,0,2026-01-19 16:03:52.576 +0200
3974,249,2024-09-22 17:00:00.000 +0300,140,21.9,68,high,0,2026-01-19 16:03:52.576 +0200
3975,249,2024-09-22 17:05:00.000 +0300,142,22.1,69,high,0,2026-01-19 16:03:52.576 +0200
3976,249,2024-09-22 17:10:00.000 +0300,144,22.3,70,high,0,2026-01-19 16:03:52.576 +0200
3977,249,2024-09-22 17:15:00.000 +0300,146,22.5,71,high,0,2026-01-19 16:03:52.576 +0200
3978,249,2024-09-22 17:20:00.000 +0300,148,22.7,72,high,0,2026-01-19 16:03:52.576 +0200
3979,249,2024-09-22 17:25:00.000 +0300,150,22.9,73,high,0,2026-01-19 16:03:52.576 +0200
3980,249,2024-09-22 17:30:00.000 +0300,152,23.1,74,high,0,2026-01-19 16:03:52.576 +0200
3981,249,2024-09-22 17:35:00.000 +0300,154,23.3,75,high,0,2026-01-19 16:03:52.576 +0200
3982,249,2024-09-22 17:40:00.000 +0300,156,23.5,76,high,0,2026-01-19 16:03:52.576 +0200
3983,249,2024-09-22 17:45:00.000 +0300,158,23.7,77,high,0,2026-01-19 16:03:52.576 +0200
3984,249,2024-09-22 17:00:00.000 +0300,106,17.2,52,medium,0,2026-01-19 16:03:52.576 +0200
3985,250,2024-09-22 17:05:00.000 +0300,108,17.4,53,medium,0,2026-01-19 16:03:52.576 +0200
3986,250,2024-09-22 17:10:00.000 +0300,110,17.6,54,high,0,2026-01-19 16:03:52.576 +0200
3987,250,2024-09-22 17:15:00.000 +0300,112,17.8,55,high,0,2026-01-19 16:03:52.576 +0200
3988,250,2024-09-22 17:20:00.000 +0300,114,18.0,56,high,0,2026-01-19 16:03:52.576 +0200
3989,250,2024-09-22 17:25:00.000 +0300,116,18.2,57,high,0,2026-01-19 16:03:52.576 +0200
3990,250,2024-09-22 17:30:00.000 +0300,118,18.4,58,high,0,2026-01-19 16:03:52.576 +0200
3991,250,2024-09-22 17:35:00.000 +0300,120,18.6,59,high,0,2026-01-19 16:03:52.576 +0200
3992,250,2024-09-22 17:40:00.000 +0300,122,18.8,60,high,0,2026-01-19 16:03:52.576 +0200
3993,250,2024-09-22 17:45:00.000 +0300,124,19.0,61,high,0,2026-01-19 16:03:52.576 +0200
3994,250,2024-09-22 17:00:00.000 +0300,130,20.3,63,high,0,2026-01-19 16:03:52.576 +0200
3995,250,2024-09-22 17:05:00.000 +0300,132,20.5,64,high,0,2026-01-19 16:03:52.576 +0200
3996,250,2024-09-22 17:10:00.000 +0300,134,20.7,65,high,0,2026-01-19 16:03:52.576 +0200
3997,250,2024-09-22 17:15:00.000 +0300,136,20.9,66,high,0,2026-01-19 16:03:52.576 +0200
3998,250,2024-09-22 17:20:00.000 +0300,138,21.1,67,high,0,2026-01-19 16:03:52.576 +0200
3999,250,2024-09-22 17:25:00.000 +0300,140,21.3,68,high,0,2026-01-19 16:03:52.576 +0200
4000,250,2024-09-22 17:30:00.000 +0300,142,21.5,69,high,0,2026-01-19 16:03:52.576 +0200
4001,251,2024-09-22 17:35:00.000 +0300,144,21.7,70,high,0,2026-01-19 16:03:52.576 +0200
4002,251,2024-09-22 17:40:00.000 +0300,146,21.9,71,high,0,2026-01-19 16:03:52.576 +0200
4003,251,2024-09-22 17:45:00.000 +0300,148,22.1,72,high,0,2026-01-19 16:03:52.576 +0200
4004,251,2024-09-22 17:00:00.000 +0300,100,16.5,49,medium,0,2026-01-19 16:03:52.576 +0200
4005,251,2024-09-22 17:05:00.000 +0300,102,16.7,50,medium,0,2026-01-19 16:03:52.576 +0200
4006,251,2024-09-22 17:10:00.000 +0300,104,16.9,51,high,0,2026-01-19 16:03:52.576 +0200
4007,251,2024-09-22 17:15:00.000 +0300,106,17.1,52,high,0,2026-01-19 16:03:52.576 +0200
4008,251,2024-09-22 17:20:00.000 +0300,108,17.3,53,high,0,2026-01-19 16:03:52.576 +0200
4009,251,2024-09-22 17:25:00.000 +0300,110,17.5,54,high,0,2026-01-19 16:03:52.576 +0200
4010,251,2024-09-22 17:30:00.000 +0300,112,17.7,55,high,0,2026-01-19 16:03:52.576 +0200
4011,251,2024-09-22 17:35:00.000 +0300,114,17.9,56,high,0,2026-01-19 16:03:52.576 +0200
4012,251,2024-09-22 17:40:00.000 +0300,116,18.1,57,high,0,2026-01-19 16:03:52.576 +0200
4013,251,2024-09-22 17:45:00.000 +0300,118,18.3,58,high,0,2026-01-19 16:03:52.576 +0200
4014,251,2024-09-22 17:00:00.000 +0300,136,21.0,66,high,0,2026-01-19 16:03:52.576 +0200
4015,251,2024-09-22 17:05:00.000 +0300,138,21.2,67,high,0,2026-01-19 16:03:52.576 +0200
4016,251,2024-09-22 17:10:00.000 +0300,140,21.4,68,high,0,2026-01-19 16:03:52.576 +0200
4017,252,2024-09-22 17:15:00.000 +0300,142,21.6,69,high,0,2026-01-19 16:03:52.576 +0200
4018,252,2024-09-22 17:20:00.000 +0300,144,21.8,70,high,0,2026-01-19 16:03:52.576 +0200
4019,252,2024-09-22 17:25:00.000 +0300,146,22.0,71,high,0,2026-01-19 16:03:52.576 +0200
4020,252,2024-09-22 17:30:00.000 +0300,148,22.2,72,high,0,2026-01-19 16:03:52.576 +0200
4021,252,2024-09-22 17:35:00.000 +0300,150,22.4,73,high,0,2026-01-19 16:03:52.576 +0200
4022,252,2024-09-22 17:40:00.000 +0300,152,22.6,74,high,0,2026-01-19 16:03:52.576 +0200
4023,252,2024-09-22 17:45:00.000 +0300,154,22.8,75,high,0,2026-01-19 16:03:52.576 +0200
4024,252,2024-09-22 17:00:00.000 +0300,104,16.9,51,medium,0,2026-01-19 16:03:52.576 +0200
4025,252,2024-09-22 17:05:00.000 +0300,106,17.1,52,medium,0,2026-01-19 16:03:52.576 +0200
4026,252,2024-09-22 17:10:00.000 +0300,108,17.3,53,high,0,2026-01-19 16:03:52.576 +0200
4027,252,2024-09-22 17:15:00.000 +0300,110,17.5,54,high,0,2026-01-19 16:03:52.576 +0200
4028,252,2024-09-22 17:20:00.000 +0300,112,17.7,55,high,0,2026-01-19 16:03:52.576 +0200
4029,252,2024-09-22 17:25:00.000 +0300,114,17.9,56,high,0,2026-01-19 16:03:52.576 +0200
4030,252,2024-09-22 17:30:00.000 +0300,116,18.1,57,high,0,2026-01-19 16:03:52.576 +0200
4031,252,2024-09-22 17:35:00.000 +0300,118,18.3,58,high,0,2026-01-19 16:03:52.576 +0200
4032,252,2024-09-22 17:40:00.000 +0300,120,18.5,59,high,0,2026-01-19 16:03:52.576 +0200
4033,253,2024-09-22 17:45:00.000 +0300,122,18.7,60,high,0,2026-01-19 16:03:52.576 +0200
4034,253,2024-09-22 18:00:00.000 +0300,126,19.6,61,high,0,2026-01-19 16:03:52.576 +0200
4035,253,2024-09-22 18:05:00.000 +0300,128,19.8,62,high,0,2026-01-19 16:03:52.576 +0200
4036,253,2024-09-22 18:10:00.000 +0300,130,20.0,63,high,0,2026-01-19 16:03:52.576 +0200
4037,253,2024-09-22 18:15:00.000 +0300,132,20.2,64,high,0,2026-01-19 16:03:52.576 +0200
4038,253,2024-09-22 18:20:00.000 +0300,134,20.4,65,high,0,2026-01-19 16:03:52.576 +0200
4039,253,2024-09-22 18:25:00.000 +0300,136,20.6,66,high,0,2026-01-19 16:03:52.576 +0200
4040,253,2024-09-22 18:30:00.000 +0300,138,20.8,67,high,0,2026-01-19 16:03:52.576 +0200
4041,253,2024-09-22 18:35:00.000 +0300,140,21.0,68,high,0,2026-01-19 16:03:52.576 +0200
4042,253,2024-09-22 18:40:00.000 +0300,142,21.2,69,high,0,2026-01-19 16:03:52.576 +0200
4043,253,2024-09-22 18:45:00.000 +0300,144,21.4,70,high,0,2026-01-19 16:03:52.576 +0200
4044,253,2024-09-22 18:00:00.000 +0300,104,17.1,51,medium,0,2026-01-19 16:03:52.576 +0200
4045,253,2024-09-22 18:05:00.000 +0300,106,17.3,52,medium,0,2026-01-19 16:03:52.576 +0200
4046,253,2024-09-22 18:10:00.000 +0300,108,17.5,53,high,0,2026-01-19 16:03:52.576 +0200
4047,253,2024-09-22 18:15:00.000 +0300,110,17.7,54,high,0,2026-01-19 16:03:52.576 +0200
4048,253,2024-09-22 18:20:00.000 +0300,112,17.9,55,high,0,2026-01-19 16:03:52.576 +0200
4049,254,2024-09-22 18:25:00.000 +0300,114,18.1,56,high,0,2026-01-19 16:03:52.576 +0200
4050,254,2024-09-22 18:30:00.000 +0300,116,18.3,57,high,0,2026-01-19 16:03:52.576 +0200
4051,254,2024-09-22 18:35:00.000 +0300,118,18.5,58,high,0,2026-01-19 16:03:52.576 +0200
4052,254,2024-09-22 18:40:00.000 +0300,120,18.7,59,high,0,2026-01-19 16:03:52.576 +0200
4053,254,2024-09-22 18:45:00.000 +0300,122,18.9,60,high,0,2026-01-19 16:03:52.576 +0200
4054,254,2024-09-22 18:00:00.000 +0300,118,18.7,57,high,0,2026-01-19 16:03:52.576 +0200
4055,254,2024-09-22 18:05:00.000 +0300,120,18.9,58,high,0,2026-01-19 16:03:52.576 +0200
4056,254,2024-09-22 18:10:00.000 +0300,122,19.1,59,high,0,2026-01-19 16:03:52.576 +0200
4057,254,2024-09-22 18:15:00.000 +0300,124,19.3,60,high,0,2026-01-19 16:03:52.576 +0200
4058,254,2024-09-22 18:20:00.000 +0300,126,19.5,61,high,0,2026-01-19 16:03:52.576 +0200
4059,254,2024-09-22 18:25:00.000 +0300,128,19.7,62,high,0,2026-01-19 16:03:52.576 +0200
4060,254,2024-09-22 18:30:00.000 +0300,130,19.9,63,high,0,2026-01-19 16:03:52.576 +0200
4061,254,2024-09-22 18:35:00.000 +0300,132,20.1,64,high,0,2026-01-19 16:03:52.576 +0200
4062,254,2024-09-22 18:40:00.000 +0300,134,20.3,65,high,0,2026-01-19 16:03:52.576 +0200
4063,254,2024-09-22 18:45:00.000 +0300,136,20.5,66,high,0,2026-01-19 16:03:52.576 +0200
4064,254,2024-09-22 18:00:00.000 +0300,96,16.3,48,medium,0,2026-01-19 16:03:52.576 +0200
4065,255,2024-09-22 18:05:00.000 +0300,98,16.5,49,medium,0,2026-01-19 16:03:52.576 +0200
4066,255,2024-09-22 18:10:00.000 +0300,100,16.7,50,high,0,2026-01-19 16:03:52.576 +0200
4067,255,2024-09-22 18:15:00.000 +0300,102,16.9,51,high,0,2026-01-19 16:03:52.576 +0200
4068,255,2024-09-22 18:20:00.000 +0300,104,17.1,52,high,0,2026-01-19 16:03:52.576 +0200
4069,255,2024-09-22 18:25:00.000 +0300,106,17.3,53,high,0,2026-01-19 16:03:52.576 +0200
4070,255,2024-09-22 18:30:00.000 +0300,108,17.5,54,high,0,2026-01-19 16:03:52.576 +0200
4071,255,2024-09-22 18:35:00.000 +0300,110,17.7,55,high,0,2026-01-19 16:03:52.576 +0200
4072,255,2024-09-22 18:40:00.000 +0300,112,17.9,56,high,0,2026-01-19 16:03:52.576 +0200
4073,255,2024-09-22 18:45:00.000 +0300,114,18.1,57,high,0,2026-01-19 16:03:52.576 +0200
4074,255,2024-09-22 18:00:00.000 +0300,134,21.0,66,high,0,2026-01-19 16:03:52.576 +0200
4075,255,2024-09-22 18:05:00.000 +0300,136,21.2,67,high,0,2026-01-19 16:03:52.576 +0200
4076,255,2024-09-22 18:10:00.000 +0300,138,21.4,68,high,0,2026-01-19 16:03:52.576 +0200
4077,255,2024-09-22 18:15:00.000 +0300,140,21.6,69,high,0,2026-01-19 16:03:52.576 +0200
4078,255,2024-09-22 18:20:00.000 +0300,142,21.8,70,high,0,2026-01-19 16:03:52.576 +0200
4079,255,2024-09-22 18:25:00.000 +0300,144,22.0,71,high,0,2026-01-19 16:03:52.576 +0200
4080,255,2024-09-22 18:30:00.000 +0300,146,22.2,72,high,0,2026-01-19 16:03:52.576 +0200
4081,256,2024-09-22 18:35:00.000 +0300,148,22.4,73,high,0,2026-01-19 16:03:52.576 +0200
4082,256,2024-09-22 18:40:00.000 +0300,150,22.6,74,high,0,2026-01-19 16:03:52.576 +0200
4083,256,2024-09-22 18:45:00.000 +0300,152,22.8,75,high,0,2026-01-19 16:03:52.576 +0200
4084,256,2024-09-22 18:00:00.000 +0300,100,16.8,50,medium,0,2026-01-19 16:03:52.576 +0200
4085,256,2024-09-22 18:05:00.000 +0300,102,17.0,51,medium,0,2026-01-19 16:03:52.576 +0200
4086,256,2024-09-22 18:10:00.000 +0300,104,17.2,52,high,0,2026-01-19 16:03:52.576 +0200
4087,256,2024-09-22 18:15:00.000 +0300,106,17.4,53,high,0,2026-01-19 16:03:52.576 +0200
4088,256,2024-09-22 18:20:00.000 +0300,108,17.6,54,high,0,2026-01-19 16:03:52.576 +0200
4089,256,2024-09-22 18:25:00.000 +0300,110,17.8,55,high,0,2026-01-19 16:03:52.576 +0200
4090,256,2024-09-22 18:30:00.000 +0300,112,18.0,56,high,0,2026-01-19 16:03:52.576 +0200
4091,256,2024-09-22 18:35:00.000 +0300,114,18.2,57,high,0,2026-01-19 16:03:52.576 +0200
4092,256,2024-09-22 18:40:00.000 +0300,116,18.4,58,high,0,2026-01-19 16:03:52.576 +0200
4093,256,2024-09-22 18:45:00.000 +0300,118,18.6,59,high,0,2026-01-19 16:03:52.576 +0200
4094,256,2024-09-22 18:00:00.000 +0300,128,20.1,63,high,0,2026-01-19 16:03:52.576 +0200
4095,256,2024-09-22 18:05:00.000 +0300,130,20.3,64,high,0,2026-01-19 16:03:52.576 +0200
4096,256,2024-09-22 18:10:00.000 +0300,132,20.5,65,high,0,2026-01-19 16:03:52.576 +0200
4097,257,2024-09-22 18:15:00.000 +0300,134,20.7,66,high,0,2026-01-19 16:03:52.576 +0200
4098,257,2024-09-22 18:20:00.000 +0300,136,20.9,67,high,0,2026-01-19 16:03:52.576 +0200
4099,257,2024-09-22 18:25:00.000 +0300,138,21.1,68,high,0,2026-01-19 16:03:52.576 +0200
4100,257,2024-09-22 18:30:00.000 +0300,140,21.3,69,high,0,2026-01-19 16:03:52.576 +0200
4101,257,2024-09-22 18:35:00.000 +0300,142,21.5,70,high,0,2026-01-19 16:03:52.576 +0200
4102,257,2024-09-22 18:40:00.000 +0300,144,21.7,71,high,0,2026-01-19 16:03:52.576 +0200
4103,257,2024-09-22 18:45:00.000 +0300,146,21.9,72,high,0,2026-01-19 16:03:52.576 +0200
4104,257,2024-09-22 18:00:00.000 +0300,92,15.9,46,medium,0,2026-01-19 16:03:52.576 +0200
4105,257,2024-09-22 18:05:00.000 +0300,94,16.1,47,medium,0,2026-01-19 16:03:52.576 +0200
4106,257,2024-09-22 18:10:00.000 +0300,96,16.3,48,high,0,2026-01-19 16:03:52.576 +0200
4107,257,2024-09-22 18:15:00.000 +0300,98,16.5,49,high,0,2026-01-19 16:03:52.576 +0200
4108,257,2024-09-22 18:20:00.000 +0300,100,16.7,50,high,0,2026-01-19 16:03:52.576 +0200
4109,257,2024-09-22 18:25:00.000 +0300,102,16.9,51,high,0,2026-01-19 16:03:52.576 +0200
4110,257,2024-09-22 18:30:00.000 +0300,104,17.1,52,high,0,2026-01-19 16:03:52.576 +0200
4111,257,2024-09-22 18:35:00.000 +0300,106,17.3,53,high,0,2026-01-19 16:03:52.576 +0200
4112,257,2024-09-22 18:40:00.000 +0300,108,17.5,54,high,0,2026-01-19 16:03:52.576 +0200
4113,258,2024-09-22 18:45:00.000 +0300,110,17.7,55,high,0,2026-01-19 16:03:52.576 +0200
4114,258,2024-09-22 18:00:00.000 +0300,132,20.6,65,high,0,2026-01-19 16:03:52.576 +0200
4115,258,2024-09-22 18:05:00.000 +0300,134,20.8,66,high,0,2026-01-19 16:03:52.576 +0200
4116,258,2024-09-22 18:10:00.000 +0300,136,21.0,67,high,0,2026-01-19 16:03:52.576 +0200
4117,258,2024-09-22 18:15:00.000 +0300,138,21.2,68,high,0,2026-01-19 16:03:52.576 +0200
4118,258,2024-09-22 18:20:00.000 +0300,140,21.4,69,high,0,2026-01-19 16:03:52.576 +0200
4119,258,2024-09-22 18:25:00.000 +0300,142,21.6,70,high,0,2026-01-19 16:03:52.576 +0200
4120,258,2024-09-22 18:30:00.000 +0300,144,21.8,71,high,0,2026-01-19 16:03:52.576 +0200
4121,258,2024-09-22 18:35:00.000 +0300,146,22.0,72,high,0,2026-01-19 16:03:52.576 +0200
4122,258,2024-09-22 18:40:00.000 +0300,148,22.2,73,high,0,2026-01-19 16:03:52.576 +0200
4123,258,2024-09-22 18:45:00.000 +0300,150,22.4,74,high,0,2026-01-19 16:03:52.576 +0200
4124,258,2024-09-22 18:00:00.000 +0300,98,16.4,49,medium,0,2026-01-19 16:03:52.576 +0200
4125,258,2024-09-22 18:05:00.000 +0300,100,16.6,50,medium,0,2026-01-19 16:03:52.576 +0200
4126,258,2024-09-22 18:10:00.000 +0300,102,16.8,51,high,0,2026-01-19 16:03:52.576 +0200
4127,258,2024-09-22 18:15:00.000 +0300,104,17.0,52,high,0,2026-01-19 16:03:52.576 +0200
4128,258,2024-09-22 18:20:00.000 +0300,106,17.2,53,high,0,2026-01-19 16:03:52.576 +0200
4129,259,2024-09-22 18:25:00.000 +0300,108,17.4,54,high,0,2026-01-19 16:03:52.576 +0200
4130,259,2024-09-22 18:30:00.000 +0300,110,17.6,55,high,0,2026-01-19 16:03:52.576 +0200
4131,259,2024-09-22 18:35:00.000 +0300,112,17.8,56,high,0,2026-01-19 16:03:52.576 +0200
4132,259,2024-09-22 18:40:00.000 +0300,114,18.0,57,high,0,2026-01-19 16:03:52.576 +0200
4133,259,2024-09-22 18:45:00.000 +0300,116,18.2,58,high,0,2026-01-19 16:03:52.576 +0200
4134,259,2024-09-22 19:00:00.000 +0300,121,19.3,59,high,0,2026-01-19 16:03:52.576 +0200
4135,259,2024-09-22 19:05:00.000 +0300,118,19.0,58,medium,0,2026-01-19 16:03:52.576 +0200
4136,259,2024-09-22 19:10:00.000 +0300,123,19.5,61,high,0,2026-01-19 16:03:52.576 +0200
4137,259,2024-09-22 19:15:00.000 +0300,119,19.1,60,high,0,2026-01-19 16:03:52.576 +0200
4138,259,2024-09-22 19:20:00.000 +0300,126,19.8,63,high,0,2026-01-19 16:03:52.576 +0200
4139,259,2024-09-22 19:25:00.000 +0300,124,19.6,62,high,0,2026-01-19 16:03:52.576 +0200
4140,259,2024-09-22 19:30:00.000 +0300,120,19.2,60,medium,0,2026-01-19 16:03:52.576 +0200
4141,259,2024-09-22 19:35:00.000 +0300,122,19.4,61,high,0,2026-01-19 16:03:52.576 +0200
4142,259,2024-09-22 19:40:00.000 +0300,117,18.9,58,medium,0,2026-01-19 16:03:52.576 +0200
4143,259,2024-09-22 19:45:00.000 +0300,119,19.0,59,medium,0,2026-01-19 16:03:52.576 +0200
4144,259,2024-09-22 19:00:00.000 +0300,95,16.1,47,medium,0,2026-01-19 16:03:52.576 +0200
4145,260,2024-09-22 19:05:00.000 +0300,98,16.4,48,medium,0,2026-01-19 16:03:52.576 +0200
4146,260,2024-09-22 19:10:00.000 +0300,94,15.9,46,medium,0,2026-01-19 16:03:52.576 +0200
4147,260,2024-09-22 19:15:00.000 +0300,99,16.6,49,high,0,2026-01-19 16:03:52.576 +0200
4148,260,2024-09-22 19:20:00.000 +0300,102,16.9,51,high,0,2026-01-19 16:03:52.576 +0200
4149,260,2024-09-22 19:25:00.000 +0300,100,16.7,50,high,0,2026-01-19 16:03:52.576 +0200
4150,260,2024-09-22 19:30:00.000 +0300,96,16.2,48,medium,0,2026-01-19 16:03:52.576 +0200
4151,260,2024-09-22 19:35:00.000 +0300,97,16.3,48,medium,0,2026-01-19 16:03:52.576 +0200
4152,260,2024-09-22 19:40:00.000 +0300,93,15.8,46,medium,0,2026-01-19 16:03:52.576 +0200
4153,260,2024-09-22 19:45:00.000 +0300,95,16.0,47,medium,0,2026-01-19 16:03:52.576 +0200
4154,260,2024-09-22 19:00:00.000 +0300,138,21.2,67,high,0,2026-01-19 16:03:52.576 +0200
4155,260,2024-09-22 19:05:00.000 +0300,135,20.9,66,high,0,2026-01-19 16:03:52.576 +0200
4156,260,2024-09-22 19:10:00.000 +0300,140,21.5,69,high,0,2026-01-19 16:03:52.576 +0200
4157,260,2024-09-22 19:15:00.000 +0300,142,21.8,70,high,0,2026-01-19 16:03:52.576 +0200
4158,260,2024-09-22 19:20:00.000 +0300,139,21.4,68,high,0,2026-01-19 16:03:52.576 +0200
4159,260,2024-09-22 19:25:00.000 +0300,141,21.6,69,high,0,2026-01-19 16:03:52.576 +0200
4160,260,2024-09-22 19:30:00.000 +0300,137,21.1,67,high,0,2026-01-19 16:03:52.576 +0200
4161,261,2024-09-22 19:35:00.000 +0300,136,21.0,66,medium,0,2026-01-19 16:03:52.576 +0200
4162,261,2024-09-22 19:40:00.000 +0300,134,20.8,65,medium,0,2026-01-19 16:03:52.576 +0200
4163,261,2024-09-22 19:45:00.000 +0300,133,20.6,64,medium,0,2026-01-19 16:03:52.576 +0200
4164,261,2024-09-22 19:00:00.000 +0300,88,15.1,44,medium,0,2026-01-19 16:03:52.576 +0200
4165,261,2024-09-22 19:05:00.000 +0300,90,15.3,45,medium,0,2026-01-19 16:03:52.576 +0200
4166,261,2024-09-22 19:10:00.000 +0300,92,15.6,46,medium,0,2026-01-19 16:03:52.576 +0200
4167,261,2024-09-22 19:15:00.000 +0300,91,15.4,45,medium,0,2026-01-19 16:03:52.576 +0200
4168,261,2024-09-22 19:20:00.000 +0300,94,15.9,47,high,0,2026-01-19 16:03:52.576 +0200
4169,261,2024-09-22 19:25:00.000 +0300,96,16.2,48,high,0,2026-01-19 16:03:52.576 +0200
4170,261,2024-09-22 19:30:00.000 +0300,93,15.8,46,medium,0,2026-01-19 16:03:52.576 +0200
4171,261,2024-09-22 19:35:00.000 +0300,95,16.0,47,medium,0,2026-01-19 16:03:52.576 +0200
4172,261,2024-09-22 19:40:00.000 +0300,89,15.2,44,medium,0,2026-01-19 16:03:52.576 +0200
4173,261,2024-09-22 19:45:00.000 +0300,87,15.0,43,medium,0,2026-01-19 16:03:52.576 +0200
4174,261,2024-09-22 19:00:00.000 +0300,150,22.4,73,high,0,2026-01-19 16:03:52.576 +0200
4175,261,2024-09-22 19:05:00.000 +0300,147,22.1,72,high,0,2026-01-19 16:03:52.576 +0200
4176,261,2024-09-22 19:10:00.000 +0300,149,22.3,73,high,0,2026-01-19 16:03:52.576 +0200
4177,262,2024-09-22 19:15:00.000 +0300,152,22.6,74,high,0,2026-01-19 16:03:52.576 +0200
4178,262,2024-09-22 19:20:00.000 +0300,148,22.2,72,high,0,2026-01-19 16:03:52.576 +0200
4179,262,2024-09-22 19:25:00.000 +0300,151,22.5,73,high,0,2026-01-19 16:03:52.576 +0200
4180,262,2024-09-22 19:30:00.000 +0300,146,22.0,71,medium,0,2026-01-19 16:03:52.576 +0200
4181,262,2024-09-22 19:35:00.000 +0300,145,21.9,71,medium,0,2026-01-19 16:03:52.576 +0200
4182,262,2024-09-22 19:40:00.000 +0300,143,21.7,70,medium,0,2026-01-19 16:03:52.576 +0200
4183,262,2024-09-22 19:45:00.000 +0300,142,21.6,69,medium,0,2026-01-19 16:03:52.576 +0200
4184,262,2024-09-22 19:30:00.000 +0300,164,24.6,82,high,0,2026-01-19 16:03:52.576 +0200
4185,262,2024-09-22 19:35:00.000 +0300,168,25.0,84,high,0,2026-01-19 16:03:52.576 +0200
4186,262,2024-09-22 19:40:00.000 +0300,171,25.3,86,high,0,2026-01-19 16:03:52.576 +0200
4187,262,2024-09-22 19:45:00.000 +0300,169,25.1,85,high,0,2026-01-19 16:03:52.576 +0200
4188,262,2024-09-22 19:50:00.000 +0300,173,25.6,88,high,0,2026-01-19 16:03:52.576 +0200
4189,262,2024-09-22 19:55:00.000 +0300,170,25.2,86,high,0,2026-01-19 16:03:52.576 +0200
4190,262,2024-09-22 20:00:00.000 +0300,166,24.8,83,high,0,2026-01-19 16:03:52.576 +0200
4191,262,2024-09-22 20:05:00.000 +0300,162,24.3,81,medium,0,2026-01-19 16:03:52.576 +0200
4192,262,2024-09-22 20:10:00.000 +0300,159,24.0,79,medium,0,2026-01-19 16:03:52.576 +0200
4193,263,2024-09-22 20:15:00.000 +0300,157,23.8,78,medium,0,2026-01-19 16:03:52.576 +0200
4194,263,2024-09-22 19:30:00.000 +0300,132,20.9,66,high,0,2026-01-19 16:03:52.576 +0200
4195,263,2024-09-22 19:35:00.000 +0300,135,21.2,67,high,0,2026-01-19 16:03:52.576 +0200
4196,263,2024-09-22 19:40:00.000 +0300,138,21.5,69,high,0,2026-01-19 16:03:52.576 +0200
4197,263,2024-09-22 19:45:00.000 +0300,140,21.7,70,high,0,2026-01-19 16:03:52.576 +0200
4198,263,2024-09-22 19:50:00.000 +0300,142,21.9,71,high,0,2026-01-19 16:03:52.576 +0200
4199,263,2024-09-22 19:55:00.000 +0300,139,21.6,69,high,0,2026-01-19 16:03:52.576 +0200
4200,263,2024-09-22 20:00:00.000 +0300,136,21.3,68,medium,0,2026-01-19 16:03:52.576 +0200
4201,263,2024-09-22 20:05:00.000 +0300,133,21.0,66,medium,0,2026-01-19 16:03:52.576 +0200
4202,263,2024-09-22 20:10:00.000 +0300,130,20.7,65,medium,0,2026-01-19 16:03:52.576 +0200
4203,263,2024-09-22 20:15:00.000 +0300,128,20.5,64,medium,0,2026-01-19 16:03:52.576 +0200
4204,263,2024-09-22 19:30:00.000 +0300,118,19.4,59,medium,0,2026-01-19 16:03:52.576 +0200
4205,263,2024-09-22 19:35:00.000 +0300,120,19.6,60,medium,0,2026-01-19 16:03:52.576 +0200
4206,263,2024-09-22 19:40:00.000 +0300,124,19.9,62,high,0,2026-01-19 16:03:52.576 +0200
4207,263,2024-09-22 19:45:00.000 +0300,127,20.2,64,high,0,2026-01-19 16:03:52.576 +0200
4208,263,2024-09-22 19:50:00.000 +0300,125,20.0,63,high,0,2026-01-19 16:03:52.576 +0200
4209,264,2024-09-22 19:55:00.000 +0300,123,19.8,62,medium,0,2026-01-19 16:03:52.576 +0200
4210,264,2024-09-22 20:00:00.000 +0300,121,19.6,61,medium,0,2026-01-19 16:03:52.576 +0200
4211,264,2024-09-22 20:05:00.000 +0300,119,19.4,60,medium,0,2026-01-19 16:03:52.576 +0200
4212,264,2024-09-22 20:10:00.000 +0300,117,19.2,59,medium,0,2026-01-19 16:03:52.576 +0200
4213,264,2024-09-22 20:15:00.000 +0300,116,19.1,58,medium,0,2026-01-19 16:03:52.576 +0200
4214,264,2024-09-22 19:30:00.000 +0300,94,16.1,48,medium,0,2026-01-19 16:03:52.576 +0200
4215,264,2024-09-22 19:35:00.000 +0300,96,16.3,49,medium,0,2026-01-19 16:03:52.576 +0200
4216,264,2024-09-22 19:40:00.000 +0300,99,16.6,50,medium,0,2026-01-19 16:03:52.576 +0200
4217,264,2024-09-22 19:45:00.000 +0300,102,16.9,52,high,0,2026-01-19 16:03:52.576 +0200
4218,264,2024-09-22 19:50:00.000 +0300,100,16.7,51,medium,0,2026-01-19 16:03:52.576 +0200
4219,264,2024-09-22 19:55:00.000 +0300,98,16.5,50,medium,0,2026-01-19 16:03:52.576 +0200
4220,264,2024-09-22 20:00:00.000 +0300,97,16.4,49,medium,0,2026-01-19 16:03:52.576 +0200
4221,264,2024-09-22 20:05:00.000 +0300,95,16.2,48,medium,0,2026-01-19 16:03:52.576 +0200
4222,264,2024-09-22 20:10:00.000 +0300,93,16.0,47,medium,0,2026-01-19 16:03:52.576 +0200
4223,264,2024-09-22 20:15:00.000 +0300,92,15.9,46,medium,0,2026-01-19 16:03:52.576 +0200
4224,264,2024-09-22 19:30:00.000 +0300,152,23.1,75,high,0,2026-01-19 16:03:52.576 +0200
4225,265,2024-09-22 19:35:00.000 +0300,155,23.4,77,high,0,2026-01-19 16:03:52.576 +0200
4226,265,2024-09-22 19:40:00.000 +0300,158,23.7,78,high,0,2026-01-19 16:03:52.576 +0200
4227,265,2024-09-22 19:45:00.000 +0300,160,24.0,80,high,0,2026-01-19 16:03:52.576 +0200
4228,265,2024-09-22 19:50:00.000 +0300,157,23.6,78,high,0,2026-01-19 16:03:52.576 +0200
4229,265,2024-09-22 19:55:00.000 +0300,154,23.3,76,high,0,2026-01-19 16:03:52.576 +0200
4230,265,2024-09-22 20:00:00.000 +0300,151,23.0,75,medium,0,2026-01-19 16:03:52.576 +0200
4231,265,2024-09-22 20:05:00.000 +0300,149,22.8,74,medium,0,2026-01-19 16:03:52.576 +0200
4232,265,2024-09-22 20:10:00.000 +0300,147,22.6,73,medium,0,2026-01-19 16:03:52.576 +0200
4233,265,2024-09-22 20:15:00.000 +0300,145,22.4,72,medium,0,2026-01-19 16:03:52.576 +0200
4234,265,2024-09-22 20:30:00.000 +0300,146,22.9,73,high,0,2026-01-19 16:03:52.576 +0200
4235,265,2024-09-22 20:35:00.000 +0300,149,23.2,74,high,0,2026-01-19 16:03:52.576 +0200
4236,265,2024-09-22 20:40:00.000 +0300,151,23.5,76,high,0,2026-01-19 16:03:52.576 +0200
4237,265,2024-09-22 20:45:00.000 +0300,148,23.1,74,high,0,2026-01-19 16:03:52.576 +0200
4238,265,2024-09-22 20:50:00.000 +0300,152,23.7,77,high,0,2026-01-19 16:03:52.576 +0200
4239,265,2024-09-22 20:55:00.000 +0300,150,23.4,76,high,0,2026-01-19 16:03:52.576 +0200
4240,265,2024-09-22 21:00:00.000 +0300,147,23.0,74,medium,0,2026-01-19 16:03:52.576 +0200
4241,266,2024-09-22 21:05:00.000 +0300,145,22.8,73,medium,0,2026-01-19 16:03:52.576 +0200
4242,266,2024-09-22 21:10:00.000 +0300,142,22.5,71,medium,0,2026-01-19 16:03:52.576 +0200
4243,266,2024-09-22 21:15:00.000 +0300,140,22.3,70,medium,0,2026-01-19 16:03:52.576 +0200
4244,266,2024-09-22 20:30:00.000 +0300,128,20.6,64,high,0,2026-01-19 16:03:52.576 +0200
4245,266,2024-09-22 20:35:00.000 +0300,130,20.8,65,high,0,2026-01-19 16:03:52.576 +0200
4246,266,2024-09-22 20:40:00.000 +0300,133,21.1,67,high,0,2026-01-19 16:03:52.576 +0200
4247,266,2024-09-22 20:45:00.000 +0300,135,21.3,68,high,0,2026-01-19 16:03:52.576 +0200
4248,266,2024-09-22 20:50:00.000 +0300,132,21.0,66,high,0,2026-01-19 16:03:52.576 +0200
4249,266,2024-09-22 20:55:00.000 +0300,129,20.7,64,medium,0,2026-01-19 16:03:52.576 +0200
4250,266,2024-09-22 21:00:00.000 +0300,127,20.5,63,medium,0,2026-01-19 16:03:52.576 +0200
4251,266,2024-09-22 21:05:00.000 +0300,125,20.3,62,medium,0,2026-01-19 16:03:52.576 +0200
4252,266,2024-09-22 21:10:00.000 +0300,123,20.1,61,medium,0,2026-01-19 16:03:52.576 +0200
4253,266,2024-09-22 21:15:00.000 +0300,121,19.9,60,medium,0,2026-01-19 16:03:52.576 +0200
4254,266,2024-09-22 20:30:00.000 +0300,110,18.4,56,medium,0,2026-01-19 16:03:52.576 +0200
4255,266,2024-09-22 20:35:00.000 +0300,112,18.6,57,medium,0,2026-01-19 16:03:52.576 +0200
4256,266,2024-09-22 20:40:00.000 +0300,115,18.9,58,high,0,2026-01-19 16:03:52.576 +0200
4257,267,2024-09-22 20:45:00.000 +0300,117,19.1,59,high,0,2026-01-19 16:03:52.576 +0200
4258,267,2024-09-22 20:50:00.000 +0300,114,18.8,58,medium,0,2026-01-19 16:03:52.576 +0200
4259,267,2024-09-22 20:55:00.000 +0300,113,18.7,57,medium,0,2026-01-19 16:03:52.576 +0200
4260,267,2024-09-22 21:00:00.000 +0300,111,18.5,56,medium,0,2026-01-19 16:03:52.576 +0200
4261,267,2024-09-22 21:05:00.000 +0300,109,18.3,55,medium,0,2026-01-19 16:03:52.576 +0200
4262,267,2024-09-22 21:10:00.000 +0300,107,18.1,54,medium,0,2026-01-19 16:03:52.576 +0200
4263,267,2024-09-22 21:15:00.000 +0300,106,18.0,53,medium,0,2026-01-19 16:03:52.576 +0200
4264,267,2024-09-22 20:30:00.000 +0300,98,16.7,49,medium,0,2026-01-19 16:03:52.576 +0200
4265,267,2024-09-22 20:35:00.000 +0300,100,16.9,50,medium,0,2026-01-19 16:03:52.576 +0200
4266,267,2024-09-22 20:40:00.000 +0300,102,17.1,51,medium,0,2026-01-19 16:03:52.576 +0200
4267,267,2024-09-22 20:45:00.000 +0300,105,17.4,53,high,0,2026-01-19 16:03:52.576 +0200
4268,267,2024-09-22 20:50:00.000 +0300,103,17.2,52,medium,0,2026-01-19 16:03:52.576 +0200
4269,267,2024-09-22 20:55:00.000 +0300,101,17.0,51,medium,0,2026-01-19 16:03:52.576 +0200
4270,267,2024-09-22 21:00:00.000 +0300,100,16.9,50,medium,0,2026-01-19 16:03:52.576 +0200
4271,267,2024-09-22 21:05:00.000 +0300,98,16.7,49,medium,0,2026-01-19 16:03:52.576 +0200
4272,267,2024-09-22 21:10:00.000 +0300,96,16.5,48,medium,0,2026-01-19 16:03:52.576 +0200
4273,268,2024-09-22 21:15:00.000 +0300,95,16.4,47,medium,0,2026-01-19 16:03:52.576 +0200
4274,268,2024-09-22 20:30:00.000 +0300,140,22.1,70,high,0,2026-01-19 16:03:52.576 +0200
4275,268,2024-09-22 20:35:00.000 +0300,142,22.3,71,high,0,2026-01-19 16:03:52.576 +0200
4276,268,2024-09-22 20:40:00.000 +0300,145,22.6,73,high,0,2026-01-19 16:03:52.576 +0200
4277,268,2024-09-22 20:45:00.000 +0300,147,22.8,74,high,0,2026-01-19 16:03:52.576 +0200
4278,268,2024-09-22 20:50:00.000 +0300,144,22.4,72,high,0,2026-01-19 16:03:52.576 +0200
4279,268,2024-09-22 20:55:00.000 +0300,141,22.1,70,medium,0,2026-01-19 16:03:52.576 +0200
4280,268,2024-09-22 21:00:00.000 +0300,139,21.9,69,medium,0,2026-01-19 16:03:52.576 +0200
4281,268,2024-09-22 21:05:00.000 +0300,137,21.7,68,medium,0,2026-01-19 16:03:52.576 +0200
4282,268,2024-09-22 21:10:00.000 +0300,135,21.5,67,medium,0,2026-01-19 16:03:52.576 +0200
4283,268,2024-09-22 21:15:00.000 +0300,133,21.3,66,medium,0,2026-01-19 16:03:52.576 +0200
4284,268,2024-09-22 21:30:00.000 +0300,134,21.4,66,medium,0,2026-01-19 16:03:52.576 +0200
4285,268,2024-09-22 21:35:00.000 +0300,136,21.6,67,high,0,2026-01-19 16:03:52.576 +0200
4286,268,2024-09-22 21:40:00.000 +0300,132,21.1,65,medium,0,2026-01-19 16:03:52.576 +0200
4287,268,2024-09-22 21:45:00.000 +0300,130,20.9,64,medium,0,2026-01-19 16:03:52.576 +0200
4288,268,2024-09-22 21:50:00.000 +0300,128,20.7,63,medium,0,2026-01-19 16:03:52.576 +0200
4289,269,2024-09-22 21:55:00.000 +0300,129,20.8,63,medium,0,2026-01-19 16:03:52.576 +0200
4290,269,2024-09-22 22:00:00.000 +0300,126,20.4,62,medium,0,2026-01-19 16:03:52.576 +0200
4291,269,2024-09-22 22:05:00.000 +0300,124,20.2,61,medium,0,2026-01-19 16:03:52.576 +0200
4292,269,2024-09-22 22:10:00.000 +0300,122,20.0,60,medium,0,2026-01-19 16:03:52.576 +0200
4293,269,2024-09-22 22:15:00.000 +0300,120,19.8,59,medium,0,2026-01-19 16:03:52.576 +0200
4294,269,2024-09-22 21:30:00.000 +0300,118,19.6,58,medium,0,2026-01-19 16:03:52.576 +0200
4295,269,2024-09-22 21:35:00.000 +0300,120,19.8,59,medium,0,2026-01-19 16:03:52.576 +0200
4296,269,2024-09-22 21:40:00.000 +0300,123,20.1,60,high,0,2026-01-19 16:03:52.576 +0200
4297,269,2024-09-22 21:45:00.000 +0300,121,19.9,59,medium,0,2026-01-19 16:03:52.576 +0200
4298,269,2024-09-22 21:50:00.000 +0300,119,19.7,58,medium,0,2026-01-19 16:03:52.576 +0200
4299,269,2024-09-22 21:55:00.000 +0300,117,19.5,57,medium,0,2026-01-19 16:03:52.576 +0200
4300,269,2024-09-22 22:00:00.000 +0300,116,19.4,56,medium,0,2026-01-19 16:03:52.576 +0200
4301,269,2024-09-22 22:05:00.000 +0300,114,19.2,55,medium,0,2026-01-19 16:03:52.576 +0200
4302,269,2024-09-22 22:10:00.000 +0300,112,19.0,54,medium,0,2026-01-19 16:03:52.576 +0200
4303,269,2024-09-22 22:15:00.000 +0300,111,18.9,53,medium,0,2026-01-19 16:03:52.576 +0200
4304,269,2024-09-22 21:30:00.000 +0300,104,17.8,52,medium,0,2026-01-19 16:03:52.576 +0200
4305,270,2024-09-22 21:35:00.000 +0300,106,18.0,53,medium,0,2026-01-19 16:03:52.576 +0200
4306,270,2024-09-22 21:40:00.000 +0300,108,18.2,54,medium,0,2026-01-19 16:03:52.576 +0200
4307,270,2024-09-22 21:45:00.000 +0300,110,18.4,55,high,0,2026-01-19 16:03:52.576 +0200
4308,270,2024-09-22 21:50:00.000 +0300,109,18.3,54,medium,0,2026-01-19 16:03:52.576 +0200
4309,270,2024-09-22 21:55:00.000 +0300,107,18.1,53,medium,0,2026-01-19 16:03:52.576 +0200
4310,270,2024-09-22 22:00:00.000 +0300,105,17.9,52,medium,0,2026-01-19 16:03:52.576 +0200
4311,270,2024-09-22 22:05:00.000 +0300,103,17.7,51,medium,0,2026-01-19 16:03:52.576 +0200
4312,270,2024-09-22 22:10:00.000 +0300,101,17.5,50,medium,0,2026-01-19 16:03:52.576 +0200
4313,270,2024-09-22 22:15:00.000 +0300,100,17.4,49,medium,0,2026-01-19 16:03:52.576 +0200
4314,270,2024-09-22 21:30:00.000 +0300,92,16.1,47,medium,0,2026-01-19 16:03:52.576 +0200
4315,270,2024-09-22 21:35:00.000 +0300,94,16.3,48,medium,0,2026-01-19 16:03:52.576 +0200
4316,270,2024-09-22 21:40:00.000 +0300,96,16.5,49,medium,0,2026-01-19 16:03:52.576 +0200
4317,270,2024-09-22 21:45:00.000 +0300,98,16.7,50,medium,0,2026-01-19 16:03:52.576 +0200
4318,270,2024-09-22 21:50:00.000 +0300,97,16.6,49,medium,0,2026-01-19 16:03:52.576 +0200
4319,270,2024-09-22 21:55:00.000 +0300,95,16.4,48,medium,0,2026-01-19 16:03:52.576 +0200
4320,270,2024-09-22 22:00:00.000 +0300,94,16.3,48,medium,0,2026-01-19 16:03:52.576 +0200
4321,271,2024-09-22 22:05:00.000 +0300,92,16.1,47,medium,0,2026-01-19 16:03:52.576 +0200
4322,271,2024-09-22 22:10:00.000 +0300,90,15.9,46,medium,0,2026-01-19 16:03:52.576 +0200
4323,271,2024-09-22 22:15:00.000 +0300,89,15.8,45,medium,0,2026-01-19 16:03:52.576 +0200
4324,271,2024-09-22 21:30:00.000 +0300,126,20.3,63,high,0,2026-01-19 16:03:52.576 +0200
4325,271,2024-09-22 21:35:00.000 +0300,128,20.5,64,high,0,2026-01-19 16:03:52.576 +0200
4326,271,2024-09-22 21:40:00.000 +0300,130,20.7,65,high,0,2026-01-19 16:03:52.576 +0200
4327,271,2024-09-22 21:45:00.000 +0300,132,20.9,66,high,0,2026-01-19 16:03:52.576 +0200
4328,271,2024-09-22 21:50:00.000 +0300,129,20.6,64,medium,0,2026-01-19 16:03:52.576 +0200
4329,271,2024-09-22 21:55:00.000 +0300,127,20.4,63,medium,0,2026-01-19 16:03:52.576 +0200
4330,271,2024-09-22 22:00:00.000 +0300,125,20.2,62,medium,0,2026-01-19 16:03:52.576 +0200
4331,271,2024-09-22 22:05:00.000 +0300,123,20.0,61,medium,0,2026-01-19 16:03:52.576 +0200
4332,271,2024-09-22 22:10:00.000 +0300,121,19.8,60,medium,0,2026-01-19 16:03:52.576 +0200
4333,271,2024-09-22 22:15:00.000 +0300,120,19.7,59,medium,0,2026-01-19 16:03:52.576 +0200
4334,271,2024-09-22 22:30:00.000 +0300,118,19.6,58,medium,0,2026-01-19 16:03:52.576 +0200
4335,271,2024-09-22 22:35:00.000 +0300,120,19.8,59,medium,0,2026-01-19 16:03:52.576 +0200
4336,271,2024-09-22 22:40:00.000 +0300,117,19.5,57,medium,0,2026-01-19 16:03:52.576 +0200
4337,272,2024-09-22 22:45:00.000 +0300,115,19.3,56,medium,0,2026-01-19 16:03:52.576 +0200
4338,272,2024-09-22 22:50:00.000 +0300,113,19.1,55,medium,0,2026-01-19 16:03:52.576 +0200
4339,272,2024-09-22 22:55:00.000 +0300,114,19.2,55,medium,0,2026-01-19 16:03:52.576 +0200
4340,272,2024-09-22 23:00:00.000 +0300,111,18.9,54,medium,0,2026-01-19 16:03:52.576 +0200
4341,272,2024-09-22 23:05:00.000 +0300,109,18.7,53,medium,0,2026-01-19 16:03:52.576 +0200
4342,272,2024-09-22 23:10:00.000 +0300,107,18.5,52,medium,0,2026-01-19 16:03:52.576 +0200
4343,272,2024-09-22 23:15:00.000 +0300,105,18.3,51,medium,0,2026-01-19 16:03:52.576 +0200
4344,272,2024-09-22 22:30:00.000 +0300,104,17.8,51,medium,0,2026-01-19 16:03:52.576 +0200
4345,272,2024-09-22 22:35:00.000 +0300,106,18.0,52,medium,0,2026-01-19 16:03:52.576 +0200
4346,272,2024-09-22 22:40:00.000 +0300,108,18.2,53,medium,0,2026-01-19 16:03:52.576 +0200
4347,272,2024-09-22 22:45:00.000 +0300,107,18.1,53,medium,0,2026-01-19 16:03:52.576 +0200
4348,272,2024-09-22 22:50:00.000 +0300,105,17.9,52,medium,0,2026-01-19 16:03:52.576 +0200
4349,272,2024-09-22 22:55:00.000 +0300,103,17.7,51,medium,0,2026-01-19 16:03:52.576 +0200
4350,272,2024-09-22 23:00:00.000 +0300,102,17.6,50,medium,0,2026-01-19 16:03:52.576 +0200
4351,272,2024-09-22 23:05:00.000 +0300,100,17.4,49,medium,0,2026-01-19 16:03:52.576 +0200
4352,272,2024-09-22 23:10:00.000 +0300,98,17.2,48,medium,0,2026-01-19 16:03:52.576 +0200
4353,273,2024-09-22 23:15:00.000 +0300,97,17.1,47,medium,0,2026-01-19 16:03:52.576 +0200
4354,273,2024-09-22 22:30:00.000 +0300,96,16.5,48,medium,0,2026-01-19 16:03:52.576 +0200
4355,273,2024-09-22 22:35:00.000 +0300,98,16.7,49,medium,0,2026-01-19 16:03:52.576 +0200
4356,273,2024-09-22 22:40:00.000 +0300,100,16.9,50,medium,0,2026-01-19 16:03:52.576 +0200
4357,273,2024-09-22 22:45:00.000 +0300,101,17.0,50,medium,0,2026-01-19 16:03:52.576 +0200
4358,273,2024-09-22 22:50:00.000 +0300,99,16.8,49,medium,0,2026-01-19 16:03:52.576 +0200
4359,273,2024-09-22 22:55:00.000 +0300,97,16.6,48,medium,0,2026-01-19 16:03:52.576 +0200
4360,273,2024-09-22 23:00:00.000 +0300,96,16.5,48,medium,0,2026-01-19 16:03:52.576 +0200
4361,273,2024-09-22 23:05:00.000 +0300,94,16.3,47,medium,0,2026-01-19 16:03:52.576 +0200
4362,273,2024-09-22 23:10:00.000 +0300,92,16.1,46,medium,0,2026-01-19 16:03:52.576 +0200
4363,273,2024-09-22 23:15:00.000 +0300,91,16.0,45,medium,0,2026-01-19 16:03:52.576 +0200
4364,273,2024-09-22 22:30:00.000 +0300,110,18.6,55,medium,0,2026-01-19 16:03:52.576 +0200
4365,273,2024-09-22 22:35:00.000 +0300,112,18.8,56,medium,0,2026-01-19 16:03:52.576 +0200
4366,273,2024-09-22 22:40:00.000 +0300,114,19.0,57,high,0,2026-01-19 16:03:52.576 +0200
4367,273,2024-09-22 22:45:00.000 +0300,113,18.9,56,medium,0,2026-01-19 16:03:52.576 +0200
4368,273,2024-09-22 22:50:00.000 +0300,111,18.7,55,medium,0,2026-01-19 16:03:52.576 +0200
4369,274,2024-09-22 22:55:00.000 +0300,109,18.5,54,medium,0,2026-01-19 16:03:52.576 +0200
4370,274,2024-09-22 23:00:00.000 +0300,108,18.4,54,medium,0,2026-01-19 16:03:52.576 +0200
4371,274,2024-09-22 23:05:00.000 +0300,106,18.2,53,medium,0,2026-01-19 16:03:52.576 +0200
4372,274,2024-09-22 23:10:00.000 +0300,104,18.0,52,medium,0,2026-01-19 16:03:52.576 +0200
4373,274,2024-09-22 23:15:00.000 +0300,103,17.9,51,medium,0,2026-01-19 16:03:52.576 +0200
4374,274,2024-09-22 22:30:00.000 +0300,90,15.9,45,medium,0,2026-01-19 16:03:52.576 +0200
4375,274,2024-09-22 22:35:00.000 +0300,92,16.1,46,medium,0,2026-01-19 16:03:52.576 +0200
4376,274,2024-09-22 22:40:00.000 +0300,94,16.3,47,medium,0,2026-01-19 16:03:52.576 +0200
4377,274,2024-09-22 22:45:00.000 +0300,95,16.4,47,medium,0,2026-01-19 16:03:52.576 +0200
4378,274,2024-09-22 22:50:00.000 +0300,93,16.2,46,medium,0,2026-01-19 16:03:52.576 +0200
4379,274,2024-09-22 22:55:00.000 +0300,91,16.0,45,medium,0,2026-01-19 16:03:52.576 +0200
4380,274,2024-09-22 23:00:00.000 +0300,90,15.9,45,medium,0,2026-01-19 16:03:52.576 +0200
4381,274,2024-09-22 23:05:00.000 +0300,88,15.7,44,medium,0,2026-01-19 16:03:52.576 +0200
4382,274,2024-09-22 23:10:00.000 +0300,86,15.5,43,medium,0,2026-01-19 16:03:52.576 +0200
4383,274,2024-09-22 23:15:00.000 +0300,85,15.4,42,medium,0,2026-01-19 16:03:52.576 +0200
4384,274,2024-09-22 23:30:00.000 +0300,82,15.1,42,medium,0,2026-01-19 16:03:52.576 +0200
4385,275,2024-09-22 23:35:00.000 +0300,84,15.3,43,medium,0,2026-01-19 16:03:52.576 +0200
4386,275,2024-09-22 23:40:00.000 +0300,81,15.0,42,medium,0,2026-01-19 16:03:52.576 +0200
4387,275,2024-09-22 23:45:00.000 +0300,79,14.8,41,medium,0,2026-01-19 16:03:52.576 +0200
4388,275,2024-09-22 23:50:00.000 +0300,77,14.6,40,medium,0,2026-01-19 16:03:52.576 +0200
4389,275,2024-09-22 23:55:00.000 +0300,78,14.7,40,medium,0,2026-01-19 16:03:52.576 +0200
4390,275,2024-09-23 00:00:00.000 +0300,75,14.4,39,medium,0,2026-01-19 16:03:52.576 +0200
4391,275,2024-09-23 00:05:00.000 +0300,73,14.2,38,medium,0,2026-01-19 16:03:52.576 +0200
4392,275,2024-09-23 00:10:00.000 +0300,71,14.0,37,medium,0,2026-01-19 16:03:52.576 +0200
4393,275,2024-09-23 00:15:00.000 +0300,70,13.9,36,medium,0,2026-01-19 16:03:52.576 +0200
4394,275,2024-09-22 23:30:00.000 +0300,74,14.5,38,medium,0,2026-01-19 16:03:52.576 +0200
4395,275,2024-09-22 23:35:00.000 +0300,76,14.7,39,medium,0,2026-01-19 16:03:52.576 +0200
4396,275,2024-09-22 23:40:00.000 +0300,75,14.6,39,medium,0,2026-01-19 16:03:52.576 +0200
4397,275,2024-09-22 23:45:00.000 +0300,73,14.4,38,medium,0,2026-01-19 16:03:52.576 +0200
4398,275,2024-09-22 23:50:00.000 +0300,71,14.2,37,medium,0,2026-01-19 16:03:52.576 +0200
4399,275,2024-09-22 23:55:00.000 +0300,72,14.3,37,medium,0,2026-01-19 16:03:52.576 +0200
4400,275,2024-09-23 00:00:00.000 +0300,69,14.0,36,medium,0,2026-01-19 16:03:52.576 +0200
4401,276,2024-09-23 00:05:00.000 +0300,67,13.8,35,medium,0,2026-01-19 16:03:52.576 +0200
4402,276,2024-09-23 00:10:00.000 +0300,65,13.6,34,medium,0,2026-01-19 16:03:52.576 +0200
4403,276,2024-09-23 00:15:00.000 +0300,64,13.5,33,medium,0,2026-01-19 16:03:52.576 +0200
4404,276,2024-09-22 23:30:00.000 +0300,68,13.9,35,medium,0,2026-01-19 16:03:52.576 +0200
4405,276,2024-09-22 23:35:00.000 +0300,70,14.1,36,medium,0,2026-01-19 16:03:52.576 +0200
4406,276,2024-09-22 23:40:00.000 +0300,69,14.0,36,medium,0,2026-01-19 16:03:52.576 +0200
4407,276,2024-09-22 23:45:00.000 +0300,67,13.8,35,medium,0,2026-01-19 16:03:52.576 +0200
4408,276,2024-09-22 23:50:00.000 +0300,65,13.6,34,medium,0,2026-01-19 16:03:52.576 +0200
4409,276,2024-09-22 23:55:00.000 +0300,66,13.7,34,medium,0,2026-01-19 16:03:52.576 +0200
4410,276,2024-09-23 00:00:00.000 +0300,63,13.4,33,medium,0,2026-01-19 16:03:52.576 +0200
4411,276,2024-09-23 00:05:00.000 +0300,61,13.2,32,medium,0,2026-01-19 16:03:52.576 +0200
4412,276,2024-09-23 00:10:00.000 +0300,60,13.1,31,medium,0,2026-01-19 16:03:52.576 +0200
4413,276,2024-09-23 00:15:00.000 +0300,58,12.9,30,medium,0,2026-01-19 16:03:52.576 +0200
4414,276,2024-09-22 23:30:00.000 +0300,62,13.3,32,medium,0,2026-01-19 16:03:52.576 +0200
4415,276,2024-09-22 23:35:00.000 +0300,64,13.5,33,medium,0,2026-01-19 16:03:52.576 +0200
4416,276,2024-09-22 23:40:00.000 +0300,63,13.4,33,medium,0,2026-01-19 16:03:52.576 +0200
4417,277,2024-09-22 23:45:00.000 +0300,61,13.2,32,medium,0,2026-01-19 16:03:52.576 +0200
4418,277,2024-09-22 23:50:00.000 +0300,59,13.0,31,medium,0,2026-01-19 16:03:52.576 +0200
4419,277,2024-09-22 23:55:00.000 +0300,60,13.1,31,medium,0,2026-01-19 16:03:52.576 +0200
4420,277,2024-09-23 00:00:00.000 +0300,57,12.8,30,medium,0,2026-01-19 16:03:52.576 +0200
4421,277,2024-09-23 00:05:00.000 +0300,55,12.6,29,medium,0,2026-01-19 16:03:52.576 +0200
4422,277,2024-09-23 00:10:00.000 +0300,54,12.5,28,medium,0,2026-01-19 16:03:52.576 +0200
4423,277,2024-09-23 00:15:00.000 +0300,52,12.3,27,medium,0,2026-01-19 16:03:52.576 +0200
4424,277,2024-09-22 23:30:00.000 +0300,88,15.6,44,medium,0,2026-01-19 16:03:52.576 +0200
4425,277,2024-09-22 23:35:00.000 +0300,90,15.8,45,medium,0,2026-01-19 16:03:52.576 +0200
4426,277,2024-09-22 23:40:00.000 +0300,87,15.5,44,medium,0,2026-01-19 16:03:52.576 +0200
4427,277,2024-09-22 23:45:00.000 +0300,85,15.3,43,medium,0,2026-01-19 16:03:52.576 +0200
4428,277,2024-09-22 23:50:00.000 +0300,83,15.1,42,medium,0,2026-01-19 16:03:52.576 +0200
4429,277,2024-09-22 23:55:00.000 +0300,84,15.2,42,medium,0,2026-01-19 16:03:52.576 +0200
4430,277,2024-09-23 00:00:00.000 +0300,81,14.9,41,medium,0,2026-01-19 16:03:52.576 +0200
4431,277,2024-09-23 00:05:00.000 +0300,79,14.7,40,medium,0,2026-01-19 16:03:52.576 +0200
4432,277,2024-09-23 00:10:00.000 +0300,77,14.5,39,medium,0,2026-01-19 16:03:52.576 +0200
4433,278,2024-09-23 00:15:00.000 +0300,76,14.4,38,medium,0,2026-01-19 16:03:52.576 +0200
4434,278,2024-09-22 23:30:00.000 +0300,82,15.1,42,medium,0,2026-01-19 16:03:52.576 +0200
4435,278,2024-09-22 23:35:00.000 +0300,84,15.3,43,medium,0,2026-01-19 16:03:52.576 +0200
4436,278,2024-09-22 23:40:00.000 +0300,81,15.0,42,medium,0,2026-01-19 16:03:52.576 +0200
4437,278,2024-09-22 23:45:00.000 +0300,79,14.8,41,medium,0,2026-01-19 16:03:52.576 +0200
4438,278,2024-09-22 23:50:00.000 +0300,77,14.6,40,medium,0,2026-01-19 16:03:52.576 +0200
4439,278,2024-09-22 23:55:00.000 +0300,78,14.7,40,medium,0,2026-01-19 16:03:52.576 +0200
4440,278,2024-09-23 00:00:00.000 +0300,75,14.4,39,medium,0,2026-01-19 16:03:52.576 +0200
4441,278,2024-09-23 00:05:00.000 +0300,73,14.2,38,medium,0,2026-01-19 16:03:52.576 +0200
4442,278,2024-09-23 00:10:00.000 +0300,71,14.0,37,medium,0,2026-01-19 16:03:52.576 +0200
4443,278,2024-09-23 00:15:00.000 +0300,70,13.9,36,medium,0,2026-01-19 16:03:52.576 +0200
4444,278,2024-09-22 23:30:00.000 +0300,74,14.5,38,medium,0,2026-01-19 16:03:52.576 +0200
4445,278,2024-09-22 23:35:00.000 +0300,76,14.7,39,medium,0,2026-01-19 16:03:52.576 +0200
4446,278,2024-09-22 23:40:00.000 +0300,75,14.6,39,medium,0,2026-01-19 16:03:52.576 +0200
4447,278,2024-09-22 23:45:00.000 +0300,73,14.4,38,medium,0,2026-01-19 16:03:52.576 +0200
4448,278,2024-09-22 23:50:00.000 +0300,71,14.2,37,medium,0,2026-01-19 16:03:52.576 +0200
4449,279,2024-09-22 23:55:00.000 +0300,72,14.3,37,medium,0,2026-01-19 16:03:52.576 +0200
4450,279,2024-09-23 00:00:00.000 +0300,69,14.0,36,medium,0,2026-01-19 16:03:52.576 +0200
4451,279,2024-09-23 00:05:00.000 +0300,67,13.8,35,medium,0,2026-01-19 16:03:52.576 +0200
4452,279,2024-09-23 00:10:00.000 +0300,65,13.6,34,medium,0,2026-01-19 16:03:52.576 +0200
4453,279,2024-09-23 00:15:00.000 +0300,64,13.5,33,medium,0,2026-01-19 16:03:52.576 +0200
4454,279,2024-09-22 23:30:00.000 +0300,68,13.9,35,medium,0,2026-01-19 16:03:52.576 +0200
4455,279,2024-09-22 23:35:00.000 +0300,70,14.1,36,medium,0,2026-01-19 16:03:52.576 +0200
4456,279,2024-09-22 23:40:00.000 +0300,69,14.0,36,medium,0,2026-01-19 16:03:52.576 +0200
4457,279,2024-09-22 23:45:00.000 +0300,67,13.8,35,medium,0,2026-01-19 16:03:52.576 +0200
4458,279,2024-09-22 23:50:00.000 +0300,65,13.6,34,medium,0,2026-01-19 16:03:52.576 +0200
4459,279,2024-09-22 23:55:00.000 +0300,66,13.7,34,medium,0,2026-01-19 16:03:52.576 +0200
4460,279,2024-09-23 00:00:00.000 +0300,63,13.4,33,medium,0,2026-01-19 16:03:52.576 +0200
4461,279,2024-09-23 00:05:00.000 +0300,61,13.2,32,medium,0,2026-01-19 16:03:52.576 +0200
4462,279,2024-09-23 00:10:00.000 +0300,60,13.1,31,medium,0,2026-01-19 16:03:52.576 +0200
4463,279,2024-09-23 00:15:00.000 +0300,58,12.9,30,medium,0,2026-01-19 16:03:52.576 +0200
4464,279,2024-09-22 23:30:00.000 +0300,62,13.3,32,medium,0,2026-01-19 16:03:52.576 +0200
4465,280,2024-09-22 23:35:00.000 +0300,64,13.5,33,medium,0,2026-01-19 16:03:52.576 +0200
4466,280,2024-09-22 23:40:00.000 +0300,63,13.4,33,medium,0,2026-01-19 16:03:52.576 +0200
4467,280,2024-09-22 23:45:00.000 +0300,61,13.2,32,medium,0,2026-01-19 16:03:52.576 +0200
4468,280,2024-09-22 23:50:00.000 +0300,59,13.0,31,medium,0,2026-01-19 16:03:52.576 +0200
4469,280,2024-09-22 23:55:00.000 +0300,60,13.1,31,medium,0,2026-01-19 16:03:52.576 +0200
4470,280,2024-09-23 00:00:00.000 +0300,57,12.8,30,medium,0,2026-01-19 16:03:52.576 +0200
4471,280,2024-09-23 00:05:00.000 +0300,55,12.6,29,medium,0,2026-01-19 16:03:52.576 +0200
4472,280,2024-09-23 00:10:00.000 +0300,54,12.5,28,medium,0,2026-01-19 16:03:52.576 +0200
4473,280,2024-09-23 00:15:00.000 +0300,52,12.3,27,medium,0,2026-01-19 16:03:52.576 +0200
4474,280,2024-09-22 23:30:00.000 +0300,88,15.6,44,medium,0,2026-01-19 16:03:52.576 +0200
4475,280,2024-09-22 23:35:00.000 +0300,90,15.8,45,medium,0,2026-01-19 16:03:52.576 +0200
4476,280,2024-09-22 23:40:00.000 +0300,87,15.5,44,medium,0,2026-01-19 16:03:52.576 +0200
4477,280,2024-09-22 23:45:00.000 +0300,85,15.3,43,medium,0,2026-01-19 16:03:52.576 +0200
4478,280,2024-09-22 23:50:00.000 +0300,83,15.1,42,medium,0,2026-01-19 16:03:52.576 +0200
4479,280,2024-09-22 23:55:00.000 +0300,84,15.2,42,medium,0,2026-01-19 16:03:52.576 +0200
4480,280,2024-09-23 00:00:00.000 +0300,81,14.9,41,medium,0,2026-01-19 16:03:52.576 +0200
4481,281,2024-09-23 00:05:00.000 +0300,79,14.7,40,medium,0,2026-01-19 16:03:52.576 +0200
4482,281,2024-09-23 00:10:00.000 +0300,77,14.5,39,medium,0,2026-01-19 16:03:52.576 +0200
4483,281,2024-09-23 00:15:00.000 +0300,76,14.4,38,medium,0,2026-01-19 16:03:52.576 +0200
4484,281,2024-09-23 01:00:00.000 +0300,62,13.2,32,medium,0,2026-01-19 16:03:52.576 +0200
4485,281,2024-09-23 01:05:00.000 +0300,64,13.4,33,medium,0,2026-01-19 16:03:52.576 +0200
4486,281,2024-09-23 01:10:00.000 +0300,61,13.1,32,medium,0,2026-01-19 16:03:52.576 +0200
4487,281,2024-09-23 01:15:00.000 +0300,59,12.9,31,medium,0,2026-01-19 16:03:52.576 +0200
4488,281,2024-09-23 01:20:00.000 +0300,57,12.7,30,medium,0,2026-01-19 16:03:52.576 +0200
4489,281,2024-09-23 01:25:00.000 +0300,58,12.8,30,medium,0,2026-01-19 16:03:52.576 +0200
4490,281,2024-09-23 01:30:00.000 +0300,55,12.5,29,medium,0,2026-01-19 16:03:52.576 +0200
4491,281,2024-09-23 01:35:00.000 +0300,53,12.3,28,medium,0,2026-01-19 16:03:52.576 +0200
4492,281,2024-09-23 01:40:00.000 +0300,52,12.2,27,medium,0,2026-01-19 16:03:52.576 +0200
4493,281,2024-09-23 01:45:00.000 +0300,50,12.0,26,medium,0,2026-01-19 16:03:52.576 +0200
4494,281,2024-09-23 01:00:00.000 +0300,58,12.8,30,medium,0,2026-01-19 16:03:52.576 +0200
4495,281,2024-09-23 01:05:00.000 +0300,60,13.0,31,medium,0,2026-01-19 16:03:52.576 +0200
4496,281,2024-09-23 01:10:00.000 +0300,59,12.9,31,medium,0,2026-01-19 16:03:52.576 +0200
4497,282,2024-09-23 01:15:00.000 +0300,57,12.7,30,medium,0,2026-01-19 16:03:52.576 +0200
4498,282,2024-09-23 01:20:00.000 +0300,55,12.5,29,medium,0,2026-01-19 16:03:52.576 +0200
4499,282,2024-09-23 01:25:00.000 +0300,56,12.6,29,medium,0,2026-01-19 16:03:52.576 +0200
4500,282,2024-09-23 01:30:00.000 +0300,53,12.3,28,medium,0,2026-01-19 16:03:52.576 +0200
4501,282,2024-09-23 01:35:00.000 +0300,51,12.1,27,medium,0,2026-01-19 16:03:52.576 +0200
4502,282,2024-09-23 01:40:00.000 +0300,50,12.0,26,medium,0,2026-01-19 16:03:52.576 +0200
4503,282,2024-09-23 01:45:00.000 +0300,49,11.9,25,medium,0,2026-01-19 16:03:52.576 +0200
4504,282,2024-09-23 01:00:00.000 +0300,54,12.4,28,medium,0,2026-01-19 16:03:52.576 +0200
4505,282,2024-09-23 01:05:00.000 +0300,56,12.6,29,medium,0,2026-01-19 16:03:52.576 +0200
4506,282,2024-09-23 01:10:00.000 +0300,55,12.5,29,medium,0,2026-01-19 16:03:52.576 +0200
4507,282,2024-09-23 01:15:00.000 +0300,53,12.3,28,medium,0,2026-01-19 16:03:52.576 +0200
4508,282,2024-09-23 01:20:00.000 +0300,51,12.1,27,medium,0,2026-01-19 16:03:52.576 +0200
4509,282,2024-09-23 01:25:00.000 +0300,52,12.2,27,medium,0,2026-01-19 16:03:52.576 +0200
4510,282,2024-09-23 01:30:00.000 +0300,49,11.9,26,medium,0,2026-01-19 16:03:52.576 +0200
4511,282,2024-09-23 01:35:00.000 +0300,47,11.7,25,medium,0,2026-01-19 16:03:52.576 +0200
4512,282,2024-09-23 01:40:00.000 +0300,46,11.6,24,medium,0,2026-01-19 16:03:52.576 +0200
4513,283,2024-09-23 01:45:00.000 +0300,45,11.5,23,medium,0,2026-01-19 16:03:52.576 +0200
4514,283,2024-09-23 01:00:00.000 +0300,50,12.0,26,medium,0,2026-01-19 16:03:52.576 +0200
4515,283,2024-09-23 01:05:00.000 +0300,52,12.2,27,medium,0,2026-01-19 16:03:52.576 +0200
4516,283,2024-09-23 01:10:00.000 +0300,51,12.1,27,medium,0,2026-01-19 16:03:52.576 +0200
4517,283,2024-09-23 01:15:00.000 +0300,49,11.9,26,medium,0,2026-01-19 16:03:52.576 +0200
4518,283,2024-09-23 01:20:00.000 +0300,47,11.7,25,medium,0,2026-01-19 16:03:52.576 +0200
4519,283,2024-09-23 01:25:00.000 +0300,48,11.8,25,medium,0,2026-01-19 16:03:52.576 +0200
4520,283,2024-09-23 01:30:00.000 +0300,45,11.5,24,medium,0,2026-01-19 16:03:52.576 +0200
4521,283,2024-09-23 01:35:00.000 +0300,43,11.3,23,medium,0,2026-01-19 16:03:52.576 +0200
4522,283,2024-09-23 01:40:00.000 +0300,42,11.2,22,medium,0,2026-01-19 16:03:52.576 +0200
4523,283,2024-09-23 01:45:00.000 +0300,41,11.1,21,medium,0,2026-01-19 16:03:52.576 +0200
4524,283,2024-09-23 01:00:00.000 +0300,66,13.6,34,medium,0,2026-01-19 16:03:52.576 +0200
4525,283,2024-09-23 01:05:00.000 +0300,68,13.8,35,medium,0,2026-01-19 16:03:52.576 +0200
4526,283,2024-09-23 01:10:00.000 +0300,65,13.5,34,medium,0,2026-01-19 16:03:52.576 +0200
4527,283,2024-09-23 01:15:00.000 +0300,63,13.3,33,medium,0,2026-01-19 16:03:52.576 +0200
4528,283,2024-09-23 01:20:00.000 +0300,61,13.1,32,medium,0,2026-01-19 16:03:52.576 +0200
4529,284,2024-09-23 01:25:00.000 +0300,62,13.2,32,medium,0,2026-01-19 16:03:52.576 +0200
4530,284,2024-09-23 01:30:00.000 +0300,59,12.9,31,medium,0,2026-01-19 16:03:52.576 +0200
4531,284,2024-09-23 01:35:00.000 +0300,57,12.7,30,medium,0,2026-01-19 16:03:52.576 +0200
4532,284,2024-09-23 01:40:00.000 +0300,56,12.6,29,medium,0,2026-01-19 16:03:52.576 +0200
4533,284,2024-09-23 01:45:00.000 +0300,54,12.4,28,medium,0,2026-01-19 16:03:52.576 +0200
4534,284,2024-09-23 01:50:00.000 +0300,48,11.8,25,medium,0,2026-01-19 16:03:52.576 +0200
4535,284,2024-09-23 01:55:00.000 +0300,47,11.7,24,medium,0,2026-01-19 16:03:52.576 +0200
4536,284,2024-09-23 02:00:00.000 +0300,45,11.5,23,medium,0,2026-01-19 16:03:52.576 +0200
4537,284,2024-09-23 02:05:00.000 +0300,44,11.4,23,medium,0,2026-01-19 16:03:52.576 +0200
4538,284,2024-09-23 02:10:00.000 +0300,43,11.3,22,medium,0,2026-01-19 16:03:52.576 +0200
4539,284,2024-09-23 02:15:00.000 +0300,44,11.4,22,medium,0,2026-01-19 16:03:52.576 +0200
4540,284,2024-09-23 02:20:00.000 +0300,42,11.2,21,medium,0,2026-01-19 16:03:52.576 +0200
4541,284,2024-09-23 02:25:00.000 +0300,41,11.1,21,medium,0,2026-01-19 16:03:52.576 +0200
4542,284,2024-09-23 02:30:00.000 +0300,40,11.0,20,medium,0,2026-01-19 16:03:52.576 +0200
4543,284,2024-09-23 02:35:00.000 +0300,39,10.9,20,medium,0,2026-01-19 16:03:52.576 +0200
4544,284,2024-09-23 01:50:00.000 +0300,46,11.6,24,medium,0,2026-01-19 16:03:52.576 +0200
4545,285,2024-09-23 01:55:00.000 +0300,45,11.5,24,medium,0,2026-01-19 16:03:52.576 +0200
4546,285,2024-09-23 02:00:00.000 +0300,44,11.4,23,medium,0,2026-01-19 16:03:52.576 +0200
4547,285,2024-09-23 02:05:00.000 +0300,43,11.3,22,medium,0,2026-01-19 16:03:52.576 +0200
4548,285,2024-09-23 02:10:00.000 +0300,42,11.2,22,medium,0,2026-01-19 16:03:52.576 +0200
4549,285,2024-09-23 02:15:00.000 +0300,43,11.3,22,medium,0,2026-01-19 16:03:52.576 +0200
4550,285,2024-09-23 02:20:00.000 +0300,41,11.1,21,medium,0,2026-01-19 16:03:52.576 +0200
4551,285,2024-09-23 02:25:00.000 +0300,40,11.0,21,medium,0,2026-01-19 16:03:52.576 +0200
4552,285,2024-09-23 02:30:00.000 +0300,39,10.9,20,medium,0,2026-01-19 16:03:52.576 +0200
4553,285,2024-09-23 02:35:00.000 +0300,38,10.8,20,medium,0,2026-01-19 16:03:52.576 +0200
4554,285,2024-09-23 01:50:00.000 +0300,44,11.4,23,medium,0,2026-01-19 16:03:52.576 +0200
4555,285,2024-09-23 01:55:00.000 +0300,43,11.3,22,medium,0,2026-01-19 16:03:52.576 +0200
4556,285,2024-09-23 02:00:00.000 +0300,42,11.2,22,medium,0,2026-01-19 16:03:52.576 +0200
4557,285,2024-09-23 02:05:00.000 +0300,41,11.1,21,medium,0,2026-01-19 16:03:52.576 +0200
4558,285,2024-09-23 02:10:00.000 +0300,40,11.0,21,medium,0,2026-01-19 16:03:52.576 +0200
4559,285,2024-09-23 02:15:00.000 +0300,41,11.1,21,medium,0,2026-01-19 16:03:52.576 +0200
4560,285,2024-09-23 02:20:00.000 +0300,39,10.9,20,medium,0,2026-01-19 16:03:52.576 +0200
4561,286,2024-09-23 02:25:00.000 +0300,38,10.8,20,medium,0,2026-01-19 16:03:52.576 +0200
4562,286,2024-09-23 02:30:00.000 +0300,37,10.7,19,medium,0,2026-01-19 16:03:52.576 +0200
4563,286,2024-09-23 02:35:00.000 +0300,36,10.6,19,medium,0,2026-01-19 16:03:52.576 +0200
4564,286,2024-09-23 01:50:00.000 +0300,42,11.2,22,medium,0,2026-01-19 16:03:52.576 +0200
4565,286,2024-09-23 01:55:00.000 +0300,41,11.1,21,medium,0,2026-01-19 16:03:52.576 +0200
4566,286,2024-09-23 02:00:00.000 +0300,40,11.0,21,medium,0,2026-01-19 16:03:52.576 +0200
4567,286,2024-09-23 02:05:00.000 +0300,39,10.9,20,medium,0,2026-01-19 16:03:52.576 +0200
4568,286,2024-09-23 02:10:00.000 +0300,38,10.8,20,medium,0,2026-01-19 16:03:52.576 +0200
4569,286,2024-09-23 02:15:00.000 +0300,39,10.9,20,medium,0,2026-01-19 16:03:52.576 +0200
4570,286,2024-09-23 02:20:00.000 +0300,37,10.7,19,medium,0,2026-01-19 16:03:52.576 +0200
4571,286,2024-09-23 02:25:00.000 +0300,36,10.6,19,medium,0,2026-01-19 16:03:52.576 +0200
4572,286,2024-09-23 02:30:00.000 +0300,35,10.5,18,medium,0,2026-01-19 16:03:52.576 +0200
4573,286,2024-09-23 02:35:00.000 +0300,34,10.4,18,medium,0,2026-01-19 16:03:52.576 +0200
4574,286,2024-09-23 01:50:00.000 +0300,50,12.0,26,medium,0,2026-01-19 16:03:52.576 +0200
4575,286,2024-09-23 01:55:00.000 +0300,49,11.9,25,medium,0,2026-01-19 16:03:52.576 +0200
4576,286,2024-09-23 02:00:00.000 +0300,48,11.8,25,medium,0,2026-01-19 16:03:52.576 +0200
4577,287,2024-09-23 02:05:00.000 +0300,47,11.7,24,medium,0,2026-01-19 16:03:52.576 +0200
4578,287,2024-09-23 02:10:00.000 +0300,46,11.6,24,medium,0,2026-01-19 16:03:52.576 +0200
4579,287,2024-09-23 02:15:00.000 +0300,47,11.7,24,medium,0,2026-01-19 16:03:52.576 +0200
4580,287,2024-09-23 02:20:00.000 +0300,45,11.5,23,medium,0,2026-01-19 16:03:52.576 +0200
4581,287,2024-09-23 02:25:00.000 +0300,44,11.4,23,medium,0,2026-01-19 16:03:52.576 +0200
4582,287,2024-09-23 02:30:00.000 +0300,43,11.3,22,medium,0,2026-01-19 16:03:52.576 +0200
4583,287,2024-09-23 02:35:00.000 +0300,42,11.2,22,medium,0,2026-01-19 16:03:52.576 +0200
4584,287,2024-09-23 03:30:00.000 +0300,31,10.2,16,medium,0,2026-01-19 16:03:52.576 +0200
4585,287,2024-09-23 03:35:00.000 +0300,32,10.3,16,medium,0,2026-01-19 16:03:52.576 +0200
4586,287,2024-09-23 03:40:00.000 +0300,30,10.1,15,medium,0,2026-01-19 16:03:52.576 +0200
4587,287,2024-09-23 03:45:00.000 +0300,31,10.2,15,medium,0,2026-01-19 16:03:52.576 +0200
4588,287,2024-09-23 03:50:00.000 +0300,29,10.0,14,medium,0,2026-01-19 16:03:52.576 +0200
4589,287,2024-09-23 03:55:00.000 +0300,30,10.1,15,medium,0,2026-01-19 16:03:52.576 +0200
4590,287,2024-09-23 04:00:00.000 +0300,28,9.9,14,medium,0,2026-01-19 16:03:52.576 +0200
4591,287,2024-09-23 04:05:00.000 +0300,29,10.0,14,medium,0,2026-01-19 16:03:52.576 +0200
4592,287,2024-09-23 04:10:00.000 +0300,27,9.8,13,medium,0,2026-01-19 16:03:52.576 +0200
4593,288,2024-09-23 04:15:00.000 +0300,28,9.9,13,medium,0,2026-01-19 16:03:52.576 +0200
4594,288,2024-09-23 03:30:00.000 +0300,29,10.0,15,medium,0,2026-01-19 16:03:52.576 +0200
4595,288,2024-09-23 03:35:00.000 +0300,30,10.1,15,medium,0,2026-01-19 16:03:52.576 +0200
4596,288,2024-09-23 03:40:00.000 +0300,28,9.9,14,medium,0,2026-01-19 16:03:52.576 +0200
4597,288,2024-09-23 03:45:00.000 +0300,29,10.0,14,medium,0,2026-01-19 16:03:52.576 +0200
4598,288,2024-09-23 03:50:00.000 +0300,27,9.8,13,medium,0,2026-01-19 16:03:52.576 +0200
4599,288,2024-09-23 03:55:00.000 +0300,28,9.9,14,medium,0,2026-01-19 16:03:52.576 +0200
4600,288,2024-09-23 04:00:00.000 +0300,26,9.7,13,medium,0,2026-01-19 16:03:52.576 +0200
4601,288,2024-09-23 04:05:00.000 +0300,27,9.8,13,medium,0,2026-01-19 16:03:52.576 +0200
4602,288,2024-09-23 04:10:00.000 +0300,25,9.6,12,medium,0,2026-01-19 16:03:52.576 +0200
4603,288,2024-09-23 04:15:00.000 +0300,26,9.7,12,medium,0,2026-01-19 16:03:52.576 +0200
4604,288,2024-09-23 03:30:00.000 +0300,27,9.8,14,medium,0,2026-01-19 16:03:52.576 +0200
4605,288,2024-09-23 03:35:00.000 +0300,28,9.9,14,medium,0,2026-01-19 16:03:52.576 +0200
4606,288,2024-09-23 03:40:00.000 +0300,26,9.7,13,medium,0,2026-01-19 16:03:52.576 +0200
4607,288,2024-09-23 03:45:00.000 +0300,27,9.8,13,medium,0,2026-01-19 16:03:52.576 +0200
4608,288,2024-09-23 03:50:00.000 +0300,25,9.6,12,medium,0,2026-01-19 16:03:52.576 +0200
4609,289,2024-09-23 03:55:00.000 +0300,26,9.7,13,medium,0,2026-01-19 16:03:52.576 +0200
4610,289,2024-09-23 04:00:00.000 +0300,24,9.5,12,medium,0,2026-01-19 16:03:52.576 +0200
4611,289,2024-09-23 04:05:00.000 +0300,25,9.6,12,medium,0,2026-01-19 16:03:52.576 +0200
4612,289,2024-09-23 04:10:00.000 +0300,23,9.4,11,medium,0,2026-01-19 16:03:52.576 +0200
4613,289,2024-09-23 04:15:00.000 +0300,24,9.5,11,medium,0,2026-01-19 16:03:52.576 +0200
4614,289,2024-09-23 03:30:00.000 +0300,33,10.4,17,medium,0,2026-01-19 16:03:52.576 +0200
4615,289,2024-09-23 03:35:00.000 +0300,34,10.5,17,medium,0,2026-01-19 16:03:52.576 +0200
4616,289,2024-09-23 03:40:00.000 +0300,32,10.3,16,medium,0,2026-01-19 16:03:52.576 +0200
4617,289,2024-09-23 03:45:00.000 +0300,33,10.4,16,medium,0,2026-01-19 16:03:52.576 +0200
4618,289,2024-09-23 03:50:00.000 +0300,31,10.2,15,medium,0,2026-01-19 16:03:52.576 +0200
4619,289,2024-09-23 03:55:00.000 +0300,32,10.3,16,medium,0,2026-01-19 16:03:52.576 +0200
4620,289,2024-09-23 04:00:00.000 +0300,30,10.1,15,medium,0,2026-01-19 16:03:52.576 +0200
4621,289,2024-09-23 04:05:00.000 +0300,31,10.2,15,medium,0,2026-01-19 16:03:52.576 +0200
4622,289,2024-09-23 04:10:00.000 +0300,29,10.0,14,medium,0,2026-01-19 16:03:52.576 +0200
4623,289,2024-09-23 04:15:00.000 +0300,30,10.1,14,medium,0,2026-01-19 16:03:52.576 +0200
4624,289,2024-09-23 03:30:00.000 +0300,35,10.7,18,medium,0,2026-01-19 16:03:52.576 +0200
4625,290,2024-09-23 03:35:00.000 +0300,36,10.8,18,medium,0,2026-01-19 16:03:52.576 +0200
4626,290,2024-09-23 03:40:00.000 +0300,34,10.6,17,medium,0,2026-01-19 16:03:52.576 +0200
4627,290,2024-09-23 03:45:00.000 +0300,35,10.7,17,medium,0,2026-01-19 16:03:52.576 +0200
4628,290,2024-09-23 03:50:00.000 +0300,33,10.5,16,medium,0,2026-01-19 16:03:52.576 +0200
4629,290,2024-09-23 03:55:00.000 +0300,34,10.6,17,medium,0,2026-01-19 16:03:52.576 +0200
4630,290,2024-09-23 04:00:00.000 +0300,32,10.4,16,medium,0,2026-01-19 16:03:52.576 +0200
4631,290,2024-09-23 04:05:00.000 +0300,33,10.5,16,medium,0,2026-01-19 16:03:52.576 +0200
4632,290,2024-09-23 04:10:00.000 +0300,31,10.3,15,medium,0,2026-01-19 16:03:52.576 +0200
4633,290,2024-09-23 04:15:00.000 +0300,32,10.4,15,medium,0,2026-01-19 16:03:52.576 +0200
4634,290,2024-09-23 04:30:00.000 +0300,34,10.6,18,medium,0,2026-01-19 16:03:52.576 +0200
4635,290,2024-09-23 04:35:00.000 +0300,36,10.8,19,medium,0,2026-01-19 16:03:52.576 +0200
4636,290,2024-09-23 04:40:00.000 +0300,35,10.7,19,medium,0,2026-01-19 16:03:52.576 +0200
4637,290,2024-09-23 04:45:00.000 +0300,37,10.9,20,medium,0,2026-01-19 16:03:52.576 +0200
4638,290,2024-09-23 04:50:00.000 +0300,39,11.1,21,medium,0,2026-01-19 16:03:52.576 +0200
4639,290,2024-09-23 04:55:00.000 +0300,38,11.0,21,medium,0,2026-01-19 16:03:52.576 +0200
4640,290,2024-09-23 05:00:00.000 +0300,40,11.2,22,medium,0,2026-01-19 16:03:52.576 +0200
4641,291,2024-09-23 05:05:00.000 +0300,42,11.4,23,medium,0,2026-01-19 16:03:52.576 +0200
4642,291,2024-09-23 05:10:00.000 +0300,41,11.3,23,medium,0,2026-01-19 16:03:52.576 +0200
4643,291,2024-09-23 05:15:00.000 +0300,43,11.5,24,medium,0,2026-01-19 16:03:52.576 +0200
4644,291,2024-09-23 04:30:00.000 +0300,32,10.4,17,medium,0,2026-01-19 16:03:52.576 +0200
4645,291,2024-09-23 04:35:00.000 +0300,34,10.6,18,medium,0,2026-01-19 16:03:52.576 +0200
4646,291,2024-09-23 04:40:00.000 +0300,33,10.5,18,medium,0,2026-01-19 16:03:52.576 +0200
4647,291,2024-09-23 04:45:00.000 +0300,35,10.7,19,medium,0,2026-01-19 16:03:52.576 +0200
4648,291,2024-09-23 04:50:00.000 +0300,37,10.9,20,medium,0,2026-01-19 16:03:52.576 +0200
4649,291,2024-09-23 04:55:00.000 +0300,36,10.8,20,medium,0,2026-01-19 16:03:52.576 +0200
4650,291,2024-09-23 05:00:00.000 +0300,38,11.0,21,medium,0,2026-01-19 16:03:52.576 +0200
4651,291,2024-09-23 05:05:00.000 +0300,40,11.2,22,medium,0,2026-01-19 16:03:52.576 +0200
4652,291,2024-09-23 05:10:00.000 +0300,39,11.1,22,medium,0,2026-01-19 16:03:52.576 +0200
4653,291,2024-09-23 05:15:00.000 +0300,41,11.3,23,medium,0,2026-01-19 16:03:52.576 +0200
4654,291,2024-09-23 04:30:00.000 +0300,30,10.2,16,medium,0,2026-01-19 16:03:52.576 +0200
4655,291,2024-09-23 04:35:00.000 +0300,32,10.4,17,medium,0,2026-01-19 16:03:52.576 +0200
4656,291,2024-09-23 04:40:00.000 +0300,31,10.3,17,medium,0,2026-01-19 16:03:52.576 +0200
4657,292,2024-09-23 04:45:00.000 +0300,33,10.5,18,medium,0,2026-01-19 16:03:52.576 +0200
4658,292,2024-09-23 04:50:00.000 +0300,35,10.7,19,medium,0,2026-01-19 16:03:52.576 +0200
4659,292,2024-09-23 04:55:00.000 +0300,34,10.6,19,medium,0,2026-01-19 16:03:52.576 +0200
4660,292,2024-09-23 05:00:00.000 +0300,36,10.8,20,medium,0,2026-01-19 16:03:52.576 +0200
4661,292,2024-09-23 05:05:00.000 +0300,38,11.0,21,medium,0,2026-01-19 16:03:52.576 +0200
4662,292,2024-09-23 05:10:00.000 +0300,37,10.9,21,medium,0,2026-01-19 16:03:52.576 +0200
4663,292,2024-09-23 05:15:00.000 +0300,39,11.1,22,medium,0,2026-01-19 16:03:52.576 +0200
4664,292,2024-09-23 04:30:00.000 +0300,36,10.8,19,medium,0,2026-01-19 16:03:52.576 +0200
4665,292,2024-09-23 04:35:00.000 +0300,38,11.0,20,medium,0,2026-01-19 16:03:52.576 +0200
4666,292,2024-09-23 04:40:00.000 +0300,37,10.9,20,medium,0,2026-01-19 16:03:52.576 +0200
4667,292,2024-09-23 04:45:00.000 +0300,39,11.1,21,medium,0,2026-01-19 16:03:52.576 +0200
4668,292,2024-09-23 04:50:00.000 +0300,41,11.3,22,medium,0,2026-01-19 16:03:52.576 +0200
4669,292,2024-09-23 04:55:00.000 +0300,40,11.2,22,medium,0,2026-01-19 16:03:52.576 +0200
4670,292,2024-09-23 05:00:00.000 +0300,42,11.4,23,medium,0,2026-01-19 16:03:52.576 +0200
4671,292,2024-09-23 05:05:00.000 +0300,44,11.6,24,medium,0,2026-01-19 16:03:52.576 +0200
4672,292,2024-09-23 05:10:00.000 +0300,43,11.5,24,medium,0,2026-01-19 16:03:52.576 +0200
4673,293,2024-09-23 05:15:00.000 +0300,45,11.7,25,medium,0,2026-01-19 16:03:52.576 +0200
4674,293,2024-09-23 04:30:00.000 +0300,38,11.0,20,medium,0,2026-01-19 16:03:52.576 +0200
4675,293,2024-09-23 04:35:00.000 +0300,40,11.2,21,medium,0,2026-01-19 16:03:52.576 +0200
4676,293,2024-09-23 04:40:00.000 +0300,39,11.1,21,medium,0,2026-01-19 16:03:52.576 +0200
4677,293,2024-09-23 04:45:00.000 +0300,41,11.3,22,medium,0,2026-01-19 16:03:52.576 +0200
4678,293,2024-09-23 04:50:00.000 +0300,43,11.5,23,medium,0,2026-01-19 16:03:52.576 +0200
4679,293,2024-09-23 04:55:00.000 +0300,42,11.4,23,medium,0,2026-01-19 16:03:52.576 +0200
4680,293,2024-09-23 05:00:00.000 +0300,44,11.6,24,medium,0,2026-01-19 16:03:52.576 +0200
4681,293,2024-09-23 05:05:00.000 +0300,46,11.8,25,medium,0,2026-01-19 16:03:52.576 +0200
4682,293,2024-09-23 05:10:00.000 +0300,45,11.7,25,medium,0,2026-01-19 16:03:52.576 +0200
4683,293,2024-09-23 05:15:00.000 +0300,47,11.9,26,medium,0,2026-01-19 16:03:52.576 +0200
